track_name,track_artist,track_popularity,playlist_genre,energy,danceability,valence,acousticness,loudness,tempo,popularity_tier
Die With A Smile,"Lady Gaga, Bruno Mars",100,pop,0.592,0.521,0.535,0.308,-7.777,157.969,high
BIRDS OF A FEATHER,Billie Eilish,97,pop,0.507,0.747,0.438,0.2,-10.171,104.978,high
That’s So True,Gracie Abrams,93,pop,0.808,0.554,0.372,0.214,-4.169,108.548,high
Taste,Sabrina Carpenter,81,pop,0.91,0.67,0.786,0.0939,-4.07,112.966,high
APT.,"ROSÉ, Bruno Mars",98,pop,0.783,0.777,0.939,0.0283,-4.477,149.027,high
"Good Luck, Babe!",Chappell Roan,94,pop,0.582,0.7,0.785,0.0502,-5.96,116.712,high
Diet Pepsi,Addison Rae,88,pop,0.561,0.669,0.841,0.495,-6.538,150.069,high
WILDFLOWER,Billie Eilish,93,pop,0.247,0.467,0.126,0.612,-12.002,148.101,high
Sailor Song,Gigi Perez,71,pop,0.416,0.492,0.297,0.686,-10.439,94.926,high
Timeless (with Playboi Carti),"The Weeknd, Playboi Carti",92,pop,0.722,0.769,0.57,0.0584,-5.485,119.973,high
Guess featuring billie eilish,"Charli xcx, Billie Eilish",85,pop,0.667,0.776,0.618,0.0146,-6.622,130.019,high
Please Please Please,Sabrina Carpenter,88,pop,0.586,0.669,0.579,0.274,-6.073,107.071,high
2 hands,Tate McRae,79,pop,0.806,0.608,0.587,0.121,-3.443,104.032,high
A Bar Song (Tipsy),Shaboozey,86,pop,0.709,0.722,0.604,0.0633,-4.95,81.012,high
HOT TO GO!,Chappell Roan,88,pop,0.757,0.742,0.957,0.0187,-4.981,139.982,high
Disease,Lady Gaga,86,pop,0.917,0.562,0.501,0.0513,-2.768,100.987,high
Moonlit Floor (Kiss Me),LISA,82,pop,0.787,0.734,0.672,0.126,-3.951,109.939,high
Love Somebody,Morgan Wallen,86,pop,0.843,0.619,0.746,0.00948,-5.348,122.064,high
"I Love You, I'm Sorry",Gracie Abrams,90,pop,0.406,0.53,0.338,0.656,-7.507,115.94,high
Move,"Adam Port, Stryv, Keinemusik, Orso, Malachiii",86,pop,0.782,0.727,0.655,0.0563,-8.529,119.992,high
"Sticky (feat. GloRilla, Sexyy Red & Lil Wayne)","Tyler, The Creator, GloRilla, Sexyy Red, Lil Wayne",88,pop,0.812,0.505,0.664,0.285,-3.986,80.09,high
Espresso,Sabrina Carpenter,90,pop,0.76,0.701,0.69,0.107,-5.478,103.969,high
Mantra,JENNIE,89,pop,0.725,0.894,0.838,0.00434,-4.984,116.988,high
Qué Pasaría...,"Rauw Alejandro, Bad Bunny",82,pop,0.563,0.833,0.343,0.528,-5.593,105.008,high
NEW DROP,Don Toliver,85,pop,0.628,0.757,0.321,0.189,-6.715,119.98,high
I Had Some Help (Feat. Morgan Wallen),"Post Malone, Morgan Wallen",84,pop,0.855,0.638,0.731,0.00757,-4.86,127.986,high
Too Sweet,Hozier,77,pop,0.62,0.741,0.934,0.0295,-5.505,117.038,high
No One Noticed,The Marías,84,pop,0.339,0.705,0.457,0.552,-10.612,97.989,high
Tu Boda,"Oscar Maydon, Fuerza Regida",93,pop,0.651,0.694,0.471,0.496,-6.968,112.648,high
Stargazing,Myles Smith,88,pop,0.601,0.635,0.332,0.246,-6.129,123.994,high
WHATCHU KNO ABOUT ME (with Sexyy Red),"GloRilla, Sexyy Red",70,pop,0.691,0.836,0.703,0.00586,-4.222,167.029,high
we can't be friends (wait for your love),Ariana Grande,81,pop,0.646,0.645,0.295,0.0615,-8.334,115.842,high
Beautiful Things,Benson Boone,85,pop,0.471,0.472,0.219,0.151,-5.692,105.029,high
DEGENERE 👑 (feat. benny blanco),"Myke Towers, benny blanco",84,pop,0.709,0.744,0.712,0.0501,-5.778,194.055,high
Touch,KATSEYE,85,pop,0.904,0.739,0.788,0.549,-2.655,167.033,high
Lose Control,Teddy Swims,89,pop,0.604,0.561,0.242,0.199,-4.409,159.92,high
Belong Together,Mark Ambor,82,pop,0.668,0.646,0.64,0.491,-5.203,90.969,high
Si Antes Te Hubiera Conocido,KAROL G,93,pop,0.668,0.924,0.787,0.446,-6.795,128.027,high
End of Beginning,Djo,89,pop,0.454,0.689,0.912,0.0351,-7.643,159.982,high
Fortnight (feat. Post Malone),"Taylor Swift, Post Malone",84,pop,0.386,0.504,0.281,0.502,-10.976,192.004,high
Q U E V A S H A C E R H O Y ?,"Omar Courtz, De La Rose",89,pop,0.681,0.56,0.388,0.103,-6.304,155.079,high
Not Like Us,Kendrick Lamar,88,pop,0.472,0.898,0.214,0.0107,-7.001,101.061,high
Running Wild,Jin,85,pop,0.711,0.487,0.317,0.000175,-4.22,146.921,high
57,"KAROL G, Feid, DFZM, Ovy On The Drums, J Balvin, Maluma, Ryan Castro, Blessd",84,pop,0.712,0.848,0.692,0.221,-3.574,91.98,high
Embrace It,Ndotz,87,pop,0.645,0.882,0.788,0.475,-7.233,114.933,high
The Emptiness Machine,Linkin Park,89,pop,0.872,0.466,0.806,0.0156,-3.344,184.115,high
Who,Jimin,92,pop,0.756,0.66,0.838,0.00289,-3.743,116.034,high
Hotel California - 2013 Remaster,Eagles,81,rock,0.508,0.579,0.609,0.00574,-9.484,147.125,high
Thunderstruck,AC/DC,83,rock,0.89,0.502,0.259,0.000147,-5.175,133.52,high
Seven Nation Army,The White Stripes,82,rock,0.446,0.743,0.278,0.0039,-7.807,123.596,high
Creep,Radiohead,86,rock,0.43,0.515,0.104,0.0097,-9.935,91.844,high
Come As You Are,Nirvana,76,rock,0.824,0.5,0.539,0.00016,-5.846,120.125,high
Californication,Red Hot Chili Peppers,81,rock,0.767,0.592,0.328,0.0021,-2.788,96.483,high
Sweet Child O' Mine,Guns N' Roses,84,rock,0.952,0.445,0.624,0.09,-5.321,125.304,high
"Paint It, Black",The Rolling Stones,81,rock,0.795,0.464,0.612,0.0493,-9.267,158.691,high
Dreams - 2004 Remaster,Fleetwood Mac,84,rock,0.492,0.828,0.789,0.0644,-9.744,120.151,high
Everlong,Foo Fighters,81,rock,0.881,0.413,0.364,5.99e-05,-5.541,158.066,high
I Love Rock 'N Roll,Joan Jett & the Blackhearts,77,rock,0.716,0.535,0.901,0.326,-5.025,94.379,high
Dust in the Wind,Kansas,79,rock,0.322,0.475,0.387,0.367,-10.687,93.503,high
"Another Brick in the Wall, Pt. 2",Pink Floyd,74,rock,0.394,0.693,0.721,0.0782,-15.882,104.114,high
Runaway,Bon Jovi,72,rock,0.899,0.475,0.603,0.00375,-4.321,152.445,high
Basket Case,Green Day,80,rock,0.943,0.442,0.781,0.00293,-3.205,85.064,high
Under the Bridge,Red Hot Chili Peppers,82,rock,0.345,0.559,0.458,0.0576,-13.496,84.581,high
White Wedding - Pt. 1,Billy Idol,70,rock,0.814,0.673,0.728,0.0134,-5.411,147.193,high
You Shook Me All Night Long,AC/DC,81,rock,0.767,0.532,0.755,0.00287,-5.509,127.361,high
(I Can't Get No) Satisfaction - Mono Version,The Rolling Stones,76,rock,0.863,0.723,0.931,0.0383,-7.89,136.302,high
Starman - 2012 Remaster,David Bowie,76,rock,0.449,0.486,0.549,0.166,-10.298,100.456,high
Whole Lotta Love - 1990 Remaster,Led Zeppelin,72,rock,0.902,0.412,0.422,0.0484,-11.6,89.74,high
Riders on the Storm,The Doors,70,rock,0.722,0.55,0.716,0.25,-11.729,103.886,high
Even Flow,Pearl Jam,77,rock,0.944,0.394,0.265,0.00178,-6.506,105.338,high
Born in the U.S.A.,Bruce Springsteen,72,rock,0.952,0.398,0.584,0.000373,-6.042,122.093,high
Bitter Sweet Symphony - Remastered 2016,The Verve,79,rock,0.917,0.356,0.518,0.0335,-6.006,171.176,high
Don't Cry (Original),Guns N' Roses,75,rock,0.589,0.455,0.254,0.00184,-8.64,124.634,high
All Along the Watchtower,Jimi Hendrix,72,rock,0.805,0.438,0.564,0.00255,-6.237,113.253,high
In The Air Tonight - 2015 Remastered,Phil Collins,76,rock,0.239,0.446,0.298,0.551,-13.945,189.507,high
Psycho Killer - 2005 Remaster,Talking Heads,76,rock,0.521,0.721,0.942,0.0708,-8.123,123.118,high
Are You Gonna Go My Way,Lenny Kravitz,71,rock,0.67,0.619,0.777,0.00165,-10.322,129.269,high
Master of Puppets (Remastered),Metallica,70,rock,0.828,0.539,0.562,0.00067,-9.108,105.25,high
Everywhere - 2017 Remaster,Fleetwood Mac,79,rock,0.487,0.73,0.731,0.258,-10.991,114.965,high
Have You Ever Seen The Rain,Creedence Clearwater Revival,84,rock,0.697,0.741,0.774,0.0664,-7.028,116.109,high
Just What I Needed,The Cars,69,rock,0.579,0.62,0.691,0.0152,-9.307,127.215,high
Smells Like Teen Spirit,Nirvana,76,rock,0.912,0.502,0.72,2.55e-05,-4.556,116.761,high
Killing In The Name,Rage Against The Machine,78,rock,0.833,0.466,0.661,0.0266,-4.215,88.785,high
Come Together - Remastered 2009,The Beatles,75,rock,0.376,0.53,0.188,0.0304,-11.913,164.775,high
Carry on Wayward Son,Kansas,73,rock,0.786,0.482,0.793,0.00321,-5.735,126.755,high
Song 2 - 2012 Remaster,Blur,78,rock,0.789,0.674,0.918,0.00178,-6.903,129.802,high
Where Is My Mind? - 2007 Remaster,Pixies,76,rock,0.441,0.519,0.25,0.0204,-14.178,81.334,high
Should I Stay or Should I Go - Remastered,The Clash,80,rock,0.836,0.743,0.82,0.0804,-6.465,113.375,high
Another One Bites The Dust - Remastered 2011,Queen,71,rock,0.528,0.932,0.757,0.115,-6.472,109.975,high
Uprising,Muse,75,rock,0.905,0.602,0.411,0.000202,-4.046,128.019,high
For What It's Worth,Buffalo Springfield,76,rock,0.519,0.653,0.822,0.406,-10.164,98.883,high
You Really Got Me - 2015 Remaster,Van Halen,68,rock,0.946,0.454,0.647,0.0223,-5.978,138.18,high
Black Hole Sun,Soundgarden,76,rock,0.828,0.35,0.147,0.000217,-5.373,105.435,high
Black Magic Woman - Single Version,Santana,70,rock,0.349,0.489,0.622,0.676,-14.295,124.348,high
Fly Away,Lenny Kravitz,73,rock,0.872,0.587,0.735,0.018,-5.066,159.925,high
Message In A Bottle,The Police,75,rock,0.808,0.577,0.869,0.0338,-7.04,151.008,high
Heroes - 2017 Remaster,David Bowie,72,rock,0.758,0.489,0.435,0.000678,-6.491,112.113,high
Immigrant Song - Remaster,Led Zeppelin,75,rock,0.932,0.564,0.619,0.013,-10.068,112.937,high
Mr. Blue Sky,Electric Light Orchestra,76,rock,0.338,0.388,0.478,0.652,-10.054,177.765,high
Back In Black,AC/DC,83,rock,0.7,0.31,0.763,0.011,-5.678,188.386,high
Barracuda,Heart,74,rock,0.691,0.548,0.667,0.015,-13.553,137.145,high
"Rocket Man (I Think It's Going To Be A Long, Long Time)",Elton John,79,rock,0.532,0.601,0.342,0.433,-9.119,136.576,high
Heart-Shaped Box,Nirvana,79,rock,0.641,0.256,0.382,0.199,-10.283,203.006,high
Life in the Fast Lane - 2013 Remaster,Eagles,68,rock,0.755,0.667,0.883,0.0966,-7.246,109.535,high
Africa,TOTO,83,rock,0.373,0.671,0.732,0.257,-18.064,92.718,high
(Don't Fear) The Reaper,Blue Öyster Cult,75,rock,0.927,0.333,0.385,0.0029,-8.55,141.466,high
1979 - Remastered 2012,The Smashing Pumpkins,77,rock,0.787,0.767,0.964,0.0163,-9.897,126.879,high
Comfortably Numb,Pink Floyd,71,rock,0.366,0.472,0.171,0.15,-12.595,127.163,high
Black Dog - Remaster,Led Zeppelin,69,rock,0.864,0.437,0.749,0.396,-7.842,81.394,high
No One Knows,Queens of the Stone Age,69,rock,0.584,0.509,0.685,0.0368,-4.907,170.411,high
Long Train Runnin',The Doobie Brothers,69,rock,0.912,0.575,0.843,0.0916,-7.275,117.399,high
Loser,Beck,69,rock,0.611,0.654,0.786,0.0337,-10.45,85.387,high
American Pie,Don McLean,74,rock,0.482,0.529,0.492,0.7,-11.709,138.453,high
Roxanne,The Police,77,rock,0.748,0.618,0.663,0.0384,-8.905,134.114,high
My Sharona,The Knack,69,rock,0.7,0.586,0.897,0.0589,-9.558,147.245,high
Walk On the Wild Side,Lou Reed,74,rock,0.318,0.575,0.385,0.683,-16.729,104.522,high
The Boys Are Back In Town,Thin Lizzy,70,rock,0.706,0.445,0.768,0.234,-9.803,80.823,high
Highway to Hell,AC/DC,84,rock,0.913,0.574,0.423,0.061,-4.793,115.728,high
Vienna,Billy Joel,79,rock,0.495,0.532,0.308,0.659,-6.662,124.936,high
Alive,Pearl Jam,73,rock,0.875,0.284,0.595,0.00752,-6.069,75.009,high
The Best,Tina Turner,69,rock,0.737,0.662,0.744,0.108,-9.54,103.867,high
Give It Away,Red Hot Chili Peppers,72,rock,0.936,0.666,0.776,0.00244,-9.919,91.577,high
Good Riddance (Time of Your Life),Green Day,79,rock,0.432,0.475,0.648,0.183,-7.844,94.605,high
The Boys Of Summer,Don Henley,73,rock,0.549,0.516,0.907,0.501,-13.741,176.941,high
Break on Through (To the Other Side),The Doors,72,rock,0.751,0.421,0.789,0.2,-9.584,89.839,high
Sabotage,Beastie Boys,71,rock,0.938,0.324,0.543,0.032,-7.332,168.131,high
Pour Some Sugar On Me - Remastered 2017,Def Leppard,72,rock,0.953,0.267,0.568,0.00211,-4.899,84.989,high
Learn to Fly,Foo Fighters,73,rock,0.919,0.465,0.537,1.83e-05,-4.025,135.997,high
Hit Me With Your Best Shot,Pat Benatar,70,rock,0.58,0.741,0.944,0.117,-9.05,127.402,high
Bullet With Butterfly Wings - Remastered 2012,The Smashing Pumpkins,73,rock,0.72,0.404,0.475,5.59e-05,-9.18,121.864,high
Interstate Love Song - 2019 Remaster,Stone Temple Pilots,72,rock,0.927,0.215,0.49,0.000273,-7.327,170.814,high
London Calling - Remastered,The Clash,70,rock,0.801,0.651,0.776,0.123,-7.34,133.769,high
Wish You Were Here,Pink Floyd,75,rock,0.262,0.481,0.375,0.735,-15.73,122.861,high
Free Fallin',Tom Petty,75,rock,0.449,0.623,0.573,0.212,-13.333,84.383,high
No Rain,Blind Melon,73,rock,0.476,0.389,0.566,0.619,-9.342,148.117,high
Panama - 2015 Remaster,Van Halen,72,rock,0.978,0.526,0.451,0.00122,-5.436,141.167,high
Would? (2022 Remaster),Alice In Chains,72,rock,0.842,0.297,0.586,0.000286,-7.457,100.127,high
Born to Run,Bruce Springsteen,70,rock,0.944,0.27,0.606,0.00501,-4.199,146.347,high
Unforgettable,Nat King Cole,69,jazz,0.182,0.349,0.178,0.92,-13.507,136.094,high
"Tchaikovsky: Swan Lake, Op. 20, Act 2: No. 10, Scene. Moderato","Pyotr Ilyich Tchaikovsky, André Previn, London Symphony Orchestra",68,classical,0.164,0.136,0.071,0.911,-18.756,58.303,high
"Sonata No. 14 ""Moonlight"" in C-Sharp Minor"", Op. 27 No. 2: I. Adagio sostenuto","Ludwig van Beethoven, Paul Lewis",68,classical,0.00527,0.184,0.151,0.995,-37.264,170.612,high
Experience,"Ludovico Einaudi, Daniel Hope, I Virtuosi Italiani",75,classical,0.449,0.447,0.036,0.934,-10.634,92.468,high
HIM ALL ALONG,Gunna,76,hip-hop,0.507,0.872,0.506,0.195,-6.323,130.007,high
Leave Me Alone,BigXthaPlug,71,hip-hop,0.802,0.835,0.374,0.0311,-4.286,128.085,high
PLUTOSKI,Future,73,hip-hop,0.533,0.794,0.15,0.14,-8.206,120.011,high
WHATCHU KNO ABOUT ME (feat. Sexyy Red),"GloRilla, Sexyy Red",78,hip-hop,0.684,0.832,0.68,0.00449,-4.691,166.976,high
Insecurities,Lil Baby,70,hip-hop,0.642,0.65,0.186,0.00502,-5.332,111.907,high
Gang Baby,NLE Choppa,72,hip-hop,0.699,0.92,0.484,0.00768,-6.635,129.054,high
Help Me,Real Boston Richey,73,hip-hop,0.709,0.749,0.564,0.155,-6.385,78.53,high
No Face,Drake,78,hip-hop,0.69,0.853,0.471,0.0771,-5.858,125.951,high
LIL DEMON,Future,77,hip-hop,0.754,0.863,0.301,0.00125,-5.851,131.001,high
2 Slippery (feat. BossMan Dlow),"Luh Tyler, BossMan Dlow",69,hip-hop,0.4,0.608,0.089,0.029,-9.519,106.682,high
Sorry Not Sorry,"Lil Yachty, Veeze",70,hip-hop,0.509,0.662,0.549,0.247,-9.159,157.94,high
ALL RED,Playboi Carti,81,hip-hop,0.663,0.76,0.209,0.109,-4.763,143.082,high
I CAN’T LET GO,"Lil Tecca, Don Toliver",73,hip-hop,0.761,0.649,0.313,0.00694,-4.204,147.216,high
Chill Bae,Lil Uzi Vert,76,hip-hop,0.663,0.672,0.381,0.112,-5.984,184.057,high
2AM,BigXthaPlug,69,hip-hop,0.681,0.884,0.324,0.0439,-5.839,114.991,high
It's Up (feat. Young Thug & 21 Savage),"Drake, Young Thug, 21 Savage",76,hip-hop,0.723,0.783,0.294,0.0264,-4.881,139.942,high
The Viper,BabyChiefDoit,68,hip-hop,0.831,0.652,0.648,0.0111,-5.972,139.905,high
Brokey,Latto,70,hip-hop,0.525,0.776,0.467,0.0366,-6.723,75.013,high
25,Rod Wave,76,hip-hop,0.5,0.427,0.269,0.286,-8.269,63.925,high
Or What,"NLE Choppa, 41, Kyle Richh",77,hip-hop,0.586,0.731,0.147,0.116,-7.564,125.845,high
Type Shit,"Future, Metro Boomin, Travis Scott, Playboi Carti",84,hip-hop,0.552,0.64,0.112,0.0215,-5.679,144.941,high
Thought I Was Dead (feat. ScHoolboy Q & Santigold),"Tyler, The Creator, ScHoolboy Q, Santigold",85,hip-hop,0.859,0.77,0.64,0.362,-3.382,129.77,high
FIELD TRIP,"¥$, Playboi Carti, Don Toliver, Kodak Black",72,hip-hop,0.685,0.731,0.458,0.054,-4.707,121.991,high
TEFLON DON,Future,74,hip-hop,0.578,0.916,0.192,0.00349,-6.275,124.005,high
Circadian Rhythm,Drake,79,hip-hop,0.574,0.694,0.286,0.193,-6.144,146.007,high
The Largest,BigXthaPlug,68,hip-hop,0.867,0.902,0.799,0.0678,-3.108,131.041,high
Light Year (Practice),Lil Uzi Vert,73,hip-hop,0.692,0.637,0.427,0.0153,-7.231,140.203,high
Blow for Blow (feat. J. Cole),"Tee Grizzley, J. Cole",69,hip-hop,0.478,0.675,0.39,0.0731,-10.201,104.563,high
Rah Tah Tah,"Tyler, The Creator",87,hip-hop,0.878,0.661,0.514,0.00289,-4.099,82.557,high
Both Ways,Juice WRLD,73,hip-hop,0.396,0.726,0.413,0.269,-9.121,78.022,high
NISSAN ALTIMA,Doechii,72,hip-hop,0.711,0.974,0.328,0.0988,-5.206,117.038,high
Tailor Swif,A$AP Rocky,74,hip-hop,0.527,0.824,0.212,0.149,-5.506,77.499,high
GEEK TIMË,Yeat,72,hip-hop,0.752,0.638,0.242,0.0066,-6.227,158.042,high
Many Men (Wish Death),50 Cent,71,hip-hop,0.826,0.654,0.417,0.0153,-2.93,108.52,high
BAND4BAND (feat. Lil Baby),"Central Cee, Lil Baby",81,hip-hop,0.764,0.882,0.886,0.359,-5.241,140.113,high
"Bent (with Kyle Richh, Jenn Carter & TaTa)","41, Kyle Richh, Jenn Carter, TaTa",68,hip-hop,0.632,0.848,0.253,0.398,-7.381,123.987,high
Dior,Pop Smoke,76,hip-hop,0.805,0.548,0.649,0.212,-5.732,142.096,high
SAY MY GRACE (feat. Travis Scott),"Offset, Travis Scott",70,hip-hop,0.631,0.772,0.433,0.0648,-5.082,121.854,high
6locc 6a6y,Lil Loaded,69,hip-hop,0.702,0.871,0.675,0.296,-8.025,125.089,high
All My Life (feat. J. Cole),"Lil Durk, J. Cole",69,hip-hop,0.57,0.787,0.733,0.0449,-5.881,142.974,high
Superhero (Heroes & Villains) [with Future & Chris Brown],"Metro Boomin, Future, Chris Brown",79,hip-hop,0.583,0.709,0.533,0.138,-5.298,116.624,high
Took Her To The O,King Von,78,hip-hop,0.592,0.82,0.4,0.0149,-7.002,159.98,high
Loading,Central Cee,70,hip-hop,0.68,0.85,0.694,0.732,-6.18,144.006,high
née-nah,"21 Savage, Travis Scott, Metro Boomin",73,hip-hop,0.758,0.681,0.331,0.00465,-6.524,165.409,high
Love Sosa,Chief Keef,77,hip-hop,0.413,0.772,0.211,0.0361,-8.194,131.964,high
Drankin N Smokin,"Future, Lil Uzi Vert",70,hip-hop,0.658,0.752,0.387,0.0421,-6.297,151.951,high
Invincible,Pop Smoke,71,hip-hop,0.732,0.548,0.612,0.125,-5.652,142.791,high
GATTI,"JACKBOYS, Pop Smoke, Travis Scott",69,hip-hop,0.676,0.594,0.472,0.135,-5.808,143.477,high
The Woo (feat. 50 Cent & Roddy Ricch),"Pop Smoke, 50 Cent, Roddy Ricch",68,hip-hop,0.618,0.49,0.286,0.0221,-5.655,99.7,high
Neva Cared,Polo G,68,hip-hop,0.35,0.822,0.346,0.0213,-12.207,77.528,high
Mr. Glock,Key Glock,70,hip-hop,0.946,0.804,0.745,0.002,-5.949,150.141,high
Runnin,"21 Savage, Metro Boomin",78,hip-hop,0.626,0.819,0.415,0.00748,-4.574,143.01,high
Armed & Dangerous,King Von,72,hip-hop,0.592,0.696,0.232,0.152,-6.281,188.051,high
Coffin,Lil Yachty,70,hip-hop,0.547,0.92,0.606,0.0241,-4.98,138.05,high
Ready (feat. Gunna),"Lil Baby, Gunna",69,hip-hop,0.395,0.793,0.128,0.277,-5.578,76.984,high
Russian Cream,Key Glock,69,hip-hop,0.774,0.867,0.549,0.11,-5.791,130.007,high
Wants and Needs (feat. Lil Baby),"Drake, Lil Baby",73,hip-hop,0.449,0.578,0.1,0.0618,-6.349,136.006,high
Jimmy Cooks (feat. 21 Savage),"Drake, 21 Savage",80,hip-hop,0.673,0.529,0.366,0.000307,-4.711,165.921,high
"Crazy Story, Pt. 3",King Von,75,hip-hop,0.73,0.729,0.41,0.00165,-5.14,156.953,high
Pure Cocaine,Lil Baby,77,hip-hop,0.487,0.964,0.108,0.00127,-6.071,127.05,high
Ambition For Cash,Key Glock,73,hip-hop,0.732,0.841,0.576,0.0115,-5.186,149.012,high
family ties (with Kendrick Lamar),"Baby Keem, Kendrick Lamar",79,hip-hop,0.611,0.711,0.144,0.00588,-5.453,134.093,high
Glock In My Lap,"21 Savage, Metro Boomin",80,hip-hop,0.733,0.847,0.202,0.00574,-6.439,130.029,high
3 Headed Goat (feat. Lil Baby & Polo G),"Lil Durk, Lil Baby, Polo G",68,hip-hop,0.48,0.846,0.419,0.269,-8.618,143.029,high
Run It Up (feat. Offset & Moneybagg Yo),"Lil Tjay, Offset, Moneybagg Yo",71,hip-hop,0.575,0.88,0.671,0.415,-6.091,120.031,high
EVERY CHANCE I GET (feat. Lil Baby & Lil Durk),"DJ Khaled, Lil Baby, Lil Durk",70,hip-hop,0.727,0.477,0.227,0.000866,-4.053,150.062,high
Sticky,Drake,68,hip-hop,0.495,0.853,0.0774,0.0917,-14.63,137.027,high
Mask Off,Future,81,hip-hop,0.434,0.833,0.281,0.0102,-8.795,150.062,high
On Me,Lil Baby,70,hip-hop,0.564,0.856,0.483,0.00327,-6.295,77.972,high
N95,Kendrick Lamar,75,hip-hop,0.67,0.79,0.408,0.377,-5.527,139.956,high
Rich Nigga Shit (feat. Young Thug),"21 Savage, Metro Boomin, Young Thug",75,hip-hop,0.733,0.825,0.62,0.349,-5.625,97.974,high
Surround Sound (feat. 21 Savage & Baby Tate),"JID, 21 Savage, Baby Tate",78,hip-hop,0.567,0.574,0.526,0.164,-7.126,75.965,high
Imagina esse Cenário,"Matuê, Veigh",75,hip-hop,0.665,0.583,0.463,0.314,-3.885,94.329,high
Yes Indeed,"Lil Baby, Drake",75,hip-hop,0.346,0.963,0.562,0.0355,-9.309,119.957,high
Wake Up & Bake Up,"Duki, Wiz Khalifa, Arcángel",72,hip-hop,0.577,0.797,0.17,0.0174,-5.617,148.107,high
M4,"Teto, Matuê",68,hip-hop,0.59,0.88,0.723,0.08,-4.709,119.97,high
Diablita (feat. Anuel AA & Baby Rasta),"Trap Capos, Noriel, Anuel AA, Baby Rasta",70,hip-hop,0.631,0.807,0.126,0.407,-4.883,129.902,high
Tessera sanitaria (feat. Nerissima Serpe & Papa V),"Night Skinny, Nerissima Serpe, Papa V",69,hip-hop,0.822,0.513,0.768,0.14,-4.51,165.946,high
Bad and Boujee (feat. Lil Uzi Vert),"Migos, Lil Uzi Vert",70,hip-hop,0.666,0.926,0.168,0.0611,-5.314,127.079,high
That Go! (feat. T-Shyne),"Young Stoner Life, Young Thug, Meek Mill, T-Shyne",72,hip-hop,0.575,0.713,0.189,0.00669,-6.706,145.95,high
Me Acostumbre (feat. Bad Bunny),"Arcángel, Bad Bunny",68,hip-hop,0.586,0.808,0.568,0.641,-7.242,124.041,high
Like That,"Future, Metro Boomin, Kendrick Lamar",83,hip-hop,0.676,0.814,0.312,0.00709,-4.67,162.012,high
Castlevania,Matuê,70,hip-hop,0.928,0.616,0.23,0.0168,-2.34,109.966,high
We Paid (feat. 42 Dugg),"Lil Baby, 42 Dugg",70,hip-hop,0.542,0.926,0.564,0.135,-5.064,135.14,high
Brindis,"Duki, Headie One",73,hip-hop,0.637,0.851,0.616,0.225,-6.149,135.055,high
Pa Ti,"Bad Bunny, Bryant Myers",72,hip-hop,0.718,0.76,0.557,0.348,-3.017,128.14,high
Amigos y Enemigos (feat. Bad Bunny & Almighty) - Remix,"Trap Capos, Noriel, Bad Bunny, Almighty",70,hip-hop,0.748,0.752,0.497,0.289,-3.755,115.01,high
Tu Me Enamoraste - Remix,"Lary Over, Anuel, Bryant Myers, Almighty, Brytiago",69,hip-hop,0.536,0.689,0.349,0.25,-8.861,119.967,high
Nena Maldición (feat. Lenny Tavárez),"Paulo Londra, Lenny Tavárez",73,hip-hop,0.531,0.566,0.367,0.192,-6.635,118.96,high
PUFFIN ON ZOOTIEZ,Future,77,hip-hop,0.657,0.883,0.284,0.0603,-5.748,124.992,high
1993,Matuê,73,hip-hop,0.88,0.753,0.582,0.455,-3.165,92.055,high
Going Bad (feat. Drake),"Meek Mill, Drake",74,hip-hop,0.496,0.889,0.544,0.259,-6.365,86.003,high
Un Día Más,"Duki, YSY A",71,hip-hop,0.708,0.712,0.634,0.404,-5.715,96.914,high
De las 2 (feat. Bad Bunny & Arcángel),"Trap Capos, Noriel, Bad Bunny, Arcángel",69,hip-hop,0.696,0.744,0.406,0.71,-5.015,120.146,high
Un Ratito Mas,"Bryant Myers, Bad Bunny",68,hip-hop,0.629,0.523,0.209,0.156,-4.058,140.101,high
CANZONE D'ODIO (feat. Lil Baby),"Lazza, Lil Baby",73,hip-hop,0.735,0.697,0.403,0.172,-4.16,99.827,high
Deus Perdoa,"Filipe Ret, Dallass, Hunter",68,hip-hop,0.671,0.607,0.316,0.403,-6.934,147.037,high
Solo,Future,80,hip-hop,0.486,0.784,0.0894,0.0538,-6.497,110.964,high
Cómo Le Digo,"KHEA, Omar Varela, Asan",68,hip-hop,0.385,0.69,0.19,0.181,-8.444,129.958,high
Maturidade,"KayBlack, Wall Hein, AMUSIK",70,hip-hop,0.411,0.722,0.503,0.509,-9.963,172.445,high
Problemas de um Milionário,"WIU, Teto",70,hip-hop,0.484,0.93,0.747,0.355,-5.486,133.03,high
BOOKER T,Bad Bunny,72,hip-hop,0.6,0.883,0.691,0.114,-7.188,113.903,high
SICKO MODE,Travis Scott,81,hip-hop,0.73,0.834,0.446,0.00513,-3.714,155.008,high
Too Many Nights (feat. Don Toliver & with Future),"Metro Boomin, Future, Don Toliver",82,hip-hop,0.668,0.573,0.145,0.189,-4.356,87.973,high
Me Ama Me Odia,"Revol, Ozuna, Cosculluela, Arcángel, Brytiago",71,hip-hop,0.603,0.735,0.429,0.226,-9.474,135.993,high
Hm Hm hm,Youka,68,afrobeats,0.637,0.567,0.882,0.499,-4.032,171.264,high
Kese (Dance),Wizkid,75,afrobeats,0.874,0.774,0.927,0.142,-5.641,118.079,high
Awuke,"Davido, YG Marley",76,afrobeats,0.792,0.749,0.903,0.308,-4.621,113.981,high
Favourite Girl (with Rema),"Darkoo, Rema",68,afrobeats,0.812,0.455,0.823,0.372,-3.455,100.049,high
Piece of My Heart (feat. Brent Faiyaz),"Wizkid, Brent Faiyaz",77,afrobeats,0.648,0.737,0.746,0.252,-5.493,93.2,high
PUSH 2 START,Tyla,78,afrobeats,0.814,0.683,0.758,0.277,-3.505,93.482,high
Fi Kan We Kan,"Bnxn, Rema",71,afrobeats,0.683,0.501,0.623,0.109,-7.881,145.379,high
MMS,"Asake, Wizkid",72,afrobeats,0.634,0.502,0.645,0.677,-3.367,101.837,high
Después De La 1,"Cris Mj, FloyyMenor, LOUKI",86,latin,0.581,0.805,0.528,0.0303,-5.091,99.973,high
Imagínate,"Danny Ocean, Kapo",76,latin,0.737,0.779,0.445,0.134,-4.667,101.923,high
Kamikaze (feat. Victor Mendivil),"Natanael Cano, Uriel Gaxiola, Ganggy, Victor Mendivil",72,latin,0.662,0.863,0.307,0.0843,-5.855,95.999,high
NEL,Fuerza Regida,88,latin,0.482,0.69,0.356,0.523,-6.335,100.029,high
DEPORTIVO,"Blessd, Anuel AA",72,latin,0.762,0.816,0.782,0.534,-2.864,90.025,high
SEXO ES LA MODA,"Maria Becerra, Yandel",74,latin,0.718,0.848,0.564,0.183,-4.385,105.002,high
Khé?,"Rauw Alejandro, Romeo Santos",78,latin,0.627,0.687,0.47,0.326,-4.975,155.865,high
Ferxxoko,"Joyce Santana, Feid",72,latin,0.483,0.753,0.826,0.0189,-6.436,171.831,high
Nueva Era,"Duki, Myke Towers",82,latin,0.724,0.556,0.681,0.267,-3.165,101.097,high
PELIGROSA,FloyyMenor,81,latin,0.442,0.776,0.838,0.319,-8.99,100.021,high
Morena Canela,Chino Pacas,79,latin,0.614,0.658,0.465,0.105,-6.981,119.893,high
DURO,Quevedo,76,latin,0.719,0.707,0.701,0.223,-4.963,104.033,high
PIÉNSALO,Junior H,84,latin,0.536,0.716,0.359,0.452,-7.798,97.541,high
EN MI MUNDO,"Jasiel Nuñez, Peso Pluma",75,latin,0.594,0.694,0.672,0.396,-8.39,125.01,high
Soltera,Shakira,86,latin,0.752,0.841,0.67,0.167,-4.735,100.076,high
SE ME OLVIDA,"Maisak, Feid",84,latin,0.707,0.786,0.691,0.0399,-4.386,82.045,high
Hecha Pa' Mí,Grupo Frontera,82,latin,0.832,0.742,0.716,0.0857,-4.267,98.582,high
SE TE NOTA (feat. Peso Pluma),"Myke Towers, Peso Pluma",72,latin,0.616,0.773,0.25,0.0565,-4.516,104.008,high
EL LOKERON,Tito Double P,89,latin,0.689,0.724,0.936,0.573,-7.174,120.208,high
Ese Vato No Te Queda,"Carin Leon, Gabito Ballesteros",75,latin,0.74,0.748,0.618,0.0292,-3.643,117.955,high
Cholo 7,"Fuerza Regida, Luis R Conriquez",75,latin,0.856,0.691,0.713,0.2,-5.035,136.0,high
KINTSUGI,HUMBE,80,latin,0.464,0.373,0.301,0.86,-8.606,79.503,high
UWAIE,Kapo,86,latin,0.783,0.705,0.454,0.138,-4.783,103.001,high
IA,"Clarent, Mora",80,latin,0.631,0.706,0.289,0.656,-5.812,111.93,high
Siento que merezco más,LATIN MAFIA,73,latin,0.445,0.55,0.512,0.262,-9.548,156.023,high
AY MAMÁ,"Tito Double P, Grupo Frontera",85,latin,0.764,0.666,0.729,0.366,-6.297,148.853,high
En Otra Vida,"Yami Safdie, Lasso",79,latin,0.162,0.459,0.483,0.929,-11.634,184.784,high
No Son Doritos,"Clave Especial, Luis R Conriquez",81,latin,0.834,0.783,0.92,0.539,-4.623,139.995,high
Frente al Mar,Beéle,79,latin,0.682,0.75,0.618,0.168,-3.825,100.036,high
Soltera - W Sound 01,"W Sound, Blessd, Ovy On The Drums",82,latin,0.578,0.734,0.88,0.155,-4.147,199.997,high
DOS DÍAS,"Tito Double P, Peso Pluma",88,latin,0.513,0.745,0.929,0.783,-9.116,109.935,high
NO PIERDO LA VIDA,"Calle 24, Chuyin",77,latin,0.824,0.747,0.793,0.184,-4.353,124.997,high
Como Pacman,"Alemán, Gera MX",68,latin,0.787,0.809,0.9,0.126,-3.826,165.07,high
Rey Sin Reina,Julión Álvarez y su Norteño Banda,85,latin,0.356,0.529,0.659,0.29,-6.612,169.653,high
JACKPOT,"Belinda, Kenia OS",73,latin,0.806,0.763,0.594,0.0012,-4.946,123.009,high
noviogangsta <3,Emilia,77,latin,0.872,0.816,0.94,0.25,-4.27,128.924,high
Bandoleros,"Don Omar, Tego Calderón",68,latin,0.896,0.662,0.79,0.318,-5.311,90.622,high
Rucón,Alemán,69,latin,0.59,0.864,0.579,0.0196,-8.768,161.989,high
"Raataan Lambiyan (From ""Shershaah"")","Tanishk Bagchi, Jubin Nautiyal, Asees Kaur",70,indian,0.63,0.72,0.512,0.615,-5.549,81.009,high
"Ranjha (From ""Shershaah"")","Jasleen Royal, B Praak, Romy, Anvita Dutt",68,indian,0.573,0.603,0.236,0.478,-5.843,82.941,high
Shayad,"Pritam, Arijit Singh",73,indian,0.468,0.483,0.319,0.784,-7.642,135.875,high
Agar Tum Saath Ho,"Alka Yagnik, Arijit Singh",70,indian,0.519,0.562,0.415,0.557,-8.744,122.925,high
Khairiyat,"Pritam, Arijit Singh",71,indian,0.481,0.534,0.293,0.697,-9.016,124.914,high
505,Arctic Monkeys,84,rock,0.866,0.526,0.248,0.00287,-5.822,140.266,high
Heads Will Roll,Yeah Yeah Yeahs,68,rock,0.903,0.562,0.791,0.000187,-4.46,132.009,high
Instant Crush (feat. Julian Casablancas),"Daft Punk, Julian Casablancas",74,rock,0.585,0.775,0.518,0.0422,-9.516,109.942,high
Are You Gonna Be My Girl,Jet,72,rock,0.957,0.606,0.603,0.00117,-3.404,105.105,high
Time to Pretend,MGMT,73,rock,0.94,0.438,0.421,8.74e-05,-3.249,100.99,high
Feel It Still,Portugal. The Man,81,rock,0.795,0.801,0.754,0.0417,-5.115,79.028,high
misses,Dominic Fike,80,rock,0.509,0.578,0.586,0.13,-6.229,119.945,high
Wasted Summers,juju<3,78,rock,0.643,0.633,0.472,0.106,-8.122,103.842,high
Feel It - From The Original Series “Invincible”,d4vd,78,rock,0.593,0.565,0.429,0.0288,-5.864,120.509,high
The Adults Are Talking,The Strokes,77,rock,0.749,0.593,0.649,0.0113,-5.67,164.959,high
3 Nights,Dominic Fike,77,rock,0.518,0.815,0.877,0.223,-6.594,151.891,high
This Charming Man - 2011 Remaster,The Smiths,77,rock,0.846,0.611,0.751,0.00509,-5.9,103.912,high
Oysters In My Pocket,Royel Otis,76,rock,0.924,0.598,0.611,0.0205,-4.974,168.017,high
Fluorescent Adolescent,Arctic Monkeys,76,rock,0.828,0.654,0.79,0.00146,-5.377,112.056,high
You Get What You Give,New Radicals,74,rock,0.901,0.621,0.744,0.17,-5.396,113.967,high
THE SHADE,Rex Orange County,74,rock,0.509,0.898,0.727,0.391,-7.973,119.869,high
Vampire Empire,Big Thief,73,rock,0.572,0.636,0.66,0.287,-7.797,131.272,high
Her,The American Dawn,73,rock,0.603,0.66,0.527,0.00566,-7.7,102.99,high
Not Strong Enough,"boygenius, Julien Baker, Phoebe Bridgers, Lucy Dacus",72,rock,0.798,0.502,0.307,0.00291,-5.909,126.976,high
Hell N Back,Bakar,71,rock,0.684,0.633,0.725,0.314,-4.314,209.688,high
Ghostride,Crumb,71,rock,0.351,0.665,0.451,0.516,-9.424,87.057,high
Someday,The Strokes,69,rock,0.521,0.539,0.679,0.00425,-7.46,106.035,high
Metamodernity,Vansire,69,rock,0.544,0.823,0.826,0.389,-10.077,121.968,high
Breezeblocks,alt-J,68,rock,0.658,0.615,0.293,0.096,-7.299,150.093,high
ROCKMAN,Mk.gee,68,rock,0.501,0.781,0.961,0.66,-9.767,134.014,high
The Gambler,Kenny Rogers,73,country,0.501,0.668,0.858,0.342,-13.119,87.086,high
Amarillo By Morning,George Strait,70,country,0.361,0.606,0.621,0.264,-16.031,121.059,high
Mammas Don't Let Your Babies Grow up to Be Cowboys,"Waylon Jennings, Willie Nelson",68,country,0.361,0.363,0.612,0.623,-14.398,187.711,high
Open Arms (feat. Travis Scott),"SZA, Travis Scott",80,r&b,0.586,0.434,0.239,0.753,-7.612,78.259,high
Pink + White,Frank Ocean,87,r&b,0.545,0.545,0.549,0.667,-7.362,159.94,high
Best Part (feat. H.E.R.),"Daniel Caesar, H.E.R.",84,r&b,0.364,0.524,0.436,0.808,-10.209,75.24,high
My Boo,"USHER, Alicia Keys",79,r&b,0.507,0.662,0.676,0.257,-8.238,86.412,high
Sure Thing,Miguel,85,r&b,0.607,0.684,0.498,0.0267,-8.127,81.001,high
Snooze,SZA,86,r&b,0.551,0.559,0.392,0.141,-7.231,143.008,high
If I Ain't Got You,Alicia Keys,81,r&b,0.444,0.609,0.166,0.603,-9.129,118.402,high
Poison,Brent Faiyaz,78,r&b,0.394,0.689,0.382,0.711,-10.102,117.489,high
Family Affair,Mary J. Blige,78,r&b,0.551,0.911,0.969,0.133,-3.75,92.887,high
With You,Chris Brown,74,r&b,0.693,0.662,0.655,0.134,-4.298,86.009,high
Broken Clocks,SZA,80,r&b,0.684,0.692,0.406,0.131,-7.364,112.912,high
Girl With The Tattoo Enter.lewd,Miguel,79,r&b,0.239,0.372,0.127,0.856,-11.314,113.451,high
Best Time,Brent Faiyaz,80,r&b,0.307,0.81,0.697,0.16,-7.215,92.995,high
Could've Been (feat. Bryson Tiller),"H.E.R., Bryson Tiller",75,r&b,0.352,0.45,0.408,0.649,-11.733,102.679,high
Foolish,Ashanti,72,r&b,0.695,0.665,0.707,0.347,-5.763,90.119,high
Fallin',Alicia Keys,76,r&b,0.609,0.652,0.482,0.263,-7.519,95.986,high
Nobody Gets Me,SZA,84,r&b,0.284,0.358,0.276,0.805,-8.285,99.796,high
Clouded,Brent Faiyaz,78,r&b,0.344,0.583,0.581,0.774,-8.765,65.203,high
So Sick,Ne-Yo,78,r&b,0.574,0.452,0.578,0.245,-8.336,92.795,high
The Boy Is Mine,"Brandy, Monica",73,r&b,0.707,0.704,0.761,0.539,-6.537,93.145,high
Yo (Excuse Me Miss),Chris Brown,71,r&b,0.612,0.536,0.57,0.119,-5.847,86.768,high
Kill Bill,SZA,86,r&b,0.735,0.644,0.418,0.0521,-5.747,88.98,high
Forever Yours,Brent Faiyaz,77,r&b,0.503,0.646,0.789,0.00426,-7.472,137.007,high
No One,Alicia Keys,76,r&b,0.552,0.641,0.152,0.027,-5.423,90.098,high
Hey Daddy (Daddy's Home),USHER,76,r&b,0.698,0.59,0.352,0.000176,-4.262,95.975,high
Sativa,"Jhené Aiko, Swae Lee",76,r&b,0.61,0.741,0.72,0.316,-7.34,125.99,high
Always On Time,"Ja Rule, Ashanti",72,r&b,0.705,0.838,0.837,0.195,-6.131,96.644,high
ALL MINE,Brent Faiyaz,76,r&b,0.378,0.617,0.22,0.428,-8.54,141.967,high
Heart Of A Woman,Summer Walker,74,r&b,0.43,0.716,0.472,0.482,-8.28,129.93,high
U Remind Me,USHER,69,r&b,0.629,0.657,0.726,0.194,-4.938,93.985,high
Stay Ready (What A Life),"Jhené Aiko, Kendrick Lamar",75,r&b,0.493,0.347,0.308,0.455,-11.548,82.887,high
Love Galore (feat. Travis Scott),"SZA, Travis Scott",77,r&b,0.594,0.795,0.409,0.112,-6.2,135.002,high
Been Away,Brent Faiyaz,75,r&b,0.5,0.602,0.395,0.477,-9.377,132.798,high
No Love (with SZA),"Summer Walker, SZA",72,r&b,0.618,0.707,0.517,0.17,-5.825,133.876,high
Burn,USHER,70,r&b,0.477,0.796,0.685,0.314,-7.161,119.928,high
Miss Independent,Ne-Yo,77,r&b,0.681,0.673,0.707,0.52,-5.693,171.864,high
Let Me Love You,Mario,75,r&b,0.588,0.686,0.617,0.178,-8.343,94.519,high
Upset (feat. Tommy Richman & FELIX!),"Brent Faiyaz, FELIX!, Tommy Richman",75,r&b,0.5,0.856,0.886,0.487,-9.393,135.03,high
Nights Like This (feat. Ty Dolla $ign),"Kehlani, Ty Dolla $ign",73,r&b,0.725,0.61,0.291,0.367,-5.131,146.163,high
U Got It Bad,USHER,69,r&b,0.5,0.816,0.649,0.0227,-4.551,124.037,high
You,"Lloyd, Lil Wayne",73,r&b,0.876,0.412,0.706,0.102,-6.008,130.21,high
Because Of You,Ne-Yo,74,r&b,0.538,0.81,0.832,0.53,-5.783,109.97,high
Trust,Brent Faiyaz,75,r&b,0.394,0.764,0.465,0.231,-8.559,92.009,high
Dilemma,"Nelly, Kelly Rowland",77,r&b,0.552,0.727,0.607,0.226,-8.074,168.19,high
Love in This Club (feat. Young Jeezy),"USHER, Jeezy",74,r&b,0.712,0.573,0.346,0.0572,-5.976,140.012,high
Adorn,Miguel,68,r&b,0.576,0.625,0.235,0.0543,-5.693,179.063,high
The Weekend,SZA,73,r&b,0.366,0.4,0.161,0.242,-9.405,73.313,high
Rehab (Winter In Paris),Brent Faiyaz,71,r&b,0.242,0.549,0.286,0.809,-11.692,144.211,high
Language,"Paperboy Fabe, Brent Faiyaz",77,r&b,0.721,0.62,0.77,0.0422,-5.538,169.904,high
Confessions Part II,USHER,68,r&b,0.467,0.845,0.702,0.0586,-7.674,138.007,high
Something Just Like This,"The Chainsmokers, Coldplay",86,electronic,0.635,0.617,0.446,0.0498,-6.769,103.019,high
Give Me Everything (feat. Nayer),"Pitbull, AFROJACK, Ne-Yo, Nayer",84,electronic,0.939,0.671,0.53,0.191,-3.206,129.024,high
Let Me Love You,"DJ Snake, Justin Bieber",83,electronic,0.715,0.475,0.159,0.0863,-5.371,199.892,high
Outside (feat. Ellie Goulding),"Calvin Harris, Ellie Goulding",82,electronic,0.823,0.646,0.418,0.213,-4.123,128.035,high
The Nights,Avicii,82,electronic,0.835,0.527,0.654,0.0166,-5.298,125.983,high
Ride It,Regard,80,electronic,0.751,0.88,0.884,0.177,-4.258,117.948,high
Cheerleader (Felix Jaehn Remix) - Radio Edit,"OMI, Felix Jaehn",80,electronic,0.685,0.782,0.603,0.166,-6.237,118.02,high
Closer,"The Chainsmokers, Halsey",84,electronic,0.524,0.748,0.661,0.414,-5.599,95.01,high
Faded,Alan Walker,80,electronic,0.627,0.468,0.159,0.0281,-5.085,179.642,high
Summer,Calvin Harris,81,electronic,0.856,0.596,0.743,0.0211,-3.556,127.949,high
In My Mind,"Dynoro, Gigi D'Agostino",80,electronic,0.77,0.694,0.163,0.176,-5.335,125.905,high
Timber,"Pitbull, Kesha",82,electronic,0.963,0.581,0.788,0.0295,-4.087,129.992,high
Titanium (feat. Sia),"David Guetta, Sia",80,electronic,0.787,0.604,0.301,0.0679,-3.674,126.062,high
I Took A Pill In Ibiza - Seeb Remix,"Mike Posner, Seeb",79,electronic,0.714,0.664,0.71,0.0353,-6.645,101.969,high
Sugar (feat. Francesco Yates),"Robin Schulz, Francesco Yates",78,electronic,0.815,0.636,0.636,0.0185,-5.098,123.063,high
Waiting For Love,Avicii,78,electronic,0.736,0.579,0.613,0.31,-3.863,127.999,high
On The Floor,"Jennifer Lopez, Pitbull",78,electronic,0.777,0.73,0.575,0.105,-5.194,130.003,high
Don't Let Me Down,"The Chainsmokers, Daya",80,electronic,0.869,0.533,0.425,0.156,-5.093,159.805,high
Blame (feat. John Newman),"Calvin Harris, John Newman",79,electronic,0.857,0.414,0.348,0.0287,-4.078,128.024,high
Wild Ones (feat. Sia),"Flo Rida, Sia",77,electronic,0.86,0.608,0.437,0.0991,-5.324,127.075,high
Get Lucky (Radio Edit) [feat. Pharrell Williams and Nile Rodgers],"Daft Punk, Pharrell Williams, Nile Rodgers",77,electronic,0.811,0.794,0.862,0.0426,-8.966,116.047,high
More Than You Know,Axwell /\ Ingrosso,77,electronic,0.741,0.646,0.571,0.0275,-4.973,123.077,high
In the Name of Love,"Martin Garrix, Bebe Rexha",77,electronic,0.519,0.501,0.168,0.109,-5.88,133.99,high
This Girl (Kungs Vs. Cookin' On 3 Burners),"Kungs, Cookin' On 3 Burners",76,electronic,0.717,0.793,0.466,0.0927,-4.759,121.985,high
Scream & Shout,"will.i.am, Britney Spears",76,electronic,0.685,0.772,0.501,0.019,-6.849,130.039,high
This Is What You Came For,"Calvin Harris, Rihanna",77,electronic,0.927,0.631,0.465,0.199,-2.787,123.962,high
Alors on danse - Radio Edit,Stromae,75,electronic,0.593,0.79,0.72,0.0983,-9.204,119.958,high
We Found Love,"Rihanna, Calvin Harris",75,electronic,0.766,0.735,0.6,0.025,-4.485,127.975,high
Waves - Robin Schulz Radio Edit,"Mr. Probz, Robin Schulz",75,electronic,0.51,0.829,0.45,0.00821,-9.334,119.994,high
Club Can't Handle Me (feat. David Guetta),"Flo Rida, David Guetta",76,electronic,0.869,0.616,0.473,0.0283,-3.911,127.966,high
Under Control (feat. Hurts),"Calvin Harris, Alesso, Hurts",76,electronic,0.915,0.544,0.51,0.129,-3.405,126.094,high
Dancin (feat. Luvli) - Krono Remix,"Aaron Smith, Krono, Luvli",75,electronic,0.741,0.72,0.357,0.101,-6.529,119.896,high
One More Time,Daft Punk,74,electronic,0.697,0.613,0.476,0.0194,-8.618,122.746,high
Firestone,"Kygo, Conrad Sewell",74,electronic,0.634,0.704,0.411,0.393,-7.374,113.927,high
Perfect Strangers,"Jonas Blue, JP Cooper",74,electronic,0.861,0.73,0.704,0.39,-4.1,117.965,high
Love Tonight (David Guetta Remix Edit),"Shouse, David Guetta",74,electronic,0.989,0.621,0.0348,0.015,-4.225,126.002,high
Runaway (U & I),Galantis,74,electronic,0.805,0.506,0.383,0.00711,-4.119,126.008,high
Middle,"DJ Snake, Bipolar Sunshine",73,electronic,0.695,0.583,0.224,0.0138,-5.336,104.879,high
Infinity 2008 - Klaas Vocal Edit,"Guru Josh Project, Klaas",73,electronic,0.862,0.498,0.469,0.000313,-6.02,128.036,high
King,Olly Alexander (Years & Years),73,electronic,0.857,0.56,0.432,0.0594,-4.145,119.975,high
Clarity,"Zedd, Foxes",73,electronic,0.781,0.509,0.176,0.0398,-3.48,128.0,high
"Hey Mama (feat. Nicki Minaj, Bebe Rexha & Afrojack)","David Guetta, AFROJACK, Bebe Rexha, Nicki Minaj",73,electronic,0.73,0.596,0.525,0.24,-4.091,85.979,high
Ain't Nobody (Loves Me Better) (feat. Jasmine Thompson),"Felix Jaehn, Jasmine Thompson",73,electronic,0.568,0.78,0.459,0.668,-6.96,117.973,high
Hear Me Now,"Alok, Zeeba, Bruno Martini",73,electronic,0.463,0.778,0.496,0.546,-7.603,121.999,high
ily (i love you baby) (feat. Emilee),"Surf Mesa, Emilee",73,electronic,0.774,0.674,0.33,0.0686,-7.567,112.05,high
Summertime Sadness (Lana Del Rey Vs. Cedric Gervais) - Cedric Gervais Remix,"Lana Del Rey, Cedric Gervais",72,electronic,0.81,0.572,0.11,0.0157,-5.791,126.052,high
Dynamite,Taio Cruz,72,electronic,0.781,0.751,0.814,0.0039,-3.724,119.977,high
Rather Be (feat. Jess Glynne),"Clean Bandit, Jess Glynne",72,electronic,0.586,0.799,0.549,0.162,-6.735,120.97,high
Breaking Me,"Topic, A7S",72,electronic,0.72,0.789,0.664,0.223,-5.652,122.031,high
The Business,Tiësto,72,electronic,0.62,0.798,0.235,0.414,-7.079,120.031,high
Stay,"Zedd, Alessia Cara",73,electronic,0.622,0.69,0.544,0.253,-5.025,102.04,high
Party Rock Anthem,"LMFAO, Lauren Bennett, GoonRock",72,electronic,0.736,0.75,0.355,0.0202,-4.168,130.011,high
Roses,"The Chainsmokers, ROZES",71,electronic,0.802,0.713,0.343,0.0435,-7.055,100.001,high
I Love It (feat. Charli XCX),"Icona Pop, Charli xcx",71,electronic,0.906,0.711,0.824,0.00952,-2.671,125.916,high
Play Hard (feat. Ne-Yo & Akon),"David Guetta, Ne-Yo, Akon",71,electronic,0.921,0.691,0.8,0.173,-1.702,130.072,high
Around the World,Daft Punk,71,electronic,0.795,0.956,0.841,0.00356,-5.311,121.294,high
This Is What It Feels Like,"Armin van Buuren, Trevor Guthrie",70,electronic,0.833,0.551,0.145,0.0391,-5.217,129.885,high
I'm an Albatraoz,"AronChupa, Little Sis Nora",70,electronic,0.817,0.883,0.595,0.601,-5.414,128.078,high
Heroes (we could be),"Alesso, Tove Lo",70,electronic,0.748,0.503,0.356,0.0305,-4.124,125.896,high
You & Me - Flume Remix,"Disclosure, Eliza Doolittle, Flume",70,electronic,0.392,0.599,0.26,0.378,-6.869,75.066,high
Let Me Go,Daniel Caesar,70,soul,0.473,0.591,0.451,0.694,-8.122,152.88,high
FE!N (feat. Playboi Carti),"Travis Scott, Playboi Carti",88,gaming,0.882,0.569,0.201,0.0316,-2.777,148.038,high
Slow It Down,Benson Boone,87,gaming,0.583,0.432,0.544,0.174,-4.682,181.489,high
Big Dawgs,"Hanumankind, Kalmi",85,gaming,0.745,0.464,0.262,0.0235,-3.202,180.098,high
I'm Good (Blue),"David Guetta, Bebe Rexha",85,gaming,0.965,0.561,0.304,0.00383,-3.673,128.04,high
Romantic Homicide,d4vd,85,gaming,0.544,0.571,0.216,0.453,-10.613,132.052,high
New Woman (feat. ROSALÍA),"LISA, ROSALÍA",85,gaming,0.854,0.477,0.314,0.0858,-4.715,140.515,high
i like the way you kiss me,Artemas,84,gaming,0.946,0.599,0.747,0.000938,-4.263,151.647,high
Ransom,Lil Tecca,84,gaming,0.642,0.745,0.226,0.0204,-6.257,179.974,high
KEEP UP,Odetari,84,gaming,0.829,0.476,0.505,0.0172,-3.806,139.198,high
one of wun,Gunna,84,gaming,0.453,0.915,0.287,0.0872,-4.589,139.943,high
I Adore You (feat. Daecolm),"HUGEL, Topic, Arash, Daecolm",83,gaming,0.787,0.704,0.31,0.00926,-6.751,119.996,high
Black Friday (pretty like the sun),"Lost Frequencies, Tom Odell",83,gaming,0.618,0.853,0.32,0.633,-10.833,126.031,high
I Can Do It With a Broken Heart,Taylor Swift,83,gaming,0.751,0.701,0.22,0.123,-8.39,129.994,high
Apple,Charli xcx,83,gaming,0.957,0.804,0.962,0.125,-5.452,126.035,high
Hope,XXXTENTACION,82,gaming,0.457,0.592,0.225,0.661,-6.081,146.04,high
Happier,"Marshmello, Bastille",82,gaming,0.792,0.687,0.671,0.191,-2.749,100.011,high
Sunflower - Spider-Man: Into the Spider-Verse,"Post Malone, Swae Lee",82,gaming,0.522,0.755,0.925,0.533,-4.368,89.96,high
fukumean,Gunna,82,gaming,0.622,0.847,0.22,0.119,-6.747,130.001,high
redrum,21 Savage,81,gaming,0.733,0.625,0.244,0.00598,-8.757,172.09,high
WAIT FOR U (feat. Drake & Tems),"Future, Drake, Tems",82,gaming,0.642,0.463,0.339,0.314,-4.474,83.389,high
Miles On It,"Marshmello, Kane Brown",81,gaming,0.761,0.634,0.785,0.00537,-4.752,129.963,high
Moonlight,XXXTENTACION,81,gaming,0.537,0.921,0.711,0.556,-5.723,128.009,high
Godzilla (feat. Juice WRLD),"Eminem, Juice WRLD",81,gaming,0.745,0.808,0.829,0.145,-5.26,165.995,high
Addicted,"Zerb, The Chainsmokers, Ink",81,gaming,0.741,0.771,0.19,0.0245,-7.132,120.064,high
on one tonight,Gunna,82,gaming,0.727,0.887,0.932,0.381,-4.318,130.035,high
Thank You (Not So Bad),"Dimitri Vegas & Like Mike, Tiësto, Dido, W&W, Dimitri Vegas, Like Mike",81,gaming,0.95,0.673,0.563,0.0229,-5.149,150.019,high
360,Charli xcx,81,gaming,0.62,0.857,0.796,0.646,-8.13,120.042,high
Houdini,Eminem,81,gaming,0.887,0.936,0.889,0.0292,-2.76,127.003,high
The Box,Roddy Ricch,81,gaming,0.586,0.896,0.642,0.104,-6.687,116.971,high
Lovin On Me,Jack Harlow,81,gaming,0.558,0.943,0.606,0.0026,-4.911,104.983,high
XO Tour Llif3,Lil Uzi Vert,81,gaming,0.75,0.732,0.401,0.00264,-6.366,155.096,high
Where Are You Now,"Lost Frequencies, Calum Scott",81,gaming,0.632,0.762,0.282,0.51,-8.312,121.031,high
2055,Sleepy Hallow,80,gaming,0.512,0.829,0.638,0.492,-5.865,80.511,high
Mood (feat. iann dior),"24kGoldn, iann dior",80,gaming,0.716,0.701,0.732,0.174,-3.671,91.007,high
SLAY!,Eternxlkz,80,gaming,0.773,0.681,0.504,0.0863,-4.706,129.923,high
You & Me - Rivo Remix,"Disclosure, Eliza Doolittle, Rivo",79,gaming,0.797,0.702,0.0356,0.583,-6.635,122.011,high
Sprinter,"Dave, Central Cee",79,gaming,0.681,0.918,0.706,0.263,-4.705,139.057,high
Somedays,"Sonny Fodera, Jazzy, D.O.D",79,gaming,0.753,0.671,0.543,0.019,-6.045,127.926,high
Back On 74,Jungle,79,gaming,0.761,0.62,0.194,0.207,-7.282,146.003,high
DEVIL IS A LIE,Tommy Richman,78,gaming,0.452,0.904,0.613,0.174,-7.272,90.026,high
Whatever She Wants,Bryson Tiller,78,gaming,0.512,0.803,0.435,0.128,-6.871,96.02,high
euphoria,Kendrick Lamar,78,gaming,0.643,0.831,0.142,0.046,-5.002,139.948,high
Push Up - Main Edit,Creeds,77,gaming,0.83,0.767,0.187,0.209,-8.78,75.023,high
Strangers,Kenya Grace,77,gaming,0.523,0.628,0.416,0.701,-8.307,169.982,high
BACKBONE,"Chase & Status, Stormzy",77,gaming,0.934,0.777,0.637,0.285,-0.959,88.009,high
FUNKED UP - SLOWED,"xxanteria, isq",77,gaming,0.927,0.755,0.702,0.00288,0.254,109.952,high
Montagem Mysterious Game,LXNGVX,77,gaming,0.64,0.537,0.222,0.146,-10.441,130.051,high
TUCA DONKA,"CURSEDEVIL, DJ FKU, Skorde",77,gaming,0.963,0.817,0.502,0.0683,-3.318,130.028,high
Paint The Town Red,Doja Cat,77,gaming,0.556,0.864,0.726,0.255,-7.683,99.974,high
MONTAGEM - PR FUNK,"S3BZS, Mc Gw, Mc Menor Do Alvorada",77,gaming,0.803,0.877,0.795,0.734,-3.195,130.028,high
Doja,Central Cee,77,gaming,0.573,0.911,0.972,0.38,-7.43,140.04,high
Somebody (2024),"Gotye, FISHER, Chris Lake, Kimbra, Sante Sansone",77,gaming,0.629,0.848,0.586,0.016,-6.198,130.017,high
Whatever,"Kygo, Ava Max",76,gaming,0.777,0.58,0.589,0.104,-5.69,108.005,high
ONE CALL,Rich Amiri,76,gaming,0.539,0.65,0.253,0.00617,-7.281,158.105,high
IDGAF (feat. Yeat),"Drake, Yeat",76,gaming,0.672,0.673,0.14,0.0466,-8.577,136.902,high
Deep Down (feat. Never Dull),"Alok, Ella Eyre, Kenny Dope, Never Dull",76,gaming,0.818,0.687,0.886,0.0112,-4.221,125.952,high
Agora Hills,Doja Cat,76,gaming,0.687,0.755,0.381,0.183,-6.247,123.01,high
CUTE DEPRESSED,Dyan Dxddy,76,gaming,0.919,0.83,0.848,0.503,-2.12,151.221,high
BRODYAGA FUNK,Eternxlkz,75,gaming,0.738,0.593,0.591,0.269,-2.956,130.0,high
LOVELY BASTARDS,"ZWE1HVNDXR, yatashigang",75,gaming,0.81,0.613,0.686,0.832,-6.16,150.251,high
Boyz In Paris (with VINAI),"Marnik, Naeleck, VINAI",75,gaming,0.967,0.628,0.399,0.0398,-4.068,149.036,high
Watch This - ARIZONATEARS Pluggnb Remix,"Lil Uzi Vert, sped up nightcore, ARIZONATEARS",75,gaming,0.897,0.686,0.355,0.0103,-7.18,129.975,high
10:35,"Tiësto, Tate McRae",75,gaming,0.793,0.696,0.698,0.0683,-5.733,120.003,high
TOO COOL TO BE CARELESS,PAWSA,74,gaming,0.781,0.805,0.818,0.002,-7.225,128.001,high
Automotivo Bibi Fogosa,"Bibi Babydoll, Dj Brunin XM, KZA Produções",74,gaming,0.848,0.721,0.774,0.26,-3.371,135.048,high
Bones,Imagine Dragons,74,gaming,0.742,0.773,0.571,0.0206,-3.678,114.071,high
First Person Shooter (feat. J. Cole),"Drake, J. Cole",74,gaming,0.655,0.475,0.245,0.0306,-7.342,163.997,high
Atmosphere,"FISHER, Kita Alexander",73,gaming,0.895,0.762,0.757,0.00623,-4.562,125.985,high
9mm,"Memphis Cult, Groove Dealers, SPLYXER",73,gaming,0.915,0.737,0.304,0.00322,-2.749,154.964,high
edamame,"bbno$, Rich Brian",73,gaming,0.85,0.815,0.694,0.0232,-4.704,106.036,high
Breathe,Yeat,73,gaming,0.546,0.76,0.113,0.0284,-13.092,118.051,high
GOOD LOYAL THOTS,Odetari,73,gaming,0.86,0.585,0.607,0.0566,-5.274,146.441,high
Let's Go,Key Glock,73,gaming,0.636,0.654,0.267,0.00258,-6.904,75.486,high
GODS,"League of Legends, NewJeans",73,gaming,0.765,0.588,0.492,0.00685,-5.914,145.988,high
Stronger,Young Jonn,70,afrobeats,0.819,0.726,0.636,0.477,-7.094,110.14,high
Are you there?,Ayo Maff,69,afrobeats,0.529,0.782,0.44,0.509,-8.626,112.014,high
OZEBA,Rema,68,afrobeats,0.841,0.754,0.838,0.136,-4.563,147.989,high
Constantly,"Hyce, BoyPee, Brown Joel",68,afrobeats,0.705,0.374,0.718,0.172,-8.37,197.98,high
JUJU (feat. Shallipopi),"Smur Lee, ODUMODUBLVCK, Shallipopi",71,afrobeats,0.719,0.897,0.546,0.116,-7.164,113.012,high
alone - Remix,"FOLA, Bnxn",68,afrobeats,0.52,0.578,0.425,0.554,-8.399,95.865,high
Dealer,"Ayo Maff, Fireboy DML",68,afrobeats,0.651,0.49,0.567,0.714,-6.259,67.813,high
アイドル,YOASOBI,72,j-pop,0.935,0.574,0.836,0.112,-2.783,166.008,high
KICK BACK,Kenshi Yonezu,72,j-pop,0.941,0.577,0.292,0.00207,-5.17,101.921,high
ライラック,Mrs. GREEN APPLE,77,j-pop,0.794,0.531,0.775,0.0176,-4.363,149.923,high
青のすみか,Tatsuya Kitani,71,j-pop,0.898,0.479,0.639,0.0134,-4.809,151.99,high
Bling-Bang-Bang-Born,Creepy Nuts,80,j-pop,0.822,0.853,0.746,0.0841,-6.836,157.013,high
カーテンコール,Yuuri,73,j-pop,0.905,0.545,0.735,0.103,-3.823,141.131,high
晴る,ヨルシカ,70,j-pop,0.571,0.695,0.726,0.032,-6.249,101.955,high
Nobody - from Kaiju No. 8,OneRepublic,69,j-pop,0.811,0.693,0.944,0.395,-5.765,139.959,high
Abyss - from Kaiju No. 8,YUNGBLUD,68,j-pop,0.808,0.576,0.172,0.00615,-4.241,115.063,high
絆ノ奇跡,"MAN WITH A MISSION, milet",68,j-pop,0.951,0.436,0.428,0.0046,-4.748,169.955,high
タイムパラドックス,Vaundy,68,j-pop,0.514,0.829,0.757,0.439,-5.333,82.05,high
Master Of Puppets,Metallica,75,metal,0.836,0.543,0.56,0.000647,-9.11,105.173,high
The Trooper - 2015 Remaster,Iron Maiden,71,metal,0.908,0.285,0.669,0.0318,-4.601,159.756,high
Walk,Pantera,73,metal,0.704,0.43,0.703,0.000155,-8.008,118.242,high
Chop Suey!,System Of A Down,83,metal,0.934,0.417,0.287,0.000278,-3.908,127.066,high
Blind,Korn,68,metal,0.891,0.283,0.226,0.00678,-8.165,92.049,high
One,Metallica,72,metal,0.695,0.437,0.413,0.00111,-9.447,102.178,high
Mother,Danzig,69,metal,0.763,0.365,0.342,0.00726,-9.45,148.366,high
Cowboys from Hell,Pantera,71,metal,0.908,0.415,0.437,0.00437,-9.701,114.816,high
Duality,Slipknot,80,metal,0.982,0.354,0.194,0.000237,-3.026,143.772,high
Enter Sandman,Metallica,79,metal,0.828,0.577,0.604,0.00213,-8.691,123.257,high
Hail to the King,Avenged Sevenfold,75,metal,0.916,0.58,0.683,0.000297,-4.358,118.004,high
Freak On a Leash,Korn,77,metal,0.898,0.353,0.525,2.23e-05,-5.877,103.299,high
Dragula,Rob Zombie,77,metal,0.963,0.59,0.586,8.75e-05,-6.489,125.033,high
Nightmare,Avenged Sevenfold,70,metal,0.949,0.554,0.233,0.000318,-4.928,129.984,high
My Own Summer (Shove It),Deftones,77,metal,0.781,0.443,0.372,1.33e-05,-4.277,71.841,high
Schism,TOOL,68,metal,0.714,0.567,0.191,0.0012,-8.512,107.441,high
"Nuthin' But A ""G"" Thang","Dr. Dre, Snoop Dogg",76,hip-hop,0.821,0.669,0.684,0.00182,-4.37,94.895,high
Could You Be Loved,Bob Marley & The Wailers,79,reggae,0.72,0.916,0.761,0.36,-8.548,103.314,high
Welcome To Jamrock,Damian Marley,68,reggae,0.661,0.836,0.753,0.0208,-6.502,76.71,high
Murder She Wrote,Chaka Demus & Pliers,68,reggae,0.733,0.883,0.946,0.161,-9.153,95.107,high
Buffalo Soldier,Bob Marley & The Wailers,70,reggae,0.463,0.929,0.755,0.143,-8.651,124.084,high
Still D.R.E.,"Dr. Dre, Snoop Dogg",81,hip-hop,0.775,0.816,0.527,0.16,-3.323,93.431,high
Hypnotize - 2014 Remaster,The Notorious B.I.G.,78,hip-hop,0.697,0.901,0.67,0.145,-3.439,93.941,high
Doo Wop (That Thing),Ms. Lauryn Hill,74,hip-hop,0.505,0.535,0.495,0.0393,-8.926,99.935,high
Do For Love,2Pac,74,hip-hop,0.63,0.874,0.717,0.0578,-3.585,95.0,high
"Shook Ones, Pt. II",Mobb Deep,74,hip-hop,0.786,0.763,0.504,0.0146,-6.472,93.857,high
I Got 5 On It,"Luniz, Michael Marshall",73,hip-hop,0.706,0.584,0.579,0.209,-7.899,174.039,high
Still Not a Player (feat. Joe) - Radio Version,"Big Pun, Joe",72,hip-hop,0.62,0.9,0.867,0.2,-6.518,94.121,high
Juicy - 2005 Remaster,The Notorious B.I.G.,73,hip-hop,0.818,0.889,0.782,0.47,-4.639,96.063,high
C.R.E.A.M. (Cash Rules Everything Around Me),Wu-Tang Clan,72,hip-hop,0.514,0.512,0.565,0.555,-11.562,181.033,high
Insane in the Brain,Cypress Hill,70,hip-hop,0.611,0.897,0.769,0.0291,-10.489,102.304,high
ATLiens,Outkast,70,hip-hop,0.734,0.918,0.608,0.0296,-2.832,97.044,high
N.Y. State of Mind,Nas,70,hip-hop,0.91,0.665,0.887,0.0394,-4.682,84.099,high
Check Yo Self - Remix,"Ice Cube, Das EFX",69,hip-hop,0.735,0.934,0.768,0.031,-6.668,101.368,high
Dear Mama,2Pac,68,hip-hop,0.54,0.773,0.322,0.371,-7.123,84.115,high
Survival of the Fittest,Mobb Deep,68,hip-hop,0.703,0.813,0.241,0.125,-5.077,94.828,high
Mo Money Mo Problems (feat. Puff Daddy & Mase) - 2014 Remaster,"The Notorious B.I.G., Mase, Diddy",72,hip-hop,0.884,0.845,0.904,0.0128,-4.506,104.536,high
Can I Kick It?,A Tribe Called Quest,68,hip-hop,0.666,0.848,0.744,0.173,-6.547,96.662,high
Keep Ya Head Up,2Pac,68,hip-hop,0.732,0.598,0.595,0.144,-7.013,172.329,high
Everybody Wants To Rule The World,Tears For Fears,85,rock,0.795,0.645,0.535,0.347,-12.095,112.067,high
Don't Stop Believin',Journey,72,rock,0.802,0.491,0.472,0.25,-7.106,119.25,high
Dancing In the Dark,Bruce Springsteen,82,rock,0.942,0.527,0.495,0.0115,-5.64,148.723,high
You Give Love A Bad Name,Bon Jovi,81,rock,0.959,0.541,0.812,0.0663,-2.947,122.805,high
Summer Of '69,Bryan Adams,80,rock,0.834,0.509,0.774,0.0183,-6.205,139.13,high
Under Pressure - Remastered 2011,"Queen, David Bowie",79,rock,0.712,0.671,0.462,0.429,-7.815,113.805,high
Start Me Up - Remastered 2009,The Rolling Stones,76,rock,0.932,0.631,0.971,0.0429,-4.142,122.431,high
Jump - 2015 Remaster,Van Halen,75,rock,0.835,0.572,0.795,0.171,-6.219,129.981,high
The Final Countdown,Europe,74,rock,0.843,0.529,0.188,0.0628,-6.908,117.662,high
Hells Bells,AC/DC,73,rock,0.873,0.389,0.303,0.00532,-4.768,106.767,high
Every Little Thing She Does Is Magic,The Police,73,rock,0.768,0.558,0.429,0.121,-9.997,81.909,high
I Won't Back Down,Tom Petty,73,rock,0.478,0.766,0.965,0.0513,-13.487,114.02,high
Wanted Dead Or Alive,Bon Jovi,72,rock,0.803,0.253,0.258,0.129,-3.977,150.036,high
Run To You,Bryan Adams,71,rock,0.811,0.561,0.635,0.00515,-6.157,126.59,high
Rock the Casbah - Remastered,The Clash,71,rock,0.872,0.797,0.866,0.291,-6.727,129.885,high
Hungry Like the Wolf - 2009 Remaster,Duran Duran,71,rock,0.812,0.691,0.685,0.0433,-7.772,127.568,high
How Soon Is Now? - 2011 Remaster,The Smiths,71,rock,0.93,0.398,0.725,0.000854,-6.76,190.818,high
Shout,Tears For Fears,71,rock,0.942,0.511,0.498,0.174,-10.407,97.909,high
Separate Ways (Worlds Apart) [2023 Remaster],Journey,70,rock,0.96,0.469,0.37,0.141,-4.809,131.707,high
Glory Days,Bruce Springsteen,70,rock,0.96,0.574,0.978,0.0457,-4.906,117.486,high
Edge of Seventeen - 2016 Remaster,Stevie Nicks,69,rock,0.804,0.591,0.658,0.327,-7.299,111.457,high
Beds Are Burning - Remastered,Midnight Oil,69,rock,0.427,0.753,0.295,0.00787,-11.112,119.18,high
Don't Stand So Close To Me,The Police,69,rock,0.506,0.799,0.518,0.0453,-9.414,140.309,high
Hurts So Good,John Mellencamp,69,rock,0.737,0.785,0.971,0.042,-5.306,125.447,high
Hysteria,Def Leppard,69,rock,0.846,0.659,0.659,0.0318,-5.508,107.01,high
Call Me,Blondie,69,rock,0.833,0.553,0.773,0.000646,-6.667,142.663,high
Fight For Your Right,Beastie Boys,68,rock,0.858,0.503,0.419,0.00757,-6.296,133.615,high
Every Rose Has Its Thorn - 2003 Remaster,Poison,68,rock,0.632,0.531,0.294,0.16,-5.557,140.176,high
SPIDER,"GIMS, DYSTINCT",74,hip-hop,0.691,0.823,0.707,0.0774,-7.322,119.96,high
Bolide Noir,"Central Cee, JRK 19",70,hip-hop,0.78,0.724,0.72,0.294,-5.407,134.937,high
MAMI WATA,"Gazo, Tiakola",68,hip-hop,0.693,0.702,0.572,0.139,-4.941,87.973,high
ABCD,NAYEON,73,k-pop,0.926,0.682,0.86,0.0404,-2.515,105.969,high
Rockstar,LISA,83,k-pop,0.628,0.668,0.568,0.129,-4.692,140.053,high
Supernova,aespa,72,k-pop,0.747,0.745,0.363,0.0073,-4.278,120.073,high
Armageddon,aespa,74,k-pop,0.786,0.695,0.465,0.0668,-2.048,91.992,high
Small girl (feat. D.O.),"Lee Young Ji, D.O.",72,k-pop,0.597,0.77,0.875,0.53,-4.901,170.022,high
SPOT!,"ZICO, JENNIE",78,k-pop,0.782,0.875,0.906,0.151,-3.905,108.038,high
How Sweet,NewJeans,78,k-pop,0.895,0.803,0.757,0.0816,-2.888,124.994,high
SHEESH,BABYMONSTER,78,k-pop,0.728,0.774,0.461,0.113,-5.079,140.041,high
LIKE THAT,BABYMONSTER,75,k-pop,0.5,0.871,0.76,0.32,-8.675,101.959,high
Smoothie,NCT DREAM,69,k-pop,0.774,0.801,0.383,0.00871,-3.604,109.945,high
Drama,aespa,78,k-pop,0.872,0.644,0.378,0.164,-1.54,131.016,high
All I Want for Christmas Is You,Mariah Carey,87,pop,0.627,0.336,0.35,0.164,-7.463,150.273,high
Last Christmas - Single Version,Wham!,72,pop,0.598,0.733,0.935,0.212,-8.228,107.732,high
The Night We Met,Lord Huron,88,pop,0.369,0.448,0.0998,0.968,-9.514,174.097,high
Sweater Weather,The Neighbourhood,90,pop,0.807,0.612,0.398,0.0495,-2.81,124.053,high
I Wanna Be Yours,Arctic Monkeys,90,pop,0.417,0.464,0.479,0.136,-9.345,67.528,high
See You Again (feat. Kali Uchis),"Tyler, The Creator, Kali Uchis",90,pop,0.559,0.558,0.62,0.371,-9.222,78.558,high
Yellow,Coldplay,89,pop,0.661,0.429,0.285,0.00239,-7.227,173.372,high
That's What I Like,Bruno Mars,88,pop,0.56,0.853,0.86,0.013,-4.961,134.066,high
Locked out of Heaven,Bruno Mars,89,pop,0.698,0.726,0.867,0.049,-4.165,143.994,high
Bed Chem,Sabrina Carpenter,90,pop,0.727,0.739,0.676,0.0678,-5.968,94.99,high
Like Him (feat. Lola Young),"Tyler, The Creator, Lola Young",87,pop,0.555,0.392,0.191,0.287,-6.707,96.063,high
Night Changes,One Direction,89,pop,0.52,0.672,0.37,0.859,-7.747,120.001,high
Rockin' Around The Christmas Tree,Brenda Lee,83,pop,0.47,0.598,0.879,0.617,-8.744,67.086,high
"One Of The Girls (with JENNIE, Lily Rose Depp)","The Weeknd, JENNIE, Lily-Rose Depp",89,pop,0.64,0.264,0.19,0.0393,-6.221,84.828,high
Just the Way You Are,Bruno Mars,85,pop,0.841,0.635,0.424,0.0134,-5.379,109.021,high
NIGHTS LIKE THIS,The Kid LAROI,88,pop,0.757,0.482,0.12,0.0137,-4.586,142.579,high
Iris,The Goo Goo Dolls,87,pop,0.715,0.315,0.497,0.00125,-8.072,155.925,high
In the End,Linkin Park,88,pop,0.864,0.556,0.4,0.00958,-5.87,105.143,high
Juno,Sabrina Carpenter,87,pop,0.725,0.633,0.64,0.0461,-4.257,130.504,high
Riptide,Vance Joy,85,pop,0.731,0.483,0.484,0.436,-6.696,101.654,high
Heavy Is the Crown,Linkin Park,78,pop,0.928,0.571,0.488,0.00932,-3.725,127.939,high
Santa Tell Me,Ariana Grande,82,pop,0.621,0.525,0.592,0.0489,-7.364,191.868,high
Jingle Bell Rock,Bobby Helms,80,pop,0.424,0.754,0.806,0.643,-8.463,119.705,high
LA INOCENTE,"Mora, Feid",78,latin,0.789,0.757,0.464,0.307,-3.46,91.911,high
PERRO NEGRO,"Bad Bunny, Feid",84,latin,0.778,0.911,0.345,0.0887,-2.248,96.057,high
BUBALU,"Feid, Rema",68,latin,0.786,0.781,0.759,0.115,-5.211,111.989,high
HACIENDO QUE ME AMAS,Bad Bunny,71,latin,0.411,0.584,0.412,0.869,-7.147,169.934,high
Tan Bonita,Piso 21,68,latin,0.804,0.82,0.844,0.175,-7.226,110.982,high
Tiroteo - Remix,"Marc Seguí, Rauw Alejandro, Pol Granch",78,latin,0.522,0.75,0.601,0.282,-7.018,110.427,high
Cómo Te Atreves,Morat,72,latin,0.888,0.617,0.771,0.0705,-4.567,130.97,high
Tacones Rojos,Sebastian Yatra,68,latin,0.856,0.748,0.927,0.0824,-3.517,123.031,high
Fuera del mercado,Danny Ocean,76,latin,0.673,0.453,0.266,0.32,-5.649,92.06,high
Ojitos Lindos,"Bad Bunny, Bomba Estéreo",80,latin,0.686,0.647,0.268,0.08,-5.745,79.928,high
Otro Atardecer,"Bad Bunny, The Marías",75,latin,0.595,0.777,0.546,0.59,-6.79,108.02,high
Yo No Soy Celoso,Bad Bunny,70,latin,0.588,0.872,0.93,0.275,-6.276,142.004,high
Neverita,Bad Bunny,75,latin,0.498,0.876,0.428,0.0706,-7.511,122.016,high
Un Coco,Bad Bunny,76,latin,0.69,0.839,0.744,0.207,-4.464,151.991,high
Andrea,"Bad Bunny, Buscabulla",74,latin,0.616,0.797,0.451,0.762,-10.229,103.071,high
PROVENZA,KAROL G,71,latin,0.516,0.87,0.53,0.656,-8.006,111.005,high
Inolvidable,"Ovy On The Drums, Beéle",70,latin,0.543,0.84,0.74,0.678,-4.941,139.929,high
DESPECHÁ,ROSALÍA,71,latin,0.623,0.919,0.775,0.184,-6.521,130.037,high
"Quevedo: Bzrp Music Sessions, Vol. 52","Bizarrap, Quevedo",80,latin,0.782,0.621,0.55,0.0125,-5.548,128.033,high
telepatía,Kali Uchis,81,latin,0.524,0.653,0.553,0.112,-9.016,83.97,high
AMOR DE CINE,HUMBE,71,latin,0.586,0.326,0.295,0.531,-7.966,189.978,high
Gato de Noche,"Ñengo Flow, Bad Bunny",68,latin,0.662,0.892,0.607,0.169,-3.894,93.976,high
un x100to,"Grupo Frontera, Bad Bunny",75,latin,0.724,0.569,0.562,0.228,-4.076,83.118,high
Si No Estás,iñigo quintero,80,latin,0.421,0.537,0.524,0.827,-8.72,98.224,high
CLASSY 101,"Feid, Young Miko",79,latin,0.665,0.858,0.659,0.126,-4.772,100.09,high
Martin & Gina,Polo G,78,arabic,0.534,0.832,0.116,0.345,-7.813,93.924,high
Chosen 1,Polo G,68,arabic,0.576,0.77,0.364,0.138,-11.845,166.162,high
Lemonade (feat. NAV),"Internet Money, Gunna, Don Toliver, NAV",77,arabic,0.658,0.8,0.462,0.25,-6.142,140.042,high
Drip Too Hard (Lil Baby & Gunna),"Lil Baby, Gunna",79,arabic,0.662,0.897,0.39,0.0852,-6.903,112.509,high
Roll in Peace (feat. XXXTENTACION),"Kodak Black, XXXTENTACION",71,arabic,0.524,0.747,0.363,0.0306,-6.807,140.053,high
No Heart,"21 Savage, Metro Boomin",68,arabic,0.444,0.906,0.678,0.136,-8.692,140.063,high
Pop Out (feat. Lil Tjay),"Polo G, Lil Tjay",74,arabic,0.639,0.772,0.261,0.15,-7.119,168.112,high
Bank Account,21 Savage,72,arabic,0.347,0.884,0.376,0.015,-8.227,75.016,high
Low Down,Lil Baby,72,arabic,0.619,0.962,0.154,0.0354,-5.562,127.956,high
10 Freaky Girls (with 21 Savage),"Metro Boomin, 21 Savage",73,arabic,0.353,0.797,0.0731,0.59,-9.931,87.997,high
Freestyle,Lil Baby,77,arabic,0.516,0.877,0.255,0.215,-5.426,119.996,high
Walk Em Down (feat. Roddy Ricch),"NLE Choppa, Roddy Ricch",71,arabic,0.744,0.867,0.645,0.268,-5.171,84.005,high
F.N,Lil Tjay,73,arabic,0.515,0.567,0.321,0.354,-10.265,120.1,high
Baby (Lil Baby feat. DaBaby),"Quality Control, Lil Baby, DaBaby",72,arabic,0.463,0.97,0.46,0.0957,-7.259,108.003,high
back to the moon,Gunna,69,arabic,0.662,0.767,0.259,0.103,-4.856,143.943,high
Stand By Me (feat. Morgan Wallen),"Lil Durk, Morgan Wallen",68,arabic,0.701,0.71,0.564,0.0105,-5.415,134.039,high
Lean Wit Me,Juice WRLD,77,arabic,0.651,0.665,0.237,0.0414,-5.515,163.935,high
Robbery,Juice WRLD,78,arabic,0.692,0.623,0.566,0.328,-5.122,79.899,high
1400 / 999 Freestyle (feat. Juice WRLD),"Trippie Redd, Juice WRLD",69,arabic,0.572,0.823,0.568,0.0079,-6.067,141.996,high
Wishing Well,Juice WRLD,76,arabic,0.613,0.65,0.0804,0.00336,-6.13,149.972,high
All Girls Are The Same,Juice WRLD,83,arabic,0.529,0.671,0.203,0.0769,-7.226,161.989,high
Black & White,Juice WRLD,71,arabic,0.736,0.776,0.233,0.0802,-4.612,147.946,high
Lonely At The Top,Asake,70,arabic,0.801,0.778,0.914,0.692,-7.326,104.986,high
Goodbyes (feat. Young Thug),"Post Malone, Young Thug",74,arabic,0.653,0.547,0.163,0.456,-3.875,150.097,high
Trance (with Travis Scott & Young Thug),"Metro Boomin, Travis Scott, Young Thug",82,arabic,0.552,0.765,0.492,0.175,-7.524,119.476,high
Active,"Asake, Travis Scott",68,arabic,0.64,0.869,0.535,0.011,-7.677,112.984,high
Life Goes On,"Lil Baby, Gunna, Lil Uzi Vert",72,arabic,0.541,0.716,0.387,0.0021,-7.909,139.978,high
Easy On Me,Adele,77,pop,0.366,0.604,0.13,0.578,-7.519,141.981,high
Wrecking Ball,Miley Cyrus,78,pop,0.422,0.53,0.349,0.407,-6.262,119.964,high
All of Me,John Legend,83,pop,0.264,0.422,0.331,0.922,-7.064,119.93,high
Just Give Me a Reason (feat. Nate Ruess),"P!nk, Nate Ruess",83,pop,0.547,0.778,0.442,0.344,-7.273,95.0,high
Counting Stars,OneRepublic,71,pop,0.706,0.663,0.474,0.0654,-4.972,122.013,high
Unstoppable,Sia,77,pop,0.779,0.468,0.26,0.112,-4.839,173.799,high
Stick Season,Noah Kahan,87,pop,0.5,0.664,0.801,0.799,-6.935,117.896,high
When I Was Your Man,Bruno Mars,87,pop,0.28,0.612,0.387,0.932,-8.648,72.795,high
Story of My Life,One Direction,86,pop,0.663,0.6,0.286,0.225,-5.802,121.07,high
Another Love,Tom Odell,86,pop,0.537,0.445,0.131,0.695,-8.532,122.769,high
lovely (with Khalid),"Billie Eilish, Khalid",86,pop,0.296,0.351,0.12,0.934,-10.109,115.284,high
Nonsense,Sabrina Carpenter,86,pop,0.697,0.74,0.732,0.0268,-4.912,138.992,high
Shape of You,Ed Sheeran,86,pop,0.652,0.825,0.931,0.581,-3.183,95.977,high
Something in the Orange,Zach Bryan,85,pop,0.192,0.369,0.148,0.555,-12.151,175.212,high
Say You Won't Let Go,James Arthur,85,pop,0.557,0.358,0.494,0.695,-7.398,85.043,high
Perfect,Ed Sheeran,86,pop,0.448,0.599,0.168,0.163,-6.312,95.05,high
The Scientist,Coldplay,84,pop,0.442,0.557,0.213,0.731,-7.224,146.277,high
Skyfall,Adele,84,pop,0.552,0.346,0.0789,0.417,-6.864,75.881,high
Thunder,Imagine Dragons,84,pop,0.822,0.604,0.288,0.00672,-4.833,167.997,high
Lover,Taylor Swift,84,pop,0.543,0.359,0.453,0.492,-7.582,68.534,high
Circles,Post Malone,83,pop,0.763,0.695,0.551,0.189,-3.497,120.042,high
Heather,Conan Gray,83,pop,0.425,0.357,0.27,0.584,-7.301,102.078,high
Ghost,Justin Bieber,83,pop,0.741,0.601,0.441,0.185,-5.569,153.96,high
Maps,Maroon 5,83,pop,0.713,0.742,0.879,0.0205,-5.522,120.032,high
Photograph,Ed Sheeran,84,pop,0.379,0.614,0.201,0.607,-10.48,107.989,high
Stitches,Shawn Mendes,82,pop,0.754,0.752,0.755,0.0151,-6.684,149.789,high
Fix You,Coldplay,82,pop,0.417,0.209,0.124,0.164,-8.74,138.178,high
Fast Car,Luke Combs,82,pop,0.603,0.712,0.67,0.186,-5.52,97.994,high
Before You Go,Lewis Capaldi,81,pop,0.574,0.459,0.183,0.608,-4.857,111.881,high
Anti-Hero,Taylor Swift,81,pop,0.648,0.633,0.49,0.121,-6.645,96.888,high
Complicated,Avril Lavigne,81,pop,0.776,0.585,0.427,0.0572,-5.898,77.987,high
Paradise,Coldplay,81,pop,0.585,0.449,0.212,0.0509,-6.761,139.631,high
Memories,Maroon 5,82,pop,0.327,0.775,0.595,0.841,-7.241,91.05,high
Thinking out Loud,Ed Sheeran,81,pop,0.445,0.781,0.591,0.474,-6.061,78.998,high
Drops of Jupiter (Tell Me),Train,80,pop,0.638,0.481,0.497,0.153,-5.862,79.064,high
Dance The Night - From Barbie The Album,Dua Lipa,80,pop,0.845,0.671,0.775,0.0207,-4.93,110.056,high
I Ain't Worried,OneRepublic,79,pop,0.797,0.704,0.825,0.0826,-5.927,139.994,high
Try,P!nk,79,pop,0.628,0.674,0.552,0.00144,-7.079,103.998,high
This Love,Maroon 5,82,pop,0.862,0.712,0.809,0.0525,-4.612,95.051,high
7 Years,Lukas Graham,79,pop,0.473,0.765,0.34,0.287,-5.829,119.992,high
Heartbreak Anniversary,Giveon,79,pop,0.465,0.449,0.543,0.524,-8.964,89.087,high
Cold Heart - PNAU Remix,"Elton John, Dua Lipa, PNAU",79,pop,0.798,0.796,0.942,0.034,-6.312,116.032,high
Like I'm Gonna Lose You (feat. John Legend),"Meghan Trainor, John Legend",78,pop,0.53,0.63,0.417,0.4,-7.259,108.038,high
Until I Found You (with Em Beihold) - Em Beihold Version,"Stephen Sanchez, Em Beihold",78,pop,0.55,0.551,0.342,0.777,-5.339,101.19,high
She Will Be Loved - Radio Mix,Maroon 5,80,pop,0.663,0.651,0.465,0.228,-5.569,102.0,high
This Town,Niall Horan,78,pop,0.401,0.677,0.195,0.712,-8.467,111.825,high
Lil Boo Thang,Paul Russell,78,pop,0.699,0.85,0.915,0.152,-3.292,114.481,high
STAY (with Justin Bieber),"The Kid LAROI, Justin Bieber",78,pop,0.764,0.591,0.478,0.0383,-5.484,169.928,high
Stuck with U (with Justin Bieber),"Ariana Grande, Justin Bieber",78,pop,0.45,0.597,0.537,0.223,-6.658,178.765,high
Marry You,Bruno Mars,78,pop,0.82,0.621,0.452,0.332,-4.865,144.905,high
Dancing On My Own,Calum Scott,78,pop,0.174,0.681,0.231,0.837,-8.745,112.672,high
Without Me,Halsey,78,pop,0.488,0.752,0.533,0.293,-7.05,136.07,high
Leave Before You Love Me (with Jonas Brothers),"Marshmello, Jonas Brothers",77,pop,0.738,0.721,0.637,0.00226,-4.77,119.976,high
Best Day Of My Life,American Authors,77,pop,0.902,0.673,0.536,0.0591,-2.392,100.012,high
Sugar,Maroon 5,78,pop,0.788,0.748,0.884,0.0591,-7.055,120.076,high
The Middle,"Zedd, Maren Morris, Grey",76,pop,0.657,0.753,0.437,0.171,-3.061,107.01,high
Lose You To Love Me,Selena Gomez,76,pop,0.342,0.516,0.0993,0.55,-8.985,102.819,high
Nothing Breaks Like a Heart (feat. Miley Cyrus),"Mark Ronson, Miley Cyrus",76,pop,0.794,0.601,0.244,0.00987,-5.844,114.066,high
Last Night,Morgan Wallen,76,pop,0.673,0.492,0.488,0.413,-5.431,203.812,high
Royals,Lorde,76,pop,0.426,0.674,0.337,0.12,-9.504,84.876,high
Bleeding Love,Leona Lewis,75,pop,0.656,0.638,0.225,0.188,-5.886,104.036,high
A Thousand Miles,Vanessa Carlton,75,pop,0.825,0.56,0.268,0.323,-3.862,94.931,high
Love Story (Taylor’s Version),Taylor Swift,75,pop,0.792,0.627,0.415,0.13,-4.311,119.054,high
Señorita,"Shawn Mendes, Camila Cabello",75,pop,0.54,0.759,0.75,0.037,-6.039,116.947,high
Wide Awake,Katy Perry,74,pop,0.683,0.515,0.572,0.0749,-5.099,159.878,high
I'm Yours,Jason Mraz,74,pop,0.444,0.703,0.712,0.559,-9.331,150.96,high
Wherever You Will Go,The Calling,74,pop,0.719,0.558,0.371,0.0367,-5.113,112.027,high
Somebody That I Used To Know,"Gotye, Kimbra",74,pop,0.495,0.864,0.72,0.591,-7.036,129.062,high
Girl on Fire,Alicia Keys,74,pop,0.706,0.482,0.144,0.135,-5.762,92.513,high
You Know I'm No Good,Amy Winehouse,74,pop,0.495,0.694,0.799,0.0137,-14.222,103.375,high
Be Alright,Dean Lewis,74,pop,0.586,0.553,0.443,0.697,-6.319,126.684,high
Someone To You,BANNERS,74,pop,0.903,0.52,0.652,0.00517,-5.497,74.988,high
Arcade,Duncan Laurence,73,pop,0.331,0.459,0.271,0.817,-12.603,72.023,high
Fight Song,Rachel Platten,73,pop,0.714,0.564,0.33,0.0549,-4.987,175.924,high
Teenage Dream,Katy Perry,73,pop,0.798,0.719,0.591,0.0162,-4.582,120.012,high
What About Us,P!nk,72,pop,0.588,0.491,0.193,0.0281,-6.177,113.608,high
Demons,Imagine Dragons,72,pop,0.71,0.5,0.419,0.19,-3.015,89.929,high
If You Love Her,Forest Blakk,72,pop,0.445,0.286,0.278,0.355,-8.087,50.827,high
Issues,Julia Michaels,72,pop,0.415,0.728,0.455,0.401,-6.852,114.145,high
You Say,Lauren Daigle,72,pop,0.632,0.494,0.0797,0.682,-6.89,147.873,high
If the World Was Ending (feat. Julia Michaels),"JP Saxe, Julia Michaels",72,pop,0.473,0.464,0.604,0.866,-10.086,75.801,high
Halo,Beyoncé,71,pop,0.72,0.508,0.472,0.272,-5.908,79.983,high
We Are Young (feat. Janelle Monáe),"fun., Janelle Monáe",71,pop,0.638,0.378,0.735,0.02,-5.576,184.086,high
Back To Black,Amy Winehouse,70,pop,0.725,0.49,0.335,0.123,-3.304,123.28,high
"10,000 Hours (with Justin Bieber)","Dan + Shay, Justin Bieber",70,pop,0.63,0.654,0.43,0.153,-4.644,89.991,high
Rise Up,Andra Day,70,pop,0.316,0.398,0.174,0.805,-7.031,118.582,high
Part Of Me,Katy Perry,70,pop,0.922,0.666,0.758,0.000348,-4.645,130.007,high
jar of hearts,Christina Perri,69,pop,0.348,0.349,0.0886,0.726,-6.142,74.541,high
Chandelier,Sia,69,pop,0.787,0.399,0.572,0.0197,-2.88,117.089,high
Control,Zoe Wees,69,pop,0.465,0.6,0.0682,0.643,-4.951,113.81,high
Starboy,"The Weeknd, Daft Punk",87,pop,0.587,0.679,0.486,0.141,-7.015,186.003,high
Without Me,Eminem,86,pop,0.669,0.908,0.662,0.00286,-2.827,112.238,high
Take on Me,a-ha,84,pop,0.902,0.573,0.876,0.018,-7.638,84.412,high
Hips Don't Lie (feat. Wyclef Jean),"Shakira, Wyclef Jean",84,pop,0.824,0.778,0.758,0.284,-5.892,100.024,high
Yeah! (feat. Lil Jon & Ludacris),"USHER, Lil Jon, Ludacris",84,pop,0.791,0.894,0.583,0.0183,-4.699,105.018,high
Shut Up and Dance,WALK THE MOON,83,pop,0.866,0.578,0.619,0.00701,-3.804,128.038,high
Livin' On A Prayer,Bon Jovi,83,pop,0.887,0.532,0.794,0.0778,-3.757,122.509,high
Wake Me Up,Avicii,83,pop,0.783,0.532,0.643,0.0038,-5.697,124.08,high
Toxic,Britney Spears,83,pop,0.838,0.774,0.924,0.0249,-3.914,143.04,high
Sweet Dreams (Are Made of This) - 2005 Remaster,"Eurythmics, Annie Lennox, Dave Stewart",83,pop,0.711,0.692,0.875,0.225,-7.498,125.135,high
TiK ToK,Kesha,83,pop,0.837,0.755,0.714,0.0991,-2.718,120.028,high
Sorry,Justin Bieber,83,pop,0.76,0.655,0.409,0.0797,-3.669,99.947,high
Dancing Queen,ABBA,82,pop,0.87,0.543,0.754,0.358,-6.514,100.804,high
The Way I Are,"Timbaland, Keri Hilson, D.O.E.",82,pop,0.807,0.729,0.765,0.181,-6.492,114.742,high
DJ Got Us Fallin' In Love (feat. Pitbull),"USHER, Pitbull",81,pop,0.861,0.663,0.654,0.0338,-3.398,119.963,high
...Baby One More Time,Britney Spears,81,pop,0.699,0.759,0.907,0.202,-5.745,92.96,high
Ms. Jackson,Outkast,81,pop,0.806,0.843,0.613,0.143,-5.946,94.948,high
Poker Face,Lady Gaga,81,pop,0.806,0.851,0.774,0.119,-4.618,119.001,high
Time of Our Lives,"Pitbull, Ne-Yo",82,pop,0.802,0.721,0.724,0.0921,-5.797,124.022,high
I Wanna Dance with Somebody (Who Loves Me),Whitney Houston,81,pop,0.824,0.709,0.867,0.207,-8.824,118.818,high
Gimme More,Britney Spears,80,pop,0.844,0.788,0.382,0.25,-3.131,113.324,high
24K Magic,Bruno Mars,80,pop,0.803,0.818,0.632,0.034,-4.282,106.97,high
Girls Just Want to Have Fun,Cyndi Lauper,80,pop,0.799,0.71,0.725,0.22,-4.897,120.372,high
Stereo Hearts (feat. Adam Levine),"Gym Class Heroes, Adam Levine",80,pop,0.795,0.646,0.796,0.0319,-3.293,89.99,high
Call Me Maybe,Carly Rae Jepsen,80,pop,0.58,0.782,0.66,0.0114,-6.548,120.021,high
No Lie,"Sean Paul, Dua Lipa",80,pop,0.882,0.742,0.463,0.0466,-2.862,102.04,high
SexyBack (feat. Timbaland),"Justin Timberlake, Timbaland",80,pop,0.583,0.967,0.964,0.0584,-5.562,117.0,high
I Gotta Feeling,Black Eyed Peas,80,pop,0.766,0.744,0.61,0.0873,-6.375,127.966,high
What Do You Mean?,Justin Bieber,79,pop,0.567,0.845,0.793,0.59,-8.118,125.02,high
Don't Stop The Music,Rihanna,79,pop,0.669,0.834,0.547,0.0341,-5.582,122.669,high
Wannabe,Spice Girls,79,pop,0.864,0.768,0.891,0.101,-6.149,110.009,high
"Moves Like Jagger - Studio Recording From ""The Voice"" Performance","Maroon 5, Christina Aguilera",79,pop,0.761,0.722,0.624,0.0119,-4.46,128.046,high
Oops!...I Did It Again,Britney Spears,79,pop,0.834,0.751,0.894,0.3,-5.444,95.053,high
Tainted Love,Soft Cell,79,pop,0.501,0.5,0.623,0.462,-8.284,144.438,high
Just Dance,"Lady Gaga, Colby O'Donis",79,pop,0.739,0.822,0.745,0.0264,-4.541,118.99,high
Candy Shop,"50 Cent, Olivia",78,pop,0.574,0.613,0.755,0.0253,-7.961,125.18,high
Gimme! Gimme! Gimme! (A Man After Midnight),ABBA,78,pop,0.491,0.749,0.536,0.02,-9.655,119.528,high
Don't You Worry Child - Radio Edit,"Swedish House Mafia, John Martin",78,pop,0.84,0.612,0.438,0.112,-3.145,129.042,high
Rock Your Body,Justin Timberlake,78,pop,0.714,0.892,0.817,0.201,-6.055,100.972,high
Disturbia,Rihanna,78,pop,0.814,0.707,0.717,0.0861,-4.509,124.921,high
Believe,Cher,78,pop,0.917,0.652,0.459,0.0082,-6.72,132.975,high
Don't Go Breaking My Heart,"Elton John, Kiki Dee",78,pop,0.844,0.729,0.777,0.149,-8.824,131.459,high
Can't Get You out of My Head,Kylie Minogue,78,pop,0.563,0.766,0.964,0.0263,-7.516,126.007,high
Temperature,Sean Paul,78,pop,0.6,0.951,0.822,0.106,-4.675,125.04,high
Latch,"Disclosure, Sam Smith",78,pop,0.726,0.503,0.529,0.0159,-5.456,121.981,high
9 to 5,Dolly Parton,78,pop,0.783,0.554,0.813,0.416,-5.852,105.39,high
Shake It Off,Taylor Swift,78,pop,0.8,0.647,0.942,0.0647,-5.384,160.078,high
Pon de Replay,Rihanna,78,pop,0.64,0.779,0.499,0.000155,-8.415,99.017,high
Lady - Hear Me Tonight,Modjo,77,pop,0.808,0.72,0.869,0.00793,-5.627,126.041,high
All That She Wants,Ace of Base,77,pop,0.625,0.798,0.858,0.00547,-9.689,93.764,high
Levels - Radio Edit,Avicii,77,pop,0.889,0.584,0.464,0.0462,-5.941,126.04,high
Billie Jean,Michael Jackson,77,pop,0.654,0.92,0.847,0.0236,-3.051,117.046,high
Feel This Moment (feat. Christina Aguilera),"Pitbull, Christina Aguilera",77,pop,0.758,0.673,0.542,0.039,-3.632,135.956,high
Crazy In Love (feat. Jay-Z),"Beyoncé, JAY-Z",77,pop,0.77,0.646,0.681,0.00249,-6.596,99.165,high
Can't Hold Us (feat. Ray Dalton),"Macklemore, Ryan Lewis, Macklemore & Ryan Lewis, Ray Dalton",76,pop,0.922,0.641,0.847,0.0291,-4.457,146.078,high
Starships,Nicki Minaj,76,pop,0.716,0.747,0.751,0.135,-2.457,125.006,high
No Diggity,"Blackstreet, Dr. Dre, Queen Pen",76,pop,0.646,0.867,0.67,0.303,-4.674,88.634,high
Walking On Sunshine,Katrina & The Waves,76,pop,0.87,0.597,0.944,0.0119,-11.97,109.901,high
International Love (feat. Chris Brown),"Pitbull, Chris Brown",77,pop,0.855,0.67,0.648,0.0124,-3.035,120.05,high
Mamma Mia,ABBA,76,pop,0.748,0.749,0.827,0.295,-7.011,137.547,high
Don't You Want Me,The Human League,76,pop,0.738,0.731,0.958,0.184,-8.125,117.656,high
"CAN'T STOP THE FEELING! (from DreamWorks Animation's ""TROLLS"")",Justin Timberlake,76,pop,0.83,0.666,0.702,0.0123,-5.715,113.03,high
Boogie Wonderland,"Earth, Wind & Fire, The Emotions",76,pop,0.756,0.802,0.963,0.0843,-10.791,131.715,high
Con Calma,"Daddy Yankee, Snow",76,pop,0.86,0.737,0.656,0.11,-2.652,93.989,high
Glad You Came,The Wanted,76,pop,0.851,0.722,0.452,0.0319,-3.873,126.885,high
Lean On (feat. MØ & DJ Snake),"Major Lazer, MØ, DJ Snake",76,pop,0.809,0.723,0.274,0.00346,-3.081,98.007,high
Good Feeling,Flo Rida,76,pop,0.89,0.706,0.684,0.0588,-4.444,128.011,high
Good Time,"Owl City, Carly Rae Jepsen",75,pop,0.872,0.56,0.682,0.0239,-4.269,126.05,high
Replay,Iyaz,75,pop,0.751,0.706,0.195,0.173,-6.323,91.031,high
Break Free,"Ariana Grande, Zedd",75,pop,0.702,0.686,0.29,0.00637,-5.325,129.948,high
"Freed From Desire - prod. Molella, Phil Jay","Gala, Molella, Phil Jay",75,pop,0.861,0.704,0.636,0.587,-4.221,128.99,high
Flashdance...What a Feeling - Radio Edit,Irene Cara,75,pop,0.655,0.572,0.392,0.00579,-7.027,122.49,high
Ride Wit Me,"Nelly, City Spud",75,pop,0.7,0.85,0.724,0.0607,-6.49,101.875,high
Mambo No. 5 (a Little Bit of...),Lou Bega,75,pop,0.807,0.622,0.892,0.103,-6.752,174.06,high
Let's Groove,"Earth, Wind & Fire",75,pop,0.648,0.869,0.9,0.121,-8.698,125.035,high
"Whenever, Wherever",Shakira,74,pop,0.832,0.794,0.871,0.237,-4.862,107.657,high
Destination Calabria - Radio Edit,"Alex Gaudino, Crystal Waters",74,pop,0.954,0.627,0.312,0.0015,-4.804,128.016,high
Everybody (Backstreet's Back) - Radio Edit,Backstreet Boys,74,pop,0.853,0.731,0.605,0.0352,-4.219,108.016,high
Like a Prayer,Madonna,74,pop,0.842,0.625,0.26,0.264,-5.285,111.038,high
Hot N Cold,Katy Perry,74,pop,0.842,0.706,0.861,7.73e-05,-3.956,132.032,high
Bye Bye Bye,*NSYNC,74,pop,0.928,0.614,0.879,0.0408,-4.806,172.656,high
Hot In Herre,Nelly,74,pop,0.741,0.956,0.911,0.204,-4.753,107.075,high
Take A Chance On Me,ABBA,74,pop,0.675,0.684,0.924,0.163,-8.123,107.064,high
Barbie Girl,Aqua,74,pop,0.879,0.812,0.962,0.017,-10.998,129.991,high
Give It To Me,"Timbaland, Justin Timberlake, Nelly Furtado",74,pop,0.711,0.975,0.815,0.168,-3.904,110.621,high
Just Can't Get Enough,Depeche Mode,74,pop,0.772,0.766,0.919,0.403,-9.362,128.168,high
Stayin' Alive,Bee Gees,74,pop,0.535,0.707,0.641,0.113,-19.793,103.644,high
Return of the Mack,Mark Morrison,73,pop,0.833,0.715,0.612,0.00631,-5.379,95.487,high
Don't Stop 'Til You Get Enough,Michael Jackson,73,pop,0.821,0.878,0.947,0.126,-9.875,118.881,high
"December, 1963 (Oh What a Night!)",Frankie Valli & The Four Seasons,73,pop,0.495,0.737,0.967,0.0588,-13.489,104.409,high
Don't Worry (with Ray Dalton) - Radio Edit,"Madcon, Ray Dalton",73,pop,0.699,0.811,0.733,0.0726,-5.211,122.987,high
Livin' la Vida Loca,Ricky Martin,73,pop,0.954,0.425,0.933,0.00414,-3.756,178.043,high
Blurred Lines,"Robin Thicke, T.I., Pharrell Williams",73,pop,0.599,0.853,0.843,0.00334,-4.756,119.993,high
4 Minutes (feat. Justin Timberlake & Timbaland),"Madonna, Justin Timberlake, Timbaland",73,pop,0.931,0.753,0.767,0.00994,-4.922,113.026,high
Call on Me - Radio Mix,Eric Prydz,73,pop,0.837,0.597,0.447,0.00427,-6.518,126.342,high
Best of My Love,The Emotions,73,pop,0.713,0.784,0.97,0.447,-6.865,115.443,high
Get Up (Rattle) [feat. Far East Movement] - Vocal Edit,"Bingo Players, Far East Movement",72,pop,0.985,0.801,0.72,0.0205,-2.69,127.99,high
Kiss,Prince,73,pop,0.271,0.898,0.742,0.0135,-12.238,111.485,high
Where Them Girls At (feat. Nicki Minaj & Flo Rida),"David Guetta, Flo Rida, Nicki Minaj",72,pop,0.876,0.666,0.552,0.055,-3.078,129.884,high
I Kissed A Girl,Katy Perry,72,pop,0.76,0.702,0.696,0.00226,-3.174,129.996,high
Miami,Will Smith,72,pop,0.534,0.877,0.89,0.0339,-6.178,108.17,high
Coco Jamboo,Mr. President,72,pop,0.838,0.832,0.965,0.0791,-5.414,100.021,high
Born to Be Alive - The Original,Patrick Hernandez,72,pop,0.868,0.704,0.808,0.0834,-5.808,131.468,high
Music Sounds Better With You - Radio Edit,"Stardust, Benjamin Diamond, Alan Braxe, Thomas Bangalter",72,pop,0.662,0.729,0.359,0.00128,-7.191,124.149,high
Gangnam Style (강남스타일),PSY,72,pop,0.937,0.727,0.749,0.00417,-2.871,132.067,high
All Around The World (La La La),"R3HAB, A Touch Of Class",71,pop,0.859,0.733,0.52,0.479,-5.03,124.948,high
The Sign,Ace of Base,71,pop,0.786,0.808,0.899,0.00928,-6.897,96.987,high
Don't Cha,"The Pussycat Dolls, Busta Rhymes",71,pop,0.63,0.875,0.548,0.00546,-3.475,120.016,high
U Can't Touch This,MC Hammer,71,pop,0.517,0.867,0.862,0.00449,-13.22,133.149,high
Love Really Hurts Without You,Billy Ocean,71,pop,0.907,0.518,0.961,0.00221,-3.732,140.982,high
Cotton Eye Joe,Rednex,71,pop,0.936,0.729,0.598,0.0129,-7.536,131.986,high
Born This Way,Lady Gaga,71,pop,0.828,0.587,0.493,0.00327,-5.108,123.907,high
Rockabye (feat. Sean Paul & Anne-Marie),"Clean Bandit, Sean Paul, Anne-Marie",70,pop,0.763,0.72,0.742,0.406,-4.068,101.965,high
Tarzan Boy,Baltimora,70,pop,0.573,0.684,0.716,0.318,-12.3,107.363,high
The Rhythm of the Night,Corona,70,pop,0.805,0.69,0.799,0.000232,-11.522,127.808,high
Never Forget You,"Zara Larsson, MNEK",70,pop,0.732,0.583,0.277,0.00315,-5.729,146.005,high
Ice Ice Baby,Vanilla Ice,70,pop,0.792,0.979,0.583,0.0025,-2.784,116.012,high
Beanie,Chezile,82,pop,0.556,0.531,0.156,0.407,-6.245,138.978,high
the perfect pair,beabadoobee,80,pop,0.663,0.634,0.6,0.433,-6.818,146.053,high
Nothing's New,Rio Romeo,78,pop,0.394,0.421,0.399,0.863,-8.312,96.192,high
Bags,Clairo,78,pop,0.546,0.742,0.868,0.172,-7.694,104.996,high
Tip Toe,HYBS,76,pop,0.486,0.687,0.792,0.587,-8.673,163.9,high
For the First Time,Mac DeMarco,80,pop,0.529,0.551,0.521,0.296,-10.469,75.515,high
Better,sign crushes motorist,73,pop,0.0867,0.696,0.349,0.988,-25.203,129.989,high
4EVER,Clairo,73,pop,0.585,0.75,0.584,0.049,-7.576,102.331,high
In A Good Way,Faye Webster,71,pop,0.286,0.587,0.302,0.185,-8.839,71.123,high
i wanna be your girlfriend,girl in red,73,pop,0.382,0.541,0.343,0.0215,-14.323,155.901,high
Like a Stone,Audioslave,77,rock,0.568,0.614,0.516,0.00797,-5.477,107.849,high
Do I Wanna Know?,Arctic Monkeys,84,rock,0.532,0.548,0.405,0.186,-7.596,85.03,high
Ride,Twenty One Pilots,80,rock,0.713,0.645,0.566,0.00835,-5.355,74.989,high
Otherside,Red Hot Chili Peppers,81,rock,0.795,0.458,0.513,0.00316,-3.265,123.229,high
What I've Done,Linkin Park,81,rock,0.935,0.627,0.287,0.0092,-4.882,120.092,high
Decode,Paramore,71,rock,0.87,0.28,0.284,0.000686,-4.219,164.057,high
Breaking the Habit,Linkin Park,74,rock,0.865,0.58,0.587,0.105,-4.359,100.016,high
Maps,Yeah Yeah Yeahs,75,rock,0.941,0.502,0.124,0.000346,-5.194,119.783,high
BURN IT DOWN,Linkin Park,76,rock,0.972,0.585,0.585,0.0143,-4.45,110.006,high
New Divide,Linkin Park,70,rock,0.808,0.493,0.38,0.000235,-3.365,117.971,high
21 Guns,Green Day,74,rock,0.742,0.268,0.416,0.0518,-4.939,159.779,high
Everybody's Changing,Keane,73,rock,0.839,0.517,0.416,0.0014,-3.521,94.015,high
Leave Out All The Rest,Linkin Park,71,rock,0.637,0.514,0.18,0.213,-6.418,80.401,high
I Don't Love You,My Chemical Romance,74,rock,0.796,0.289,0.33,0.00837,-4.22,169.835,high
Scar Tissue,Red Hot Chili Peppers,82,rock,0.717,0.595,0.547,0.0779,-4.803,88.969,high
Where Is My Mind?,Pixies,72,rock,0.442,0.513,0.243,0.00731,-13.529,81.201,high
CASTLE OF GLASS,Linkin Park,74,rock,0.911,0.615,0.685,0.0686,-3.584,108.0,high
Can't Stop,Red Hot Chili Peppers,81,rock,0.938,0.618,0.875,0.0179,-3.442,91.455,high
Black,Pearl Jam,73,rock,0.684,0.36,0.2,0.323,-6.457,77.15,high
THE LONELIEST,Måneskin,68,rock,0.595,0.519,0.237,0.00151,-5.001,129.786,high
Ain't No Rest for the Wicked,Cage The Elephant,76,rock,0.849,0.636,0.917,0.0438,-7.075,156.036,high
Snow (Hey Oh),Red Hot Chili Peppers,77,rock,0.9,0.427,0.599,0.116,-3.674,104.655,high
Supermassive Black Hole,Muse,78,rock,0.921,0.668,0.782,0.0492,-3.727,120.0,high
My Demons,STARSET,70,rock,0.652,0.274,0.1,0.00768,-6.196,173.008,high
Use Somebody,Kings of Leon,76,rock,0.715,0.276,0.173,0.00552,-5.356,137.028,high
Dani California,Red Hot Chili Peppers,77,rock,0.913,0.556,0.73,0.0193,-2.36,96.184,high
"Sex, Drugs, Etc.",Beach Weather,73,rock,0.839,0.572,0.465,0.013,-5.083,143.969,high
In My Place,Coldplay,74,rock,0.588,0.424,0.193,0.0553,-5.455,144.636,high
Paralyzer,Finger Eleven,74,rock,0.939,0.644,0.861,0.157,-3.486,106.031,high
Last Night on Earth,Green Day,68,rock,0.486,0.556,0.243,0.0371,-7.139,119.955,high
In the Shadows,The Rasmus,71,rock,0.796,0.6,0.75,0.000109,-4.481,105.991,high
Take Me Out,Franz Ferdinand,80,rock,0.663,0.277,0.527,0.000409,-8.821,104.561,high
Far Behind,Candlebox,68,rock,0.645,0.552,0.588,0.00187,-6.595,89.518,high
Just Like Heaven,The Cure,73,rock,0.94,0.437,0.48,0.0524,-6.946,151.417,high
By the Way,Red Hot Chili Peppers,74,rock,0.97,0.451,0.198,0.0264,-4.938,122.444,high
Two Faced,Linkin Park,79,rock,0.945,0.51,0.323,0.000658,-5.405,91.906,high
Starburster,Fontaines D.C.,69,rock,0.862,0.511,0.361,0.0656,-5.677,98.021,high
Beaches,beabadoobee,69,rock,0.812,0.417,0.419,0.0154,-3.979,82.002,high
Fear of the Dark - 2015 Remaster,Iron Maiden,69,metal,0.866,0.308,0.227,0.000739,-5.671,109.825,high
Seek & Destroy - Remastered,Metallica,68,metal,0.964,0.445,0.448,0.037,-5.493,140.817,high
Dirty Little Secret,The All-American Rejects,70,punk,0.954,0.465,0.458,0.000346,-4.251,143.85,high
The Middle,Jimmy Eat World,80,punk,0.849,0.643,0.903,0.0371,-5.428,162.152,high
Gives You Hell,The All-American Rejects,69,punk,0.691,0.718,0.552,0.0159,-6.44,100.008,high
1985,Bowling For Soup,69,punk,0.887,0.606,0.903,0.000242,-4.404,119.974,high
Stacy's Mom,Fountains Of Wayne,72,punk,0.75,0.774,0.927,0.00207,-4.927,118.015,high
Misery Business,Paramore,73,punk,0.906,0.517,0.731,0.00272,-3.677,172.977,high
Call Me When You're Sober,Evanescence,69,punk,0.883,0.45,0.328,0.00193,-4.094,93.41,high
Sk8er Boi,Avril Lavigne,77,punk,0.9,0.487,0.484,6.79e-05,-4.417,149.937,high
I'm with You,Avril Lavigne,73,punk,0.406,0.457,0.208,0.08,-7.462,151.95,high
My Happy Ending,Avril Lavigne,70,punk,0.936,0.414,0.74,0.00136,-2.407,170.229,high
The Anthem,Good Charlotte,75,punk,0.939,0.494,0.893,0.00666,-3.127,177.751,high
Ain't It Fun,Paramore,71,punk,0.893,0.61,0.673,0.154,-3.681,104.031,high
Still into You,Paramore,78,punk,0.923,0.602,0.765,0.0098,-3.763,136.01,high
I Write Sins Not Tragedies,Panic! At The Disco,72,punk,0.83,0.569,0.609,0.0807,-4.106,170.094,high
All The Small Things,blink-182,81,punk,0.897,0.434,0.685,0.0103,-4.918,148.708,high
Wake Me up When September Ends,Green Day,77,punk,0.814,0.546,0.146,0.023,-5.146,104.98,high
Bring Me To Life,Evanescence,83,punk,0.943,0.331,0.296,0.00721,-3.188,94.612,high
What the Hell,Avril Lavigne,71,punk,0.926,0.578,0.877,0.00472,-3.689,149.976,high
I Miss You,blink-182,75,punk,0.781,0.655,0.584,0.00103,-6.547,110.024,high
Boulevard of Broken Dreams,Green Day,70,punk,0.682,0.496,0.474,0.00552,-4.095,167.06,high
American Idiot,Green Day,79,punk,0.988,0.38,0.769,2.64e-05,-2.042,186.113,high
Beverly Hills,Weezer,68,punk,0.823,0.693,0.741,0.0932,-3.761,87.904,high
The Only Exception,Paramore,74,punk,0.563,0.452,0.209,0.144,-6.607,137.715,high
I Think I'm OKAY (with YUNGBLUD & Travis Barker),"mgk, YUNGBLUD, Travis Barker",68,punk,0.744,0.628,0.277,0.0257,-4.718,119.921,high
My Own Worst Enemy,Lit,74,punk,0.946,0.494,0.741,0.00129,-2.757,103.408,high
Ocean Avenue,Yellowcard,71,punk,0.904,0.486,0.786,3.43e-05,-3.751,173.734,high
Face Down,The Red Jumpsuit Apparatus,75,punk,0.932,0.545,0.464,0.000665,-2.189,92.956,high
Miss Murder,AFI,68,punk,0.873,0.308,0.686,0.00022,-4.542,143.519,high
Thnks fr th Mmrs,Fall Out Boy,77,punk,0.892,0.46,0.59,0.0051,-5.046,154.844,high
Teenagers,My Chemical Romance,79,punk,0.857,0.463,0.856,0.0506,-3.063,111.647,high
Fat Lip,Sum 41,73,punk,0.914,0.403,0.626,0.000579,-5.215,196.482,high
What's My Age Again?,blink-182,77,punk,0.951,0.391,0.468,0.012,-7.419,157.663,high
Feel Good Inc.,Gorillaz,84,punk,0.705,0.818,0.772,0.00836,-6.679,138.559,high
I'm Not Okay (I Promise),My Chemical Romance,74,punk,0.94,0.21,0.255,0.00602,-3.427,179.722,high
Hard Times,Paramore,73,punk,0.818,0.695,0.916,0.00647,-5.379,119.965,high
Helena,My Chemical Romance,76,punk,0.96,0.356,0.0857,0.0142,-3.487,125.921,high
Famous Last Words,My Chemical Romance,72,punk,0.883,0.467,0.309,0.000321,-3.679,122.252,high
Na Na Na (Na Na Na Na Na Na Na Na Na),My Chemical Romance,68,punk,0.986,0.411,0.649,0.000264,-2.522,165.981,high
The Ghost of You,My Chemical Romance,70,punk,0.886,0.202,0.192,0.0286,-3.805,145.781,high
First Date,blink-182,74,punk,0.928,0.579,0.882,0.000715,-4.344,95.594,high
"Sugar, We're Goin Down",Fall Out Boy,76,punk,0.842,0.494,0.574,0.00579,-4.784,162.011,high
"Dance, Dance",Fall Out Boy,75,punk,0.961,0.621,0.449,0.00523,-3.198,114.451,high
The Rock Show,blink-182,69,punk,0.959,0.409,0.83,0.000324,-4.563,193.144,high
Holiday / Boulevard of Broken Dreams,Green Day,69,punk,0.827,0.29,0.45,0.000659,-3.451,167.086,high
Adam's Song,blink-182,71,punk,0.775,0.52,0.383,0.034,-5.803,136.02,high
King For A Day,"Pierce The Veil, Kellin Quinn",75,punk,0.965,0.403,0.431,3.81e-05,-2.238,112.363,high
Bulls In The Bronx,Pierce The Veil,68,punk,0.925,0.472,0.338,0.000394,-3.545,159.989,high
Sacrifice,Elton John,72,blues,0.422,0.756,0.487,0.0165,-12.967,112.751,high
I Will Always Love You,Whitney Houston,75,blues,0.214,0.332,0.11,0.845,-12.518,67.531,high
Against All Odds (Take a Look at Me Now) - 2016 Remaster,Phil Collins,74,blues,0.498,0.581,0.111,0.198,-6.9,116.262,high
End Of The Road,Boyz II Men,70,blues,0.428,0.641,0.53,0.0666,-9.29,149.705,high
The Power of Love,Céline Dion,71,blues,0.519,0.546,0.247,0.36,-9.072,140.054,high
"It Must Have Been Love - From the Film ""Pretty Woman""",Roxette,77,blues,0.652,0.52,0.722,0.339,-6.655,80.61,high
You Are Not Alone,Michael Jackson,68,blues,0.402,0.651,0.258,0.639,-9.303,119.873,high
Stuck On You,Lionel Richie,69,blues,0.317,0.509,0.247,0.621,-16.063,131.783,high
Killing Me Softly With His Song,Roberta Flack,70,blues,0.381,0.476,0.33,0.727,-10.238,121.948,high
Saving All My Love for You,Whitney Houston,68,blues,0.264,0.636,0.264,0.593,-14.567,99.304,high
Only Time,Enya,71,blues,0.249,0.418,0.213,0.841,-13.744,82.803,high
Apologize,OneRepublic,69,blues,0.74,0.593,0.501,0.364,-6.12,118.01,high
I'm Alive,Céline Dion,69,blues,0.64,0.691,0.452,0.0247,-5.087,101.991,high
Kiss from a Rose,Seal,71,blues,0.533,0.584,0.224,0.684,-7.11,131.745,high
Mad,Ne-Yo,70,blues,0.65,0.727,0.668,0.662,-5.357,129.993,high
It's All Coming Back to Me Now,Céline Dion,72,blues,0.438,0.384,0.287,0.753,-9.149,87.903,high
"Because You Loved Me (Theme from ""Up Close and Personal"")",Céline Dion,74,blues,0.467,0.615,0.177,0.314,-9.883,119.919,high
Sexual Healing,Marvin Gaye,73,blues,0.602,0.805,0.744,0.119,-9.7,94.382,high
All My Life,K-Ci & JoJo,68,blues,0.512,0.634,0.193,0.114,-8.651,128.019,high
You're Beautiful,James Blunt,75,blues,0.479,0.675,0.454,0.633,-9.87,81.998,high
Say My Name,Destiny's Child,78,blues,0.678,0.713,0.734,0.273,-3.525,138.009,high
Baby,"Justin Bieber, Ludacris",81,blues,0.859,0.728,0.535,0.0401,-5.237,65.043,high
Drunk in Love (feat. Jay-Z),"Beyoncé, JAY-Z",70,blues,0.621,0.583,0.399,0.00972,-6.902,140.036,high
Down,"Jay Sean, Lil Wayne",77,blues,0.68,0.727,0.728,0.0101,-4.498,132.012,high
Love The Way You Lie,"Eminem, Rihanna",83,blues,0.925,0.749,0.641,0.241,-5.034,86.989,high
Hate That I Love You,"Rihanna, Ne-Yo",69,blues,0.73,0.637,0.731,0.322,-5.38,93.867,high
No Love,"Eminem, Lil Wayne",68,blues,0.932,0.522,0.33,0.119,-2.87,129.473,high
Mirror,"Lil Wayne, Bruno Mars",74,blues,0.622,0.328,0.401,0.858,-7.291,74.267,high
Baby Can I Hold You,Tracy Chapman,72,blues,0.422,0.692,0.468,0.0811,-10.533,74.375,high
So Into You,Tamia,69,blues,0.479,0.656,0.708,0.0665,-7.055,184.374,high
Stan,"Eminem, Dido",79,blues,0.768,0.78,0.507,0.0371,-4.325,80.063,high
We Belong Together,Mariah Carey,74,blues,0.476,0.84,0.767,0.0264,-7.918,139.987,high
Nothing's Gonna Change My Love for You,George Benson,71,blues,0.614,0.553,0.345,0.764,-5.098,136.628,high
When I See U,Fantasia,69,blues,0.596,0.569,0.754,0.452,-6.486,93.135,high
Another Day in Paradise - 2016 Remaster,Phil Collins,77,blues,0.565,0.78,0.365,0.736,-7.32,101.967,high
Stand By Me,Ben E. King,75,blues,0.306,0.65,0.605,0.57,-9.443,118.068,high
Beautiful Girls,Sean Kingston,78,blues,0.661,0.762,0.769,0.15,-6.075,130.009,high
Sweet Home Alabama,Lynyrd Skynyrd,78,rock,0.606,0.596,0.886,0.181,-12.145,97.785,high
Free Bird,Lynyrd Skynyrd,75,rock,0.834,0.249,0.337,0.0742,-8.21,118.222,high
Simple Man,Lynyrd Skynyrd,73,rock,0.752,0.422,0.404,0.0366,-8.682,120.47,high
S P E Y S I D E,Bon Iver,72,folk,0.247,0.467,0.258,0.906,-14.161,140.232,high
Silver Lining,Mt. Joy,74,folk,0.638,0.486,0.178,0.000921,-6.231,144.458,high
To Build A Home,"The Cinematic Orchestra, Patrick Watson",72,folk,0.122,0.264,0.0735,0.885,-15.399,148.658,high
My Home,Myles Smith,73,folk,0.485,0.753,0.547,0.345,-9.431,95.968,high
Stubborn Love,The Lumineers,74,folk,0.561,0.598,0.231,0.611,-11.676,115.011,high
Thinking 'Bout Love,Wild Rivers,71,folk,0.324,0.733,0.388,0.479,-8.122,141.8,high
i am not who i was,Chance Peña,79,folk,0.22,0.702,0.197,0.698,-13.696,129.9,high
THINGS BEHIND THINGS BEHIND THINGS,Bon Iver,69,folk,0.467,0.413,0.377,0.732,-9.282,157.338,high
Orange Juice,Noah Kahan,73,folk,0.378,0.662,0.207,0.475,-10.908,120.133,high
Evergreen,Richy Mitch & The Coal Miners,84,folk,0.216,0.555,0.504,0.557,-11.661,79.109,high
anything,Adrianne Lenker,77,folk,0.291,0.388,0.51,0.774,-12.952,83.943,high
Work Song,Hozier,77,folk,0.363,0.531,0.259,0.749,-7.672,121.412,high
Je te laisserai des mots,Patrick Watson,83,folk,0.187,0.303,0.212,0.989,-16.757,132.679,high
Scared To Start,Michael Marcagi,84,folk,0.551,0.527,0.443,0.384,-11.258,148.035,high
Big Black Car,Gregory Alan Isakov,76,folk,0.186,0.6,0.468,0.909,-15.926,110.044,high
Solo,Myles Smith,73,folk,0.439,0.586,0.365,0.715,-7.993,122.877,high
Turn out fine,Henrik,68,folk,0.417,0.654,0.649,0.446,-9.226,87.003,high
Good To Be,Mark Ambor,71,folk,0.731,0.656,0.376,0.575,-5.861,94.009,high
Homesick,Noah Kahan,70,folk,0.624,0.505,0.413,0.0253,-6.526,170.076,high
The Mountain Is You,Chance Peña,69,folk,0.452,0.413,0.102,0.588,-10.232,108.953,high
Saturday Sun,Vance Joy,69,folk,0.864,0.637,0.706,0.484,-4.381,99.995,high
Down by the Water,Ocie Elliott,73,folk,0.331,0.611,0.559,0.93,-12.493,95.015,high
Walkin’ Back to Georgia,Jim Croce,69,folk,0.312,0.681,0.789,0.816,-16.173,128.094,high
The Devil Wears a Suit and Tie,Colter Wall,70,folk,0.316,0.625,0.452,0.777,-12.124,127.823,high
Heart of Gold,Neil Young,71,folk,0.399,0.537,0.832,0.202,-13.547,171.402,high
Operator (That's Not the Way It Feels),Jim Croce,71,folk,0.533,0.687,0.814,0.573,-8.853,130.398,high
A Horse with No Name,"America, George Martin",76,folk,0.507,0.653,0.831,0.687,-17.18,123.188,high
Sleeping on the Blacktop,Colter Wall,74,folk,0.309,0.583,0.473,0.824,-14.509,82.789,high
White Brown Black,"Avvy Sra, Karan Aujla, Jaani",73,indian,0.748,0.868,0.829,0.29,-3.492,119.965,high
Brown Munde,"AP Dhillon, Gminxr, Gurinder Gill, Shinda Kahlon",68,indian,0.611,0.854,0.417,0.223,-6.26,100.024,high
Can We Kiss Forever?,"Kina, Adriana Proenza",70,lofi,0.128,0.522,0.124,0.894,-18.717,109.986,high
Get You The Moon (feat. Snøw),"Kina, Snøw",73,lofi,0.235,0.498,0.0895,0.72,-16.541,118.917,high
Behind Every Decision,Yehezkel Raz,70,classical,0.00362,0.235,0.0885,0.995,-37.822,69.677,high
Stumblin' In,CYRIL,84,electronic,0.518,0.875,0.37,0.0638,-8.388,126.089,high
For Life (feat. Nile Rodgers),"Kygo, Zak Abel, Nile Rodgers",70,electronic,0.791,0.571,0.585,0.0494,-5.935,122.085,high
Hold Me,Lavern,72,electronic,0.942,0.762,0.038,0.586,-6.432,120.0,high
Riptide,TWOPILOTS,71,electronic,0.836,0.729,0.288,0.156,-4.312,113.998,high
Give It To Me - Full Vocal Mix,Matt Sassari,80,electronic,0.869,0.874,0.726,0.00116,-5.996,126.027,high
I Only Smoke When I Drink,nimino,79,electronic,0.729,0.88,0.246,0.334,-6.378,127.028,high
It's Not Right But It's Okay,Mr. Belt & Wezol,77,electronic,0.86,0.755,0.618,0.0144,-4.811,128.004,high
Never Going Home Tonight (feat. Madison Love),"David Guetta, Alesso, Madison Love",77,electronic,0.813,0.513,0.355,0.28,-2.744,125.91,high
Belly Dancer,"Imanbek, BYOR",77,electronic,0.797,0.845,0.422,0.0582,-4.984,121.985,high
Ferrari,"James Hype, Miggy Dela Rosa",76,electronic,0.69,0.847,0.692,0.0127,-7.877,125.004,high
Thunder,"Gabry Ponte, LUM!X, Prezioso",75,electronic,0.896,0.67,0.403,0.0342,-4.673,101.216,high
(It Goes Like) Nanana - Edit,Peggy Gou,75,electronic,0.876,0.671,0.964,0.12,-5.681,129.998,high
Baianá,Bakermat,75,electronic,0.722,0.587,0.466,0.000754,-6.983,121.964,high
Supernova Love,"IVE, David Guetta",74,electronic,0.886,0.655,0.778,0.066,-5.227,120.032,high
Forever Young,"David Guetta, Alphaville, Ava Max",77,electronic,0.655,0.558,0.39,0.208,-5.476,129.89,high
Mwaki,"Zerb, Sofiya Nzau",74,electronic,0.637,0.847,0.0509,0.201,-8.751,120.033,high
Alibi (feat. Rudimental),"Ella Henderson, Rudimental",74,electronic,0.793,0.545,0.411,0.191,-3.615,87.024,high
Gatluak - Bakermat Remix,"Kronan, Nyaruach, Bakermat",73,electronic,0.647,0.581,0.257,0.0778,-7.335,117.737,high
21 Reasons (feat. Ella Henderson),"Nathan Dawe, Ella Henderson",73,electronic,0.785,0.621,0.779,0.0165,-4.499,123.96,high
K.O.,"LAVINIA, Ely Oaks",72,electronic,0.841,0.714,0.865,0.0622,-5.942,129.973,high
Move Your Body,"Öwnboss, Sevek",72,electronic,0.821,0.848,0.249,0.0169,-5.408,125.051,high
Around The World,"Niklas Dee, René Miller",72,electronic,0.855,0.605,0.302,0.473,-4.414,75.031,high
Where Did You Go? (feat. MNEK),"Jax Jones, MNEK",71,electronic,0.782,0.763,0.502,0.182,-4.541,127.034,high
Good Love,"Hannah Laing, RoRo",71,electronic,0.821,0.777,0.439,0.14,-4.963,140.039,high
Never Walk Alone,"BLOND:ISH, Stevie Appleton",71,electronic,0.594,0.853,0.83,0.052,-6.823,129.995,high
adore u,"Fred again.., Obongjayar",70,electronic,0.867,0.747,0.684,0.582,-7.311,124.015,high
Hold On Me,"Kygo, Sandro Cavazza",68,electronic,0.606,0.567,0.314,0.0801,-6.543,123.006,high
Makeba - Ian Asher Remix,"Jain, Ian Asher",69,electronic,0.937,0.651,0.666,0.236,-4.078,123.993,high
Tantalizing,"Tiësto, Soaky Siren",69,electronic,0.888,0.671,0.412,0.0022,-4.285,123.031,high
World Gone Wild (feat. Sam Martin),"Robin Schulz, CYRIL, Sam Martin",69,electronic,0.714,0.634,0.409,0.00882,-7.529,127.993,high
Whistle (feat. Calum Scott),"Jax Jones, Calum Scott",69,electronic,0.897,0.689,0.582,0.145,-4.487,124.025,high
Born To Love Ya,"Gabry Ponte, Sean Paul, NATTI NATASHA",69,electronic,0.863,0.652,0.805,0.0921,-4.853,130.02,high
Love Is The Only Thing,Lost Frequencies,68,electronic,0.688,0.608,0.214,0.0554,-8.597,127.938,high
2 Times,"Dimitri Vegas, Steve Aoki, Ann Lee, Sound Of Legend",68,electronic,0.951,0.772,0.4,0.0634,-3.375,74.973,high
Deep In Your Love,"Alok, Bebe Rexha",68,electronic,0.88,0.588,0.523,0.0243,-5.15,130.085,high
Happier (feat. Clementine Douglas),"The Blessed Madonna, Clementine Douglas",68,electronic,0.831,0.785,0.673,0.0038,-3.681,126.056,high
Honey Boy (feat. Nile Rodgers & Shenseea),"Purple Disco Machine, Benjamin Ingrosso, Nile Rodgers, Shenseea",68,electronic,0.8,0.724,0.925,0.0103,-5.468,119.984,high
Alone,Marshmello,68,electronic,0.953,0.631,0.422,0.0241,-3.739,141.99,high
El Listón De Tu Pelo,Los Ángeles Azules,71,latin,0.432,0.695,0.765,0.312,-8.195,81.109,high
17 Años,Los Ángeles Azules,68,latin,0.483,0.738,0.774,0.467,-9.097,90.941,high
Piensa En Mí,Grupo Mojado,73,latin,0.538,0.72,0.805,0.348,-8.874,80.096,high
Gata Only (Remix),"FloyyMenor, Ozuna, Anitta",73,latin,0.681,0.725,0.762,0.318,-5.277,99.998,high
ADIVINO,"Myke Towers, Bad Bunny",77,latin,0.854,0.786,0.522,0.169,-2.4,117.994,high
REINA,"Mora, SAIKO",71,latin,0.578,0.724,0.757,0.632,-7.117,167.985,high
HIBIKI,"Bad Bunny, Mora",70,latin,0.645,0.801,0.528,0.604,-5.605,119.935,high
MONACO,Bad Bunny,77,latin,0.621,0.787,0.13,0.15,-5.009,139.056,high
FINA,"Bad Bunny, Young Miko",73,latin,0.724,0.847,0.396,0.0869,-5.41,94.601,high
DILUVIO,Rauw Alejandro,81,latin,0.795,0.845,0.681,0.343,-3.502,94.969,high
QLONA,"KAROL G, Peso Pluma",83,latin,0.738,0.841,0.484,0.52,-7.455,169.918,high
WHERE SHE GOES,Bad Bunny,74,latin,0.8,0.652,0.234,0.143,-4.019,143.978,high
Coco Chanel,"Eladio Carrion, Bad Bunny",73,latin,0.706,0.863,0.686,0.143,-5.555,140.017,high
La Jumpa,"Arcángel, Bad Bunny",69,latin,0.703,0.713,0.576,0.298,-5.769,123.06,high
Me Porto Bonito,"Bad Bunny, Chencho Corleone",81,latin,0.712,0.911,0.425,0.0901,-5.105,92.005,high
Efecto,Bad Bunny,79,latin,0.475,0.801,0.234,0.141,-8.797,98.047,high
Tití Me Preguntó,Bad Bunny,79,latin,0.715,0.65,0.187,0.0993,-5.198,106.672,high
Tarot,"Bad Bunny, JHAYCO",76,latin,0.684,0.795,0.419,0.0225,-3.971,114.011,high
La Corriente,"Bad Bunny, Tony Dize",73,latin,0.786,0.663,0.579,0.229,-3.51,196.12,high
MEMORIAS,"Mora, JHAYCO",73,latin,0.707,0.771,0.317,0.389,-6.404,127.963,high
Pa' Que Retozen,Tego Calderón,78,latin,0.856,0.815,0.872,0.4,-3.825,91.995,high
Volví,"Aventura, Bad Bunny",74,latin,0.86,0.725,0.791,0.422,-3.726,175.896,high
Volando - Remix,"Mora, Bad Bunny, Sech",73,latin,0.688,0.659,0.632,0.207,-4.649,153.979,high
Yonaguni,Bad Bunny,75,latin,0.648,0.644,0.44,0.276,-4.601,179.951,high
TE MUDASTE,Bad Bunny,72,latin,0.637,0.811,0.471,0.234,-4.835,92.025,high
LA NOCHE DE ANOCHE,"Bad Bunny, ROSALÍA",74,latin,0.618,0.856,0.391,0.0303,-4.892,81.993,high
"Yo x Ti, Tu x Mi","ROSALÍA, Ozuna",69,latin,0.759,0.78,0.579,0.462,-3.292,91.952,high
DÁKITI,"Bad Bunny, JHAYCO",75,latin,0.573,0.731,0.145,0.401,-10.059,109.928,high
Hasta Que Dios Diga,"Anuel AA, Bad Bunny",74,latin,0.765,0.691,0.855,0.464,-4.727,174.021,high
Safaera,"Bad Bunny, Jowell & Randy, Ñengo Flow",72,latin,0.829,0.607,0.685,0.0103,-4.074,96.172,high
La Difícil,Bad Bunny,70,latin,0.848,0.685,0.761,0.0861,-4.561,179.87,high
A Tu Merced,Bad Bunny,73,latin,0.791,0.86,0.887,0.169,-4.784,92.023,high
Si Veo a Tu Mamá,Bad Bunny,74,latin,0.603,0.9,0.824,0.402,-5.313,129.928,high
La Zona,Bad Bunny,68,latin,0.801,0.762,0.81,0.2,-3.661,93.992,high
Yo Perreo Sola,Bad Bunny,69,latin,0.758,0.86,0.453,0.021,-5.16,97.014,high
Fantasias,"Rauw Alejandro, Farruko",71,latin,0.703,0.879,0.788,0.143,-4.219,94.004,high
Velitas,"Darell, Brytiago",70,latin,0.596,0.819,0.622,0.225,-7.009,165.951,high
LA CANCIÓN,"J Balvin, Bad Bunny",82,latin,0.646,0.756,0.429,0.152,-5.795,176.088,high
QUE PRETENDES,"J Balvin, Bad Bunny",75,latin,0.791,0.639,0.933,0.0275,-4.443,92.603,high
Callaita,"Bad Bunny, Tainy",72,latin,0.624,0.61,0.244,0.6,-4.773,176.169,high
Con Altura,"ROSALÍA, J Balvin, El Guincho",69,latin,0.689,0.882,0.746,0.39,-4.027,97.963,high
Verte Ir,"DJ Luian, Mambo Kingz, Anuel AA, Nicky Jam, Darell, Brytiago",69,latin,0.647,0.857,0.553,0.391,-4.152,95.982,high
Mayores,"Becky G, Bad Bunny",70,latin,0.836,0.746,0.874,0.145,-4.336,96.993,high
512,"Mora, JHAYCO",74,latin,0.673,0.818,0.695,0.348,-7.542,87.961,high
Ay Vamos,J Balvin,72,latin,0.711,0.718,0.92,0.157,-5.746,173.916,high
Borro Cassette,Maluma,82,latin,0.701,0.73,0.785,0.132,-5.885,175.95,high
6:00 AM,"J Balvin, Farruko",69,latin,0.746,0.746,0.733,0.152,-5.046,175.965,high
Sensualidad,"Bad Bunny, Prince Royce, J Balvin, Mambo Kingz, DJ Luian",69,latin,0.681,0.807,0.676,0.423,-6.268,140.006,high
Sigue Bailandome,"Yannc, Darkiel, Eladio Carrion, Brray, Myke Towers",70,latin,0.69,0.799,0.682,0.282,-7.252,106.034,high
No Es Justo,"J Balvin, Zion & Lennox",69,latin,0.812,0.683,0.724,0.161,-4.493,87.864,high
Una Vez,"Bad Bunny, Mora",74,latin,0.598,0.55,0.543,0.132,-5.402,83.836,high
Una Locura,"Ozuna, J Balvin, Chencho Corleone",69,latin,0.761,0.714,0.906,0.139,-4.596,168.022,high
Bandido,"Myke Towers, Juhn",70,latin,0.617,0.713,0.682,0.122,-4.637,168.021,high
UN PESO,"J Balvin, Bad Bunny, Marciano Cantero",75,latin,0.675,0.627,0.961,0.125,-7.125,79.31,high
EL MAKINON,"KAROL G, Mariah Angeliq",70,latin,0.706,0.635,0.443,0.256,-3.224,88.863,high
Pepas,Farruko,76,latin,0.766,0.762,0.442,0.00776,-3.955,130.001,high
ALMAS GEMELAS,Myke Towers,69,latin,0.745,0.793,0.716,0.182,-4.579,94.979,high
Bichiyal,"Bad Bunny, Yaviah",70,latin,0.766,0.737,0.662,0.31,-4.242,93.956,high
Lo Siento BB:/ (with Bad Bunny & Julieta Venegas),"Tainy, Bad Bunny, Julieta Venegas",70,latin,0.703,0.639,0.138,0.0889,-6.33,169.888,high
MAMIII,"Becky G, KAROL G",69,latin,0.7,0.843,0.899,0.0934,-3.563,93.991,high
Desesperados,"Rauw Alejandro, Chencho Corleone",68,latin,0.694,0.869,0.511,0.356,-3.35,90.02,high
Te Felicito,"Shakira, Rauw Alejandro",70,latin,0.636,0.695,0.575,0.234,-4.654,174.14,high
Después de la Playa,Bad Bunny,71,latin,0.903,0.564,0.607,0.356,-3.221,78.293,high
Moscow Mule,Bad Bunny,79,latin,0.674,0.804,0.292,0.294,-5.453,99.968,high
Agosto,Bad Bunny,71,latin,0.584,0.849,0.724,0.0929,-8.195,115.018,high
Hola - Remix,"Dalex, Lenny Tavárez, Chencho Corleone, Juhn, Dímelo Flow",70,latin,0.673,0.655,0.342,0.473,-5.98,181.891,high
GATÚBELA,"KAROL G, Maldy",68,latin,0.858,0.627,0.342,0.263,-2.824,92.523,high
¿Qué Nos Pasó?,Anuel AA,71,latin,0.694,0.703,0.298,0.436,-4.808,95.0,high
Sexo Virtual,Rauw Alejandro,70,latin,0.739,0.704,0.425,0.328,-3.286,179.879,high
Nostálgico,"Rvssian, Rauw Alejandro, Chris Brown",70,latin,0.846,0.734,0.604,0.166,-3.425,98.026,high
La Bebe - Remix,"Yng Lvcas, Peso Pluma",79,latin,0.479,0.812,0.559,0.213,-5.678,169.922,high
QUEMA,"Ryan Castro, Peso Pluma, SOG",74,latin,0.892,0.791,0.916,0.0509,-2.58,97.008,high
LALA,Myke Towers,82,latin,0.737,0.708,0.607,0.0739,-4.045,91.986,high
Lollipop,Darell,71,latin,0.711,0.822,0.934,0.179,-4.943,102.984,high
Pa Ti Estoy,"Ozuna, Anuel AA, Chris Jedi",72,latin,0.812,0.785,0.903,0.147,-3.174,162.087,high
Corazón Roto - Remix,"Brray, JHAYCO, Ryan Castro",69,latin,0.794,0.843,0.796,0.226,-4.686,92.998,high
El Efecto - Remix,"Rauw Alejandro, Chencho Corleone, KEVVO, Bryant Myers, Lyanno, Dalex",68,latin,0.769,0.771,0.931,0.18,-3.504,167.969,high
BELLAKEO,"Peso Pluma, Anitta",75,latin,0.88,0.72,0.463,0.0562,-2.834,180.011,high
Si Se Da - Remix,"Myke Towers, Farruko, Arcángel, Sech, Zion",72,latin,0.672,0.817,0.774,0.441,-5.612,93.999,high
Nada,"Cazzu, Lyanno, Rauw Alejandro, Dalex",71,latin,0.543,0.898,0.359,0.343,-8.317,98.992,high
Santa,"Rvssian, Rauw Alejandro, Ayra Starr",79,latin,0.709,0.725,0.648,0.321,-5.017,99.993,high
Guay,"Ozuna, Bad Gyal",69,latin,0.766,0.88,0.594,0.0881,-2.906,96.037,high
HASTA ABAJO,"KEVIN ROLDAN, Bryant Myers, Lyanno",69,latin,0.671,0.714,0.641,0.292,-5.119,169.727,high
BBY BOO - REMIX,"iZaak, JHAYCO, Anuel AA",75,latin,0.617,0.703,0.486,0.215,-5.696,173.97,high
SI NO ES CONTIGO,Cris Mj,85,latin,0.626,0.763,0.78,0.0859,-5.637,100.02,high
Gata Only,"FloyyMenor, Cris Mj",87,latin,0.499,0.791,0.669,0.446,-8.472,99.986,high
ELOVRGA,"Alex Favela, Grupo Marca Registrada, Joaquin Medina",75,latin,0.476,0.793,0.578,0.132,-10.515,129.992,high
Porno,"Rich Music LTD, Sech, Dalex, Justin Quiles, Lenny Tavárez, Feid",70,latin,0.71,0.535,0.523,0.428,-2.978,92.009,high
Que Se Cuide,"Luis R Conriquez, Joel De La P, Chimbala",71,latin,0.779,0.937,0.95,0.22,-3.539,128.028,high
Mejores Jordans,"Victor Mendivil, Oscar Maydon",83,latin,0.583,0.669,0.271,0.603,-8.949,115.221,high
APAGA EL CEL,"FloyyMenor, Lewis Somes",76,latin,0.496,0.696,0.476,0.273,-7.532,100.025,high
LUNA,"Feid, ATL Jacob",88,latin,0.86,0.774,0.446,0.131,-2.888,100.019,high
TU TA RICA,"FloyyMenor, Lewis Somes",76,latin,0.507,0.755,0.606,0.293,-6.76,99.994,high
Parado no Bailão,"MC L da Vinte, MC Gury",73,brazilian,0.599,0.828,0.478,0.381,-1.624,86.533,high
Se Voce Nao Quer Passa a Vez,"Mc Delux, DJ Guih Da ZO",70,brazilian,0.827,0.956,0.614,0.136,1.295,129.949,high
BRAZILIAN DANÇA PHONK,"6YNTHMANE, RXDXVIL",72,brazilian,0.99,0.748,0.386,0.303,-2.39,126.015,high
Faz um Vuk Vuk (Teto Espelhado),"MC Kevin o Chris, Dj Nk Da Serra, Mc Magrinho",72,brazilian,0.413,0.92,0.679,0.504,-7.901,130.078,high
Te Maceto Depois Do Baile,"DJ Zigão, DJ Lafon Do Md, Mc Rodrigo do CN, Mc Rf",69,brazilian,0.789,0.89,0.758,0.147,-1.826,130.053,high
MTG QUEM NÃO QUER SOU EU,"DJ TOPO, Seu Jorge, Mc Leozin, MC G15",77,brazilian,0.427,0.492,0.443,0.364,-6.37,80.492,high
Ela Joga na Hora,"Mc Pogba, DJ Guih Da ZO",78,brazilian,0.669,0.949,0.843,0.36,-3.922,130.05,high
THE BOX MEDLEY FUNK 2,"THE BOX, Mc Brinquedo, MC Cebezinho, MC Tuto, Mc Laranjinha, DJ Oreia",78,brazilian,0.687,0.778,0.839,0.578,-8.568,117.008,high
Louca Encubada,"Dj Samir, Rodricci, Launch13",71,brazilian,0.955,0.679,0.713,0.000737,-3.715,130.068,high
DANÇA PRA ME PROVOCAR,"DJ JOÃO PEREIRA, MC Koringa",68,brazilian,0.582,0.615,0.892,0.269,-0.93,84.917,high
Tá OK,"DENNIS, MC Kevin o Chris",71,brazilian,0.96,0.863,0.586,0.497,-1.458,130.118,high
WHINE IN BRAZIL FUNK,Ichiss,72,brazilian,0.907,0.863,0.304,0.0683,-5.077,117.054,high
TUMBÁTUM,"Tropa do Bruxo, SMU, Dj Vitin do Pc, MC JF, MC NAHARA",70,brazilian,0.59,0.711,0.702,0.26,-5.967,86.429,high
Onlar Anlamaz Halden,Semicenk,75,turkish,0.327,0.707,0.181,0.185,-17.176,90.025,high
Geçiyor Zaman,Semicenk,75,turkish,0.729,0.629,0.427,0.431,-5.235,98.022,high
Kader Sağ Olsun,Semicenk,70,turkish,0.656,0.685,0.556,0.702,-8.028,120.001,high
Küle Dönmüşsün,"Semicenk, Doğu Swag",72,turkish,0.606,0.831,0.883,0.684,-4.84,95.056,high
Önümüz Yaz,Simge,74,turkish,0.914,0.726,0.839,0.0758,-4.226,108.02,high
Kafamın İçi,"Ebru Yaşar, Siyam, Zeyd",68,turkish,0.724,0.536,0.587,0.748,-6.84,78.753,high
Lan,Zeynep Bastık,69,turkish,0.622,0.406,0.567,0.497,-7.647,204.028,high
Self Care,Mac Miller,73,hip-hop,0.538,0.52,0.177,0.367,-8.109,141.894,high
"I'm Good Luv, Enjoy.",Aaron May,75,hip-hop,0.586,0.891,0.954,0.0833,-4.665,130.012,high
Doomsday,"MF DOOM, Pebbles The Invisible Girl",72,hip-hop,0.84,0.856,0.792,0.0973,-7.736,95.416,high
"Darling, I (feat. Teezo Touchdown)","Tyler, The Creator, Teezo Touchdown",87,hip-hop,0.818,0.373,0.361,0.36,-3.19,97.571,high
Jukebox Joints (feat. Joe Fox & Kanye West),"A$AP Rocky, Joe Fox, Kanye West",72,hip-hop,0.803,0.284,0.553,0.302,-5.293,67.536,high
A Cold Sunday,Lil Yachty,72,hip-hop,0.86,0.575,0.834,0.298,-3.165,76.54,high
infinity (888) - feat. Joey Bada$$,"XXXTENTACION, Joey Bada$$",70,hip-hop,0.579,0.562,0.577,0.274,-6.788,84.143,high
MY EYES,Travis Scott,82,hip-hop,0.621,0.455,0.28,0.651,-7.694,119.043,high
Devil In A New Dress,"Kanye West, Rick Ross",76,hip-hop,0.76,0.435,0.206,0.0175,-4.935,80.082,high
Love Yourz,J. Cole,73,hip-hop,0.638,0.677,0.435,0.589,-8.631,82.81,high
Go Flex,Post Malone,72,hip-hop,0.498,0.665,0.127,0.23,-8.185,81.958,high
Champagne Shots,Sainté,68,hip-hop,0.441,0.942,0.925,0.493,-11.448,135.028,high
Rich Spirit,Kendrick Lamar,73,hip-hop,0.421,0.852,0.457,0.428,-9.153,95.977,high
I Smoked Away My Brain (I'm God x Demons Mashup) (feat. Imogen Heap & Clams Casino),"A$AP Rocky, Imogen Heap, Clams Casino",84,hip-hop,0.652,0.47,0.104,0.0831,-9.629,141.981,high
Falling Down - Bonus Track,"Lil Peep, XXXTENTACION",84,hip-hop,0.574,0.669,0.273,0.0175,-6.442,120.013,high
Righteous Minds,Joey Bada$$,68,hip-hop,0.638,0.809,0.608,0.262,-5.646,94.893,high
Everybody Dies In Their Nightmares,XXXTENTACION,81,hip-hop,0.57,0.734,0.689,0.847,-7.066,129.953,high
It Was A Good Day,Ice Cube,78,hip-hop,0.744,0.798,0.794,0.33,-5.328,82.356,high
WUSYANAME (feat. Youngboy Never Broke Again & Ty Dolla $ign),"Tyler, The Creator, YoungBoy Never Broke Again, Ty Dolla $ign",73,hip-hop,0.653,0.493,0.852,0.269,-5.666,142.347,high
Weekend (feat. Miguel),"Mac Miller, Miguel",72,hip-hop,0.435,0.843,0.19,0.47,-8.442,120.058,high
a lot,21 Savage,77,hip-hop,0.636,0.837,0.274,0.0395,-7.643,145.972,high
Flashing Lights,"Kanye West, Dwele",83,hip-hop,0.628,0.639,0.43,0.0381,-7.578,90.482,high
Redbone,Childish Gambino,78,hip-hop,0.354,0.741,0.583,0.181,-10.603,160.037,high
Passionfruit,Drake,80,hip-hop,0.463,0.809,0.364,0.256,-11.377,111.98,high
Ocean Prime (feat. Boldy James),"The Alchemist, Boldy James",68,hip-hop,0.604,0.583,0.691,0.735,-8.437,49.305,high
Show Me,Joey Bada$$,68,hip-hop,0.646,0.599,0.638,0.222,-6.326,176.153,high
Revenge,XXXTENTACION,84,hip-hop,0.251,0.746,0.18,0.782,-16.169,139.999,high
Embarrassed (feat. Travis Scott),"Don Toliver, Travis Scott",69,hip-hop,0.506,0.848,0.593,0.376,-5.105,115.994,high
Homecoming,"Kanye West, Chris Martin",79,hip-hop,0.747,0.67,0.918,0.337,-7.059,86.918,high
Break from Toronto,PARTYNEXTDOOR,83,hip-hop,0.678,0.595,0.259,0.0199,-5.18,117.067,high
You Know How We Do It,Ice Cube,76,hip-hop,0.52,0.747,0.601,0.0977,-10.523,92.869,high
Fuck Love,"XXXTENTACION, Trippie Redd",84,hip-hop,0.533,0.797,0.329,0.0172,-9.74,131.036,high
DUCKWORTH.,Kendrick Lamar,72,hip-hop,0.731,0.552,0.632,0.0536,-6.873,174.516,high
Good Morning,Kanye West,70,hip-hop,0.631,0.48,0.515,0.0791,-5.488,84.166,high
Neighbors,J. Cole,68,hip-hop,0.283,0.898,0.469,0.319,-12.335,138.97,high
Teenage Fever,Drake,77,hip-hop,0.283,0.766,0.144,0.111,-10.33,97.04,high
Awolowo,Fido,71,ambient,0.385,0.619,0.294,0.129,-11.272,106.312,high
Holy Ghost,Omah Lay,70,ambient,0.415,0.823,0.488,0.471,-10.845,113.976,high
"Soweto (with Don Toliver, Rema & Tempoe)","Victony, Rema, Tempoe, Don Toliver",72,ambient,0.756,0.719,0.647,0.0541,-5.392,105.024,high
Rush,Ayra Starr,68,ambient,0.503,0.792,0.381,0.0369,-8.044,99.97,high
Free Mind,Tems,72,ambient,0.463,0.562,0.416,0.442,-7.478,125.15,high
Essence (feat. Tems),"Wizkid, Tems",70,ambient,0.707,0.849,0.602,0.0266,-6.002,104.027,high
In My Bed,"Rotimi, Wale",68,ambient,0.501,0.637,0.431,0.229,-6.148,103.993,high
Location (feat. Burna Boy),"Dave, Burna Boy",73,ambient,0.496,0.812,0.55,0.271,-5.969,109.979,high
Higher,Tems,72,ambient,0.581,0.609,0.528,0.509,-10.854,102.964,high
KU LO SA - A COLORS SHOW,Oxlade,70,ambient,0.655,0.649,0.793,0.307,-5.534,92.9,high
Replay,Tems,71,ambient,0.549,0.613,0.78,0.097,-8.187,123.879,high
Touches,Somnum Magnam,72,ambient,0.00161,0.138,0.155,0.977,-43.643,140.997,high
Rosyln,"Bon Iver, St. Vincent",75,ambient,0.277,0.329,0.121,0.971,-13.111,159.719,high
Lights Are On,Tom Rosenthal,77,ambient,0.04,0.44,0.249,0.981,-16.887,135.965,high
Take Me To Church,Hozier,81,ambient,0.664,0.575,0.437,0.637,-5.303,129.071,high
cardigan,Taylor Swift,83,ambient,0.581,0.613,0.551,0.537,-8.588,130.033,high
Young And Beautiful,Lana Del Rey,83,ambient,0.416,0.324,0.151,0.262,-8.92,113.986,high
My Love Mine All Mine,Mitski,88,ambient,0.308,0.504,0.121,0.868,-14.958,113.95,high
idfc,blackbear,71,ambient,0.422,0.718,0.455,0.0764,-9.115,144.678,high
As the World Caves In,Matt Maltese,68,ambient,0.449,0.327,0.179,0.369,-5.362,123.969,high
The 30th,Billie Eilish,72,ambient,0.135,0.387,0.21,0.929,-14.398,82.987,high
Like Real People Do,Hozier,72,ambient,0.179,0.539,0.145,0.921,-14.33,140.01,high
Happiness is a butterfly,Lana Del Rey,73,ambient,0.119,0.467,0.156,0.969,-10.99,70.499,high
listen before i go,Billie Eilish,74,ambient,0.0561,0.319,0.082,0.935,-23.023,79.764,high
Astronomy,Conan Gray,72,ambient,0.343,0.474,0.152,0.578,-8.571,145.115,high
From the Dining Table,Harry Styles,69,ambient,0.156,0.671,0.201,0.804,-16.288,94.08,high
Getting Older,Billie Eilish,70,ambient,0.128,0.599,0.367,0.974,-17.261,159.679,high
rises the moon,Liana Flores,81,ambient,0.129,0.483,0.203,0.947,-20.149,137.35,high
ceilings,Lizzy McAlpine,80,ambient,0.322,0.516,0.261,0.473,-11.762,148.005,high
Sparks,Coldplay,85,ambient,0.268,0.371,0.165,0.748,-10.506,102.617,high
In My Room,Chance Peña,76,ambient,0.338,0.408,0.1,0.521,-13.626,133.943,high
Waiting Room,Phoebe Bridgers,75,ambient,0.289,0.531,0.12,0.339,-10.065,129.753,high
Chemtrails Over The Country Club,Lana Del Rey,79,ambient,0.276,0.334,0.429,0.877,-13.125,201.025,high
How to disappear,Lana Del Rey,70,ambient,0.304,0.538,0.065,0.613,-11.79,78.997,high
Nothing New (feat. Phoebe Bridgers) (Taylor’s Version) (From The Vault),"Taylor Swift, Phoebe Bridgers",71,ambient,0.377,0.606,0.446,0.817,-9.455,101.96,high
State Lines,Novo Amor,73,ambient,0.31,0.509,0.151,0.959,-10.623,137.474,high
Where's My Love - Acoustic,SYML,72,ambient,0.225,0.554,0.221,0.892,-11.324,104.007,high
Apocalypse,Cigarettes After Sex,87,ambient,0.468,0.369,0.18,0.0205,-9.013,94.434,high
Anchor,Novo Amor,78,ambient,0.407,0.457,0.126,0.805,-11.475,117.053,high
Brooklyn Baby,Lana Del Rey,80,ambient,0.664,0.404,0.0949,0.542,-6.698,107.747,high
Would That I,Hozier,74,ambient,0.526,0.521,0.502,0.243,-6.032,130.694,high
lacy,Olivia Rodrigo,75,ambient,0.367,0.395,0.426,0.815,-7.653,77.968,high
Can’t Catch Me Now - from The Hunger Games: The Ballad of Songbirds & Snakes,Olivia Rodrigo,72,ambient,0.347,0.409,0.199,0.834,-8.159,141.332,high
Feels Like,Gracie Abrams,73,ambient,0.483,0.617,0.176,0.702,-7.359,144.99,high
Black Friday,Tom Odell,71,ambient,0.199,0.48,0.201,0.931,-12.398,165.476,high
Male Fantasy,Billie Eilish,70,ambient,0.288,0.687,0.308,0.863,-10.415,110.927,high
Cherry Wine - Live,Hozier,68,ambient,0.11,0.415,0.234,0.951,-14.901,81.876,high
We'll Never Have Sex,Leith Ross,68,ambient,0.0972,0.443,0.289,0.952,-16.496,86.686,high
Margaret (feat. Bleachers),"Lana Del Rey, Bleachers",78,ambient,0.245,0.34,0.192,0.969,-13.352,103.777,high
Miserable Man,David Kushner,68,ambient,0.348,0.631,0.32,0.926,-10.285,110.019,high
Halley's Comet,Billie Eilish,75,ambient,0.159,0.403,0.0381,0.961,-16.728,72.38,high
Did It Again,Lil Tecca,72,hip-hop,0.561,0.686,0.186,0.185,-9.929,148.775,high
Wish (feat. Trippie Redd) - Trippie Mix,"Diplo, Trippie Redd",71,hip-hop,0.819,0.565,0.682,0.232,-7.899,94.011,high
Lust,Lil Skies,70,hip-hop,0.767,0.718,0.519,0.138,-5.641,160.084,high
Conceited,Lil Uzi Vert,68,hip-hop,0.55,0.629,0.154,0.152,-6.772,124.13,high
Ransom (with Juice WRLD) - Remix,"Lil Tecca, Juice WRLD",73,hip-hop,0.671,0.684,0.45,0.0119,-6.424,179.987,high
Take What You Want (feat. Ozzy Osbourne & Travis Scott),"Post Malone, Ozzy Osbourne, Travis Scott",73,hip-hop,0.8,0.498,0.272,0.0903,-2.665,139.918,high
witchblades,"Lil Peep, Lil Tracy",71,hip-hop,0.54,0.634,0.543,0.0223,-7.002,143.968,high
Ballin' (with Roddy Ricch),"Mustard, Roddy Ricch",73,hip-hop,0.545,0.809,0.244,0.392,-6.678,97.008,high
Suicidal,YNW Melly,73,hip-hop,0.369,0.735,0.235,0.334,-9.682,140.004,high
Flaws And Sins,Juice WRLD,70,hip-hop,0.662,0.709,0.439,0.00966,-4.55,150.047,high
Down With Me,Lil Tecca,70,hip-hop,0.588,0.712,0.471,0.112,-5.332,114.929,high
Wow.,Post Malone,77,hip-hop,0.538,0.829,0.389,0.137,-7.359,99.952,high
Maria I'm Drunk (feat. Justin Bieber & Young Thug),"Travis Scott, Justin Bieber, Young Thug",71,hip-hop,0.631,0.648,0.142,0.38,-5.662,105.989,high
Still Think About You,A Boogie Wit da Hoodie,73,hip-hop,0.646,0.946,0.961,0.219,-6.604,127.978,high
Come & Go (with Marshmello),"Juice WRLD, Marshmello",75,hip-hop,0.814,0.625,0.535,0.0172,-5.181,144.991,high
500lbs,Lil Tecca,78,hip-hop,0.779,0.724,0.53,0.098,-5.412,123.013,high
16,Baby Keem,77,hip-hop,0.782,0.701,0.57,0.0918,-4.987,94.03,high
Chemical,Post Malone,75,hip-hop,0.88,0.49,0.392,0.00154,-4.856,169.949,high
I Just Called To Say I Love You,Stevie Wonder,74,korean,0.551,0.748,0.65,0.243,-9.054,113.535,high
Stay With Me,"CHANYEOL, Punch",69,korean,0.526,0.558,0.202,0.431,-4.686,124.709,high
Sudden Shower,ECLIPSE,70,korean,0.506,0.469,0.217,0.587,-6.283,133.403,high
Christmas Tree,V,69,korean,0.384,0.437,0.181,0.699,-8.384,139.009,high
Boyfriend,YEONJUN,69,korean,0.557,0.815,0.482,0.109,-7.166,114.019,high
Love You With All My Heart,Crush,69,korean,0.326,0.46,0.214,0.763,-8.226,134.049,high
Stay Alive (Prod. SUGA of BTS),Jung Kook,68,korean,0.76,0.512,0.495,0.299,-5.889,130.096,high
Me Fui de Vacaciones,Bad Bunny,70,world,0.645,0.714,0.434,0.229,-5.493,85.046,high
Chachachá,Jósean Log,77,world,0.321,0.68,0.416,0.791,-10.944,110.827,high
Nunca Es Suficiente,"Los Ángeles Azules, Natalia Lafourcade",71,world,0.499,0.796,0.798,0.392,-6.166,93.99,high
Muerte En Hawaii,Calle 13,69,world,0.588,0.675,0.879,0.789,-7.168,79.989,high
Harpy Hare,Yaelokre,76,folk,0.533,0.645,0.349,0.644,-11.65,130.02,high
Russian Bandana,Dhanda Nyoliwala,74,hip-hop,0.615,0.775,0.918,0.304,-5.682,84.07,high
Sifar Safar,Karan Aujla,70,hip-hop,0.798,0.509,0.48,0.00625,-4.472,86.638,high
Knife Brows,Dhanda Nyoliwala,68,hip-hop,0.606,0.656,0.38,0.335,-5.948,175.917,high
Baller,"Shubh, Ikky",68,hip-hop,0.702,0.711,0.674,0.00487,-10.048,180.219,high
Winning Speech,"Karan Aujla, Mxrci",75,hip-hop,0.78,0.461,0.448,0.128,-5.004,171.285,high
Still Rollin,Shubh,71,hip-hop,0.431,0.881,0.246,0.182,-11.093,94.0,high
09:45,"Prabh Singh, Jay Trak, Rooh Sandhu",73,hip-hop,0.455,0.796,0.352,0.637,-7.763,99.958,high
Dior,Shubh,69,hip-hop,0.362,0.967,0.633,0.514,-11.374,115.974,high
Cheques,Shubh,75,hip-hop,0.627,0.742,0.356,0.262,-8.939,89.998,high
MVP,Shubh,70,hip-hop,0.572,0.742,0.644,0.391,-8.163,88.041,high
8 ASLE,"Sukha, Chani Nattan, Prodgk, Gurlez Akhtar",68,hip-hop,0.684,0.769,0.483,0.0977,-6.113,100.042,high
King Shit,Shubh,72,hip-hop,0.566,0.794,0.68,0.301,-8.35,85.953,high
One Love,Shubh,75,hip-hop,0.512,0.848,0.881,0.284,-7.757,144.926,high
On Top,Karan Aujla,70,hip-hop,0.75,0.831,0.662,0.0188,-5.42,139.979,high
Old Money,AP Dhillon,71,hip-hop,0.733,0.864,0.183,0.144,-3.292,92.969,high
Tu hai kahan,AUR,75,hip-hop,0.356,0.708,0.569,0.437,-9.738,83.679,high
Bandana,Shubh,73,hip-hop,0.718,0.716,0.91,0.0452,-5.348,89.906,high
Yamore,"MoBlack, Salif Keita, Benja (NL), Franc Fala, Cesária Evora",75,electronic,0.577,0.795,0.206,0.00263,-9.638,119.986,high
My Love (2024),"Alex Wann, Route 94, Jess Glynne",69,electronic,0.872,0.43,0.136,0.118,-7.821,122.028,high
Forever (feat. Malou & Yuna),"HUGEL, Diplo, Malou, Yuna",71,electronic,0.946,0.542,0.229,0.0312,-6.048,120.036,high
Beso (Fruta Fresca),"Wakyin, Carlos Vives",70,electronic,0.723,0.787,0.579,0.0509,-6.995,123.993,high
The Boy Is Mine,"James Mac, Vall, Rosalie",68,electronic,0.879,0.741,0.362,0.0841,-6.132,123.004,high
Sideways,"Gordo, Drake",70,electronic,0.57,0.655,0.487,0.527,-11.475,121.843,high
Famax - Edit,RAFFA GUIDO,69,electronic,0.83,0.808,0.465,0.00575,-8.238,120.97,high
Waltz,Fabrizio Paterlini,71,classical,0.0516,0.27,0.199,0.986,-33.766,87.587,high
Nuvole Bianche,Ludovico Einaudi,70,classical,0.0582,0.191,0.0454,0.961,-25.398,132.614,high
Idea 1,Gibran Alcocer,71,classical,0.146,0.265,0.416,0.985,-21.134,172.13,high
Oceans Apart,Ben Crosland,70,classical,0.0559,0.396,0.278,0.987,-20.707,95.217,high
Idea 9,Gibran Alcocer,72,classical,0.138,0.34,0.325,0.984,-24.95,128.563,high
Time,Hans Zimmer,71,classical,0.0968,0.286,0.0395,0.178,-16.806,62.881,high
Nightcall,Kavinsky,73,electronic,0.874,0.532,0.361,0.00842,-5.183,91.038,high
stellar,".diedlonely, énouement",70,electronic,0.149,0.485,0.112,0.886,-20.394,82.019,high
memories,leadwave,70,electronic,0.0823,0.252,0.0381,0.951,-27.338,67.238,high
Iris,Pastel Ghost,69,electronic,0.855,0.534,0.601,0.00043,-7.578,117.987,high
I'm God,"Clams Casino, Imogen Heap",74,electronic,0.641,0.529,0.089,0.0711,-6.78,141.931,high
Resonance,Home,68,electronic,0.754,0.564,0.457,0.0424,-8.849,170.084,high
A Bird's Last Look,Macabre Plaza,72,electronic,0.715,0.552,0.858,0.0286,-9.291,113.861,high
Veridis Quo,Daft Punk,70,electronic,0.687,0.605,0.12,0.479,-13.928,106.896,high
Dark Beach,Pastel Ghost,73,electronic,0.91,0.528,0.137,0.346,-7.309,130.032,high
LET GO,Central Cee,72,hip-hop,0.413,0.747,0.481,0.848,-11.197,146.05,high
2MS,Nemzzz,69,hip-hop,0.332,0.885,0.423,0.0185,-8.62,141.849,high
UK Rap,"Dave, Central Cee",69,hip-hop,0.674,0.922,0.726,0.323,-4.429,140.065,high
Eres,Café Tacvba,74,rock,0.731,0.583,0.446,0.0107,-6.18,149.987,high
La Camisa Negra,Juanes,72,rock,0.731,0.751,0.973,0.0838,-4.419,97.007,high
A Dios Le Pido,Juanes,72,rock,0.84,0.673,0.94,0.0683,-3.564,97.027,high
Es Por Ti,Juanes,77,rock,0.758,0.696,0.858,0.172,-6.077,129.944,high
Luz De Dia,Los Enanitos Verdes,70,rock,0.447,0.657,0.523,0.478,-13.148,121.989,high
Inolvidable,Reik,70,rock,0.777,0.649,0.667,0.00738,-3.546,123.003,high
Mientes,Camila,77,rock,0.592,0.332,0.31,0.0824,-6.127,170.391,high
Todo Cambió,Camila,75,rock,0.523,0.452,0.363,0.563,-6.453,173.85,high
Fotografía,"Juanes, Nelly Furtado",68,rock,0.715,0.487,0.638,0.294,-4.417,84.098,high
Te Lo Pido por Favor,Jaguares,68,rock,0.659,0.648,0.532,0.115,-6.369,106.196,high
Maldito duende,Heroes Del Silencio,68,rock,0.85,0.374,0.348,0.0904,-5.657,125.796,high
Nada Valgo Sin Tu Amor,Juanes,70,rock,0.643,0.601,0.387,0.155,-4.581,76.979,high
La Célula Que Explota,Caifanes,72,rock,0.479,0.425,0.279,0.44,-12.22,123.217,high
Afuera,Caifanes,73,rock,0.553,0.487,0.699,0.209,-11.197,126.043,high
Agua,Jarabe De Palo,68,rock,0.358,0.715,0.742,0.743,-15.522,145.751,high
Como te extraño mi amor,Café Tacvba,69,rock,0.759,0.791,0.917,0.0823,-5.67,124.725,high
Devuélveme a mi chica,Hombres G,78,rock,0.936,0.594,0.39,0.0224,-4.722,172.547,high
Lamento Boliviano,Los Enanitos Verdes,77,rock,0.735,0.714,0.68,0.176,-7.125,123.57,high
Te quiero,Hombres G,68,rock,0.631,0.781,0.909,0.0533,-7.615,112.481,high
Clavado en Un Bar,Maná,74,rock,0.854,0.634,0.564,0.00737,-3.444,148.003,high
Chammak Challo,"Akon, Hamsika Iyer",72,indian,0.879,0.742,0.936,0.0696,-4.274,133.946,high
Proper Patola,"Badshah, Diljit Dosanjh, Aastha Gill",70,indian,0.824,0.77,0.49,0.485,-6.491,172.006,high
Papaoutai,Stromae,70,electronic,0.809,0.732,0.253,0.0266,-7.264,116.015,high
Djadja,Aya Nakamura,68,electronic,0.797,0.811,0.541,0.0617,-5.428,97.988,high
Je veux,Zaz,68,electronic,0.807,0.525,0.741,0.251,-6.366,155.397,high
Casanova,"Soolking, Gazo",71,electronic,0.831,0.798,0.721,0.697,-4.481,132.029,high
Voyage voyage,Desireless,70,electronic,0.913,0.606,0.838,0.246,-6.039,123.58,high
Dernière danse,Indila,77,electronic,0.449,0.669,0.327,0.184,-7.658,114.924,high
Love Story,Indila,74,electronic,0.255,0.375,0.331,0.815,-12.279,95.978,high
Formidable,Stromae,70,electronic,0.629,0.513,0.498,0.0986,-9.055,70.568,high
Petit génie,"Jungeli, Imen Es, Alonzo, Abou Debeing, Lossa",71,electronic,0.583,0.793,0.97,0.106,-5.973,126.036,high
Seya,"SativaMusic, Morad, GIMS",73,electronic,0.681,0.798,0.434,0.219,-4.818,101.005,high
Tous les mêmes,Stromae,68,electronic,0.638,0.701,0.646,0.223,-9.061,109.96,high
Est-ce que tu m'aimes ? - Pilule bleue,GIMS,74,electronic,0.852,0.779,0.601,0.235,-3.353,119.892,high
Solitaire,Werenoi,68,electronic,0.717,0.753,0.601,0.151,-8.438,117.952,high
Imagine,Carbonne,74,electronic,0.627,0.788,0.909,0.693,-9.072,118.093,high
MANON B,"Tiakola, Ryflo, Oskoow",69,electronic,0.708,0.872,0.308,0.336,-7.472,130.081,high
PONA NINI,"Tiakola, Genezio, Prototype",71,electronic,0.569,0.772,0.525,0.235,-7.006,115.03,high
Tieduprightnow,Parcels,71,indie,0.533,0.863,0.738,0.291,-7.986,102.025,high
Borderline,Tame Impala,79,indie,0.873,0.621,0.873,0.0406,-3.067,97.96,high
Is It True,Tame Impala,68,indie,0.664,0.731,0.661,0.00307,-5.474,118.018,high
Calm Down,Rema,69,latin,0.781,0.811,0.824,0.376,-6.333,107.007,high
Fountains (with Tems),"Drake, Tems",68,latin,0.485,0.843,0.689,0.181,-8.735,100.053,high
UNAVAILABLE (feat. Musa Keys),"Davido, Musa Keys",69,latin,0.649,0.788,0.229,0.253,-9.674,113.009,high
People,Libianca,76,latin,0.422,0.573,0.693,0.551,-7.621,124.357,high
soso,Omah Lay,74,latin,0.725,0.711,0.53,0.424,-8.315,105.016,high
KANTE (feat. Fave),"Davido, FAVE",69,latin,0.809,0.724,0.606,0.182,-5.022,99.005,high
Barcelona,"Alan Walker, Ina Wroldsen",69,pop,0.89,0.645,0.421,0.259,-4.985,126.881,high
Fortunate Son,Creedence Clearwater Revival,23,rock,0.746,0.636,0.432,0.0648,-3.785,132.31,low
Dream A Little Dream Of Me - Single Version,"Ella Fitzgerald, Louis Armstrong",64,jazz,0.104,0.443,0.394,0.913,-17.042,76.474,low
Coffee Cold,Galt MacDermot,62,jazz,0.472,0.685,0.475,0.785,-9.691,80.487,low
Fly Me To The Moon,"Frank Sinatra, Count Basie",61,jazz,0.365,0.67,0.45,0.525,-10.158,119.347,low
Cheek To Cheek,"Ella Fitzgerald, Louis Armstrong",60,jazz,0.264,0.663,0.657,0.706,-14.571,122.482,low
Stompin At The Savoy,Benny Goodman,55,jazz,0.222,0.525,0.645,0.836,-11.065,156.364,low
Alone Together - Rudy Van Gelder Remaster 2006,Kenny Dorham,54,jazz,0.0619,0.336,0.197,0.985,-20.494,60.705,low
Song For My Father,Horace Silver,53,jazz,0.671,0.742,0.591,0.794,-8.142,127.359,low
My Romance - Remastered 2006,Gene Ammons,53,jazz,0.0422,0.519,0.397,0.966,-10.778,130.436,low
Body and Soul,Coleman Hawkins,53,jazz,0.113,0.659,0.738,0.976,-16.756,95.063,low
Journey Into Melody - 2007 Digital Remaster/Rudy Van Gelder Edition,Stanley Turrentine,52,jazz,0.159,0.505,0.196,0.946,-11.235,59.385,low
Where We Used to Live,Esbjörn Svensson Trio,50,jazz,0.0917,0.517,0.0836,0.876,-18.395,95.068,low
Ruby My Dear,Roy Hargrove,49,jazz,0.195,0.412,0.0778,0.9,-10.288,133.918,low
Giant Steps - 2020 Remaster,John Coltrane,49,jazz,0.42,0.417,0.517,0.186,-13.046,147.143,low
Besame Mucho,Dave Brubeck,49,jazz,0.273,0.517,0.321,0.866,-17.279,63.423,low
It Ain't Necessarily So,Mary Lou Williams,49,jazz,0.237,0.477,0.178,0.947,-17.115,126.222,low
"The Well-Tempered Clavier, Book 1, BWV 846-869 / Prelude & Fugue in C Major, BWV 846: I. Prelude","Johann Sebastian Bach, Lang Lang",60,classical,0.126,0.234,0.216,0.989,-25.427,133.998,low
"Bagatelle No. 25 in A Minor, WoO 59 ""Für Elise""","Ludwig van Beethoven, Igor Levit",63,classical,0.0306,0.289,0.118,0.987,-30.79,125.61,low
"The Carnival of the Animals, R. 125: XIII. The Swan (Arr. for Cello and Piano)","Camille Saint-Saëns, Yo-Yo Ma, Kathryn Stott",65,classical,0.0161,0.169,0.0573,0.986,-31.034,128.143,low
"Handel / Orch. Hale: Keyboard Suite No. 4 in D Minor, HWV 437: III. Sarabande","George Frideric Handel, Alexander Briger, Academy of St. Martin in the Fields",63,classical,0.0336,0.0939,0.0516,0.927,-24.041,67.359,low
"Suite bergamasque, L. 75: III. Clair de lune","Claude Debussy, Alice Sara Ott",65,classical,0.00501,0.32,0.0383,0.993,-33.366,68.947,low
Gnossienne No. 1,"Erik Satie, Alena Cherny",62,classical,0.00579,0.376,0.0369,0.996,-31.615,71.827,low
Tales of Hoffmann: Barcarolle,"Jacques Offenbach, Arthur Fiedler, Boston Pops Orchestra",51,classical,0.256,0.168,0.134,0.932,-15.549,90.072,low
Mahler: Symphony No. 5 in C-Sharp Minor: IV. Adagietto. Sehr langsam,"Gustav Mahler, Daniel Barenboim, Chicago Symphony Orchestra",55,classical,0.0523,0.0783,0.0327,0.896,-23.247,82.015,low
Rodrigo: Concierto de Aranjuez: II. Adagio,"Joaquín Rodrigo, Thibaut García, Ben Glassberg, Orchestre National Du Capitole De Toulouse",53,classical,0.098,0.253,0.062,0.93,-19.878,84.865,low
"Piano Concerto No. 2 in C Minor, Op. 18: 2. Adagio sostenuto","Sergei Rachmaninoff, Valentina Lisitsa, London Symphony Orchestra, Michael Francis",60,classical,0.0545,0.194,0.0385,0.983,-24.877,140.966,low
"Ständchen in D Minor (After Schubert), S. 560","Franz Liszt, Lise de la Salle",53,classical,0.0142,0.341,0.0384,0.993,-28.293,76.382,low
"Liebestraum No. 3 in A-Flat Major, S. 541 / 3","Franz Liszt, Lang Lang",60,classical,0.0292,0.279,0.0338,0.987,-26.804,136.732,low
Palladio: 1. Allegretto (arr. for Strings Orchestra),"Karl Jenkins, Carmine Lauri, David Alberman, London Symphony Orchestra",58,classical,0.339,0.53,0.0719,0.567,-16.973,90.041,low
Eine kleine Nachtmusik K. 525: Allegro,"Wolfgang Amadeus Mozart, Andrew Watkinson",49,classical,0.139,0.366,0.31,0.885,-19.978,139.478,low
Scheherazade: The Tale of the Kalendar Prince,"Nikolai Rimsky-Korsakov, Lars Hjalmar Joakim",57,classical,0.0639,0.235,0.0781,0.962,-24.404,120.736,low
"Chopin: Nocturne No. 20 in C-Sharp Minor, Op. Posth.","Frédéric Chopin, Mikhail Pletnev",65,classical,0.0047,0.225,0.186,0.992,-30.928,163.665,low
"Piano Concerto No. 3 in C, Op. 26: 1. Andante - Allegro","Sergei Prokofiev, Behzod Abduraimov, Orchestra Sinfonica Nazionale Della RAI, Juraj Valcuha",44,classical,0.254,0.353,0.0986,0.948,-16.205,133.808,low
"Zadok the Priest (Coronation Anthem No. 1, HWV 258)","George Frideric Handel, Trevor Pinnock, The English Concert, Simon Preston, The Choir Of Westminster Abbey",47,classical,0.178,0.374,0.148,0.92,-15.758,95.839,low
Spring 1 - 2012,"Max Richter, Daniel Hope, Konzerthaus Kammerorchester Berlin, Andre de Ridder",62,classical,0.341,0.701,0.163,0.499,-12.26,105.513,low
"Piano Concerto in A Minor, Op. 16: I. Allegro molto moderato - Radio Edit","Edvard Grieg, Alexandra Dariescu, Philharmonia Orchestra, Tianyi Lu",45,classical,0.0851,0.307,0.0388,0.968,-20.471,129.103,low
William Tell Overture,"Gioachino Rossini, Arthur Fiedler, Boston Pops Orchestra",47,classical,0.682,0.323,0.646,0.763,-10.208,169.325,low
"Bizet: Carmen, WD 31: Prélude","Georges Bizet, Michel Plasson, Orchestre National Du Capitole De Toulouse",46,classical,0.27,0.263,0.228,0.876,-16.85,129.095,low
Barber: Adagio for Strings,"Samuel Barber, Sir Simon Rattle, Berliner Philharmoniker",55,classical,0.0733,0.102,0.0308,0.974,-24.133,73.954,low
O Magnum Mysterium: O magnum mysterium,"Morten Lauridsen, Chamber Choir Of Europe, Nicol Matt",49,classical,0.0116,0.0623,0.0331,0.991,-27.893,65.057,low
Khachaturian: Spartacus Suite No. 2: I. Adagio of Spartacus and Phrygia,"Aram Khachaturian, London Symphony Orchestra",44,classical,0.106,0.165,0.0336,0.807,-21.742,105.651,low
Prince Igor (Knyaz Igor): Act II: Polovtsian Dances - Ulyetay na kril'yahk vyetra (Fly away on the wings of the wind) (version for chorus),"Alexander Borodin, Angelina Shvachka, Dmytro Popov, Mykola Koval, Taras Shtonda, Mykola Hobdych, Kiev Chamber Choir, Ukraine National Radio Symphony Orchestra, Theodore Kuchar",45,classical,0.246,0.292,0.0859,0.922,-14.96,109.766,low
"Pelléas et Mélisande Suite, Op. 80: III. Sicilienne. Allegretto molto moderato","Gabriel Fauré, Berliner Philharmoniker, Daniel Barenboim",43,classical,0.0175,0.114,0.0928,0.923,-33.957,56.479,low
"String Quintet in E Major, G. 275: III. Menuetto","Luigi Boccherini, Orpheus Chamber Orchestra",46,classical,0.0113,0.466,0.486,0.939,-34.2,111.541,low
Piano Concerto in One Movement: Adagio cantabile,"Florence Beatrice Price, Jeneba Kanneh-Mason, Chineke! Orchestra, Leslie Suganandarajah",43,classical,0.0287,0.154,0.0386,0.984,-26.958,76.618,low
"Ravel: Pavane pour une infante défunte, M. 19","Maurice Ravel, Bertrand Chamayou",55,classical,0.0176,0.491,0.0901,0.994,-26.911,125.793,low
"Violin Sonata in A major, FWV 8: IV. Allegretto poco mosso","César Franck, Joshua Bell, Jeremy Denk",48,classical,0.135,0.25,0.179,0.958,-18.615,94.404,low
"Rhapsody on a Theme of Paganini, Op. 43: Variation No. 18 Andante cantabile","Sergei Rachmaninoff, Daniil Trifonov, Philadelphia Orchestra, Yannick Nézet-Séguin",53,classical,0.0525,0.205,0.0511,0.98,-23.841,88.316,low
Spiegel im Spiegel - Version for Violin and Piano,"Arvo Pärt, Vladimir Spivakov, Sergej Bezrodny",47,classical,0.006,0.176,0.0383,0.899,-42.238,71.477,low
"Symphony No. 8 in B Minor, D. 759 ""Unfinished"": I. Allegro moderato","Franz Schubert, Wiener Philharmoniker, Josef Krips",38,classical,0.0354,0.1,0.0426,0.901,-17.211,73.968,low
The Sorcerer's Apprentice,"Paul Dukas, Philharmonia Orchestra",43,classical,0.206,0.351,0.0839,0.797,-22.657,130.415,low
"The Marriage of Figaro Overture, KV 492","Wolfgang Amadeus Mozart, London Philharmonic Orchestra, Alfred Scholz",43,classical,0.123,0.311,0.203,0.931,-19.708,141.485,low
"Petite Suite de Concert, Op. 77: III. Un sonnet d'amour","Samuel Coleridge-Taylor, Chineke! Orchestra, Anthony Parnther",44,classical,0.0251,0.234,0.04,0.937,-28.627,126.31,low
Back on the Road (feat. Lil Wayne),"Cordae, Lil Wayne",61,hip-hop,0.674,0.872,0.357,0.17,-5.831,135.975,low
AHHH HA,Lil Durk,56,hip-hop,0.61,0.676,0.519,0.000114,-9.185,156.005,low
Floridaboiii,Yung Rich Cuban,24,hip-hop,0.48,0.874,0.563,0.033,-12.092,84.098,low
Legend,"Venture Klan, Tacitoak, Li Pierre",21,hip-hop,0.939,0.504,0.42,0.0628,-7.434,157.916,low
Super Gremlin,Kodak Black,66,hip-hop,0.414,0.825,0.106,0.00265,-6.634,72.993,low
OverSeas,Nosy!,16,hip-hop,0.569,0.735,0.263,0.00189,-10.35,148.014,low
U Can't Do That,IZZY MEOCK,19,hip-hop,0.875,0.586,0.75,0.166,-5.07,181.884,low
sharktale,Sopperior,15,hip-hop,0.883,0.601,0.27,0.00088,-1.627,156.999,low
Hawk Em,Pop Smoke,62,hip-hop,0.607,0.68,0.506,0.264,-5.523,141.992,low
Welcome To Brixton,SR,64,hip-hop,0.455,0.89,0.897,0.158,-10.226,138.988,low
Japanese Steel - Eerie Remix,Ollie Twist,16,hip-hop,0.837,0.753,0.479,0.0232,-8.207,95.011,low
Christopher Walking,Pop Smoke,55,hip-hop,0.744,0.772,0.764,0.0114,-5.108,140.99,low
We Getting Money,Sheff G,57,hip-hop,0.673,0.851,0.776,0.0452,-5.405,120.973,low
Eyes Red,"Lil Durk, Only The Family",47,hip-hop,0.447,0.709,0.207,0.025,-10.78,125.103,low
maple maple,baba bonet,15,hip-hop,0.426,0.782,0.476,0.307,-14.006,110.04,low
Back in Blood (feat. Lil Durk),"Pooh Shiesty, Lil Durk",67,hip-hop,0.538,0.759,0.831,0.151,-8.256,146.933,low
Static,2JtheRichest,23,hip-hop,0.401,0.907,0.173,0.00892,-8.288,130.977,low
Plug Walk,Rich The Kid,65,hip-hop,0.519,0.872,0.154,0.203,-6.531,95.006,low
100 Shots,Young Dolph,65,hip-hop,0.668,0.798,0.154,0.135,-5.244,134.006,low
Groupies,"Doode, Teto, Matuê",63,hip-hop,0.655,0.845,0.516,0.239,-5.137,139.955,low
Boulot,"KeBlack, SDM",24,afrobeats,0.674,0.736,0.482,0.352,-6.846,93.121,low
WAHALA (feat. Olamide),"CKay, Olamide",61,afrobeats,0.566,0.852,0.54,0.221,-8.8,96.937,low
Après Minuit (feat. Tiakola),"Wizkid, Tiakola",44,afrobeats,0.627,0.605,0.888,0.105,-5.778,96.593,low
Minimum ça,Dr. Yaro,58,afrobeats,0.732,0.748,0.967,0.665,-3.688,115.019,low
Tshwala Bam (feat. S.N.E),"TitoM, Yuppe, Burna Boy, S.N.E",66,afrobeats,0.552,0.813,0.517,0.0639,-12.066,112.022,low
Satanana (feat. DRE-A),"EBOLOKO, DRE-A",53,afrobeats,0.622,0.627,0.575,0.639,-4.663,104.273,low
AZAMAN,Rema,67,afrobeats,0.897,0.718,0.912,0.153,-5.701,123.138,low
DIS MOI,"DJ Kawest, Joé Dwèt Filé",59,afrobeats,0.652,0.476,0.619,0.185,-6.435,166.058,low
42,Aya Nakamura,65,afrobeats,0.631,0.721,0.603,0.123,-5.743,175.946,low
La vie d'un... / Ma préférée,"Dadju, Tayc",57,afrobeats,0.796,0.463,0.736,0.0248,-6.604,104.925,low
Toma Toma,"Ruger, Tiwa Savage",61,afrobeats,0.738,0.612,0.954,0.517,-5.269,130.18,low
Presidente,"Gabito Ballesteros, Natanael Cano, Luis R Conriquez, Neton Vega",64,latin,0.821,0.721,0.38,0.178,-5.695,104.044,low
"Fronteamos Porque Podemos (feat. Daddy Yankee, Yandel & Nengo Flow)","De La Ghetto, Yandel, Ñengo Flow, Daddy Yankee",60,latin,0.626,0.714,0.512,0.26,-4.655,76.625,low
La Bala,Calle 13,48,latin,0.733,0.474,0.483,0.0447,-6.82,78.831,low
"Latinoamérica (feat. Totó la Momposina, Susana Baca & Maria Rita)","Calle 13, Totó La Momposina, Susana Baca, Maria Rita",60,latin,0.805,0.691,0.866,0.59,-6.81,142.503,low
Digo Lo Que Pienso,Calle 13,43,latin,0.817,0.721,0.777,0.153,-5.271,89.927,low
Adentro,Calle 13,52,latin,0.808,0.333,0.518,0.452,-6.476,82.15,low
Epílogo,Canserbero,49,latin,0.836,0.763,0.514,0.151,-4.989,91.0,low
Clima Tropical,Canserbero,47,latin,0.794,0.56,0.829,0.619,-4.28,93.325,low
Aceptas,Canserbero,58,latin,0.805,0.552,0.846,0.678,-4.511,90.945,low
1977,Ana Tijoux,51,latin,0.685,0.697,0.578,0.00388,-7.215,103.926,low
¿Qué pasa?,Orishas,38,latin,0.804,0.932,0.926,0.128,-5.939,100.979,low
Abayarde,Tego Calderón,51,latin,0.744,0.57,0.638,0.133,-4.008,87.444,low
La Fokin Moda,Calle 13,36,latin,0.8,0.646,0.959,0.692,-5.523,87.319,low
Shock,Ana Tijoux,41,latin,0.516,0.725,0.733,0.188,-9.853,70.038,low
Rueda De Prensa,Akapellah,11,latin,0.664,0.742,0.695,0.0393,-6.379,90.168,low
Milki,Akapellah,31,latin,0.455,0.907,0.223,0.272,-11.124,127.966,low
La Vida Es Un Freestyle,Akapellah,16,latin,0.573,0.651,0.369,0.0651,-7.229,88.914,low
Fue un Placer,Los Aldeanos,36,latin,0.484,0.661,0.733,0.71,-10.982,82.741,low
Alegria,Tego Calderón,42,latin,0.674,0.647,0.327,0.549,-5.037,96.69,low
Payaso,"Tego Calderón, Eddie Dee, Voltio",34,latin,0.62,0.636,0.824,0.078,-7.064,170.598,low
Lo Hecho Hecho Esta,"Tego Calderón, Chyno Nyno, Voltio, Pirulo, Ñejo",25,latin,0.663,0.677,0.687,0.282,-5.479,90.368,low
Sakhiyan2.0,"Maninder Buttar, Zahrah S Khan, Tanishk Bagchi",58,indian,0.715,0.817,0.398,0.183,-5.13,100.002,low
"Mann Bharryaa 2.0 (From ""Shershaah"")","B Praak, Jaani",67,indian,0.467,0.428,0.193,0.68,-4.904,90.831,low
Lut Gaye,"Jubin Nautiyal, Emraan Hashmi",59,indian,0.785,0.638,0.515,0.185,-2.612,91.101,low
Kabhii Tumhhe,"Javed-Mohsin, Darshan Raval",54,indian,0.338,0.573,0.451,0.864,-7.478,96.981,low
Not Giving In,Broken Colours,13,rock,0.907,0.488,0.635,0.00249,-3.715,141.936,low
She Loves You,Reid Anderson,13,rock,0.173,0.359,0.146,0.924,-16.974,109.988,low
Hazel Hall,Motrik,26,rock,0.706,0.583,0.925,0.00558,-7.333,175.106,low
Too Many Songs,Rebecca Aadland,21,rock,0.302,0.69,0.301,0.263,-11.244,100.008,low
Better Weather,Jay Statham,42,rock,0.625,0.51,0.486,0.0542,-5.236,90.032,low
Devil Got You,Madame Kapuscinska,18,rock,0.288,0.39,0.125,0.758,-17.086,129.699,low
Just Another Daydream,Jacob Reddy,22,rock,0.785,0.35,0.719,0.336,-6.576,95.328,low
I Saw You Cry,Feet down Below,24,rock,0.736,0.721,0.82,0.17,-5.379,129.986,low
My Girl,Mayflower,28,rock,0.616,0.445,0.374,0.0043,-8.509,102.047,low
To Feel The Sun,The Scarlet Goodbye,32,rock,0.75,0.56,0.666,0.0112,-7.229,124.489,low
Pieces,The Juice,28,rock,0.778,0.158,0.0975,0.000787,-9.471,194.066,low
Waiting,Grimm Jack,31,rock,0.828,0.58,0.667,0.00559,-4.914,113.016,low
Ocean Lights,George Knight,22,rock,0.517,0.765,0.793,0.0182,-11.079,119.991,low
I Feel,Beka O,33,rock,0.647,0.46,0.232,0.0452,-6.652,79.885,low
V.,DIAMØND SNAKE,30,rock,0.843,0.203,0.249,0.000793,-6.551,172.045,low
Starlight,The Lone Monkeys,29,rock,0.809,0.566,0.292,0.681,-6.163,129.985,low
Lisztomania,Phoenix,58,rock,0.789,0.64,0.311,0.0338,-6.691,97.539,low
People Watching,Sam Fender,67,rock,0.908,0.476,0.649,0.00776,-4.569,161.011,low
Maple Syrup,The Backseat Lovers,67,rock,0.526,0.543,0.384,0.0447,-9.703,153.0,low
Murder on the Dance Floor - triple j Like A Version,Royel Otis,67,rock,0.699,0.56,0.512,0.00483,-8.501,122.942,low
My Type,Saint Motel,66,rock,0.896,0.595,0.567,0.0641,-2.951,118.001,low
Helmet,Steve Lacy,66,rock,0.675,0.612,0.763,0.0994,-6.518,97.04,low
Alesis,Mk.gee,66,rock,0.687,0.833,0.418,0.58,-7.851,108.075,low
Wet Dream,Wet Leg,66,rock,0.701,0.721,0.892,0.000927,-5.941,130.091,low
Lost In Yesterday,Tame Impala,65,rock,0.84,0.569,0.749,0.0295,-4.123,183.059,low
Kyoto,Phoebe Bridgers,64,rock,0.749,0.6,0.485,0.0467,-6.889,131.024,low
Nothing Matters,The Last Dinner Party,64,rock,0.794,0.576,0.6,0.0222,-5.119,101.096,low
Mama's Boy,Dominic Fike,64,rock,0.354,0.807,0.602,0.15,-7.554,78.964,low
So Cold,Balu Brigada,63,rock,0.771,0.658,0.79,0.000893,-6.09,111.057,low
She Wants To Go Dancing,Mt. Joy,63,rock,0.663,0.654,0.676,0.0589,-8.913,134.924,low
Are You Looking Up,Mk.gee,65,rock,0.513,0.653,0.844,0.964,-8.972,153.683,low
Temper Temper,Lime Cordiale,63,rock,0.565,0.713,0.705,0.0252,-7.8,130.047,low
Shake It Out,Florence + The Machine,62,rock,0.804,0.528,0.222,0.0104,-4.168,107.48,low
Here It Goes Again,OK Go,62,rock,0.882,0.537,0.81,0.00035,-2.306,145.73,low
Nack Nostalgia,Royel Otis,60,rock,0.681,0.642,0.53,0.119,-5.426,96.006,low
Don't Take The Money,Bleachers,60,rock,0.885,0.63,0.289,0.000397,-5.674,110.072,low
Think Fast (feat. Weezer),"Dominic Fike, Weezer",60,rock,0.452,0.538,0.209,0.368,-7.994,168.102,low
Calling After Me,Wallows,60,rock,0.797,0.636,0.965,0.00598,-4.644,139.963,low
"Dance, Baby!",boy pablo,60,rock,0.601,0.602,0.856,0.037,-8.521,122.017,low
help herself,"bbno$, Diamond Pistols",59,rock,0.851,0.607,0.479,0.623,-7.754,168.049,low
I Wanna Get Better,Bleachers,60,rock,0.915,0.446,0.398,0.00281,-6.221,190.013,low
New Gold (feat. Tame Impala and Bootie Brown),"Gorillaz, Tame Impala, Bootie Brown",59,rock,0.923,0.695,0.551,0.0425,-3.93,108.014,low
1901,Phoenix,60,rock,0.829,0.59,0.704,0.0601,-5.649,144.099,low
Rawnald Gregory Erickson the Second,STRFKR,58,rock,0.538,0.9,0.713,0.229,-7.879,95.508,low
Osmosis,Good Kid,58,rock,0.954,0.474,0.944,1.21e-05,-4.348,95.008,low
Look At Us Now (Honeycomb),Daisy Jones & The Six,58,rock,0.761,0.323,0.466,0.00942,-6.143,141.282,low
Campus,Vampire Weekend,57,rock,0.704,0.639,0.645,0.22,-5.818,162.983,low
Take A Bite,beabadoobee,58,rock,0.631,0.537,0.491,0.0453,-6.558,91.007,low
Banquet,Bloc Party,57,rock,0.892,0.578,0.892,0.000139,-7.952,150.255,low
Anna Sun,WALK THE MOON,57,rock,0.844,0.472,0.34,0.00173,-6.578,140.034,low
$20,"boygenius, Julien Baker, Phoebe Bridgers, Lucy Dacus",57,rock,0.627,0.551,0.402,0.0065,-6.9,117.992,low
Give Up Baby Go,Peach Pit,56,rock,0.697,0.683,0.591,0.169,-6.703,96.729,low
Glum Look,drawn animal,40,lofi,0.0319,0.5,0.0599,0.983,-23.802,79.893,low
on the edge,Zupa Fitz,53,lofi,0.0908,0.219,0.138,0.989,-28.23,173.629,low
pink skies,morning green,53,lofi,0.206,0.639,0.0873,0.758,-17.835,116.097,low
Eyes Closed,Red Cedar,39,lofi,0.146,0.27,0.0717,0.781,-22.956,87.739,low
Bottled Message,Coltsfoot,59,lofi,0.184,0.447,0.152,0.544,-18.937,152.043,low
Stairs,only jo,50,lofi,0.292,0.795,0.237,0.611,-14.013,146.005,low
late nights,Slowday,54,lofi,0.19,0.518,0.038,0.933,-15.36,93.992,low
Ghost,"Jmss, PØPE",38,lofi,0.174,0.611,0.285,0.883,-15.889,76.997,low
Peachy,cloud minor,48,lofi,0.165,0.869,0.131,0.61,-17.144,119.976,low
petra's lullaby,sellar,41,lofi,0.16,0.482,0.0386,0.9,-20.33,159.989,low
Albaizyn,lorleaf,51,lofi,0.287,0.652,0.201,0.588,-14.555,80.663,low
Karma With Some Fries,Origami Boy,51,lofi,0.39,0.594,0.189,0.907,-15.8,109.886,low
after all,softflow,39,lofi,0.277,0.638,0.281,0.741,-18.904,116.15,low
Afterhours,cxlt.,40,lofi,0.0517,0.581,0.0506,0.965,-26.309,125.964,low
Beyond the garden,Dizzy Boy,48,lofi,0.0516,0.691,0.309,0.986,-17.195,144.085,low
keeping up appearances,Zupa Fitz,60,lofi,0.136,0.608,0.354,0.882,-20.155,153.998,low
Lemon Trees,"Louie's Tapes, Lemon Kids",38,lofi,0.153,0.77,0.265,0.875,-12.745,130.082,low
Walking Home,caens,42,lofi,0.28,0.415,0.125,0.764,-12.599,66.141,low
memory,"HM Surf, sove",49,lofi,0.111,0.699,0.133,0.906,-20.595,130.032,low
Hazy,Sihu,61,lofi,0.124,0.563,0.163,0.948,-23.386,69.99,low
random thoughts,softclouds,57,lofi,0.104,0.655,0.192,0.944,-20.225,160.05,low
Eclipse,parrow,57,lofi,0.114,0.351,0.034,0.851,-23.924,102.495,low
Airy Dream,poems,57,lofi,0.168,0.509,0.239,0.903,-18.382,96.936,low
Tiger Tales (of the Concrete Jungle),Tigerpalm*Bay,57,lofi,0.0558,0.603,0.0346,0.969,-16.649,77.977,low
Island Bounce,Hi Hat Henry,57,lofi,0.163,0.61,0.0791,0.973,-21.359,130.122,low
Distance,Strehlow,56,lofi,0.171,0.802,0.523,0.684,-14.176,86.032,low
change of heart,slowburn,56,lofi,0.131,0.679,0.09,0.611,-16.647,136.039,low
First Things First,Red Cedar,56,lofi,0.102,0.445,0.108,0.931,-17.965,112.378,low
poseidon,low&slow,56,lofi,0.323,0.672,0.218,0.897,-12.005,75.989,low
snoozed,lilibu,55,lofi,0.151,0.5,0.183,0.825,-22.794,79.993,low
Napwave Nirvana,Dozy Duzzn,55,lofi,0.148,0.4,0.121,0.932,-22.677,97.45,low
cocoon,sellar,55,lofi,0.0616,0.222,0.0393,0.988,-23.261,54.998,low
Low Battery,jeppa.,55,lofi,0.0611,0.369,0.0793,0.945,-24.461,171.707,low
kinda nice,Earium,55,lofi,0.216,0.581,0.0351,0.861,-21.645,122.047,low
Midnight Groove,Nova Night,55,lofi,0.113,0.591,0.122,0.928,-22.226,137.954,low
Tough Night,Thin Wire,54,lofi,0.465,0.704,0.755,0.916,-12.648,131.992,low
Lost in the Mail,Dylan Sitts,54,lofi,0.331,0.761,0.129,0.374,-8.072,113.978,low
a little sun nap,Kainbeats,54,lofi,0.0236,0.537,0.111,0.984,-29.056,103.938,low
trail running,le gronk,54,lofi,0.0379,0.538,0.0422,0.977,-22.543,61.028,low
fika,mellow fox,53,lofi,0.0669,0.769,0.231,0.913,-22.258,138.049,low
Melt,eze east,53,lofi,0.185,0.566,0.0399,0.98,-12.833,143.937,low
Multiply,A & C,53,lofi,0.336,0.795,0.428,0.685,-10.65,75.968,low
After Hours,Gooee,53,lofi,0.302,0.734,0.557,0.384,-12.732,85.968,low
sunny day dreaming,Twiggy Fiz,53,lofi,0.301,0.672,0.0882,0.928,-14.327,138.252,low
omw,Knowmadic,53,lofi,0.12,0.587,0.349,0.933,-15.175,80.113,low
pawsitive,misty tapes,53,lofi,0.16,0.761,0.483,0.799,-9.414,85.984,low
Flower Kingdom,Mossdeep,53,lofi,0.143,0.845,0.3,0.806,-14.408,124.007,low
hjortron,bomull,52,lofi,0.319,0.715,0.404,0.73,-11.433,91.77,low
So Very Much,nora haze,53,lofi,0.301,0.579,0.289,0.883,-17.913,160.024,low
Days before,Dino P,52,lofi,0.0902,0.543,0.205,0.975,-20.406,69.995,low
Friday Dazed,Alek Faith,52,lofi,0.158,0.73,0.444,0.813,-13.153,70.022,low
shanghai tower,yellofish,52,lofi,0.13,0.715,0.501,0.596,-15.415,140.095,low
late night walking,Rustique Beats,52,lofi,0.0581,0.64,0.476,0.76,-14.81,134.343,low
afternoon walk,herbstreit,52,lofi,0.0277,0.543,0.0681,0.957,-21.2,80.021,low
Beam Me Up,Adam Space,52,lofi,0.267,0.895,0.345,0.668,-11.247,128.012,low
BAGS,Seame,52,lofi,0.205,0.675,0.0551,0.718,-16.858,140.057,low
Indigo,Lazlow,52,lofi,0.397,0.671,0.251,0.713,-10.854,160.044,low
Stones,W8lss,52,lofi,0.285,0.777,0.143,0.754,-12.81,139.992,low
SoulShower,Bus Topp,52,lofi,0.0909,0.422,0.0981,0.871,-23.049,69.004,low
projection,love_eight,52,lofi,0.228,0.923,0.503,0.78,-12.418,124.98,low
Natural Midst,Illum Noyz,52,lofi,0.332,0.671,0.51,0.761,-9.037,89.995,low
Sunflower,Velvet Static,52,lofi,0.385,0.721,0.378,0.88,-14.226,87.993,low
watercolour,Zoe Reed,52,lofi,0.048,0.836,0.228,0.193,-14.768,119.954,low
Who's Driving?,Galva-Nice,51,lofi,0.306,0.645,0.131,0.786,-7.424,76.976,low
Paris,Trippy Park,51,lofi,0.277,0.739,0.638,0.841,-14.284,84.985,low
Car Ride,Gittiye,51,lofi,0.32,0.807,0.783,0.349,-12.699,143.995,low
Flow State,Poof Tricks,51,lofi,0.3,0.848,0.292,0.655,-11.023,94.006,low
happy moggie,louke's beats,51,lofi,0.115,0.793,0.0774,0.661,-15.647,119.992,low
Surf Tiger,ohlos,51,lofi,0.283,0.396,0.0695,0.901,-14.746,79.878,low
Forgotten Dreams,Holy Jamie,51,lofi,0.259,0.676,0.0726,0.664,-14.923,80.038,low
Sunset Boulevard,Phive O,51,lofi,0.0657,0.732,0.939,0.687,-26.149,78.071,low
midnight escape,sellar,51,lofi,0.178,0.502,0.15,0.918,-18.497,75.004,low
glow,low&slow,51,lofi,0.347,0.891,0.331,0.941,-10.08,132.972,low
cashmere,Zatsuma,51,lofi,0.374,0.871,0.557,0.881,-13.797,134.962,low
spring is coming,jaackson,51,lofi,0.249,0.891,0.254,0.976,-11.559,120.003,low
my own practice,hoodeeny,51,lofi,0.338,0.564,0.241,0.968,-14.01,134.119,low
Shifting Sands,G:sson,51,lofi,0.0859,0.896,0.0863,0.802,-16.803,140.209,low
Sunset,"Lotus Beats, Notation",51,lofi,0.162,0.613,0.376,0.83,-12.162,83.927,low
Hazel Eyes,Loomington,51,lofi,0.34,0.68,0.442,0.764,-11.859,180.031,low
Expected Events,Poof Tricks,51,lofi,0.271,0.709,0.295,0.933,-17.212,140.013,low
Vortex,Zeitgeister,51,lofi,0.0924,0.766,0.237,0.897,-17.886,158.049,low
temporary approved,Oroshi,51,lofi,0.235,0.804,0.428,0.959,-14.251,89.999,low
"High five, low-fi",Dusty Kadinsky,51,lofi,0.249,0.867,0.728,0.776,-12.371,84.983,low
letter to amtis,nightnotes,51,lofi,0.211,0.664,0.181,0.885,-14.747,94.019,low
Up In The Clouds Again,astra division,51,lofi,0.206,0.654,0.557,0.934,-15.25,62.942,low
Autumn Stroll,Pi Teddy,51,lofi,0.187,0.814,0.643,0.931,-13.354,84.891,low
Lush,Cal Credence,51,lofi,0.108,0.769,0.374,0.877,-18.875,140.033,low
The City,Audio Phill,51,lofi,0.253,0.666,0.181,0.906,-16.196,129.971,low
Seasons,M.I Hakone,51,lofi,0.351,0.804,0.74,0.887,-10.686,76.992,low
the clearing,Zoe Reed,51,lofi,0.218,0.879,0.663,0.566,-16.681,129.997,low
Softly Whispering,Convivial,51,lofi,0.0408,0.643,0.152,0.825,-17.989,130.014,low
Matcha,"Yawuh, Koralle",50,lofi,0.379,0.67,0.552,0.596,-11.249,147.97,low
Sunny Side,ninetytwo.,50,lofi,0.279,0.759,0.437,0.397,-10.357,88.956,low
New Season,sunala.,50,lofi,0.134,0.794,0.441,0.924,-12.686,140.124,low
act n' chill,HPY DAYZ,50,lofi,0.342,0.685,0.365,0.648,-9.102,160.082,low
starry night,Mathis,50,lofi,0.424,0.794,0.303,0.944,-11.044,75.233,low
Bar Breeze,Hammocks & Lime,50,lofi,0.269,0.9,0.614,0.508,-11.537,139.986,low
Winter Artifacts,Carl Borg,50,lofi,0.21,0.838,0.609,0.565,-11.881,123.965,low
park stroll,Fya Playce,50,lofi,0.264,0.53,0.0844,0.985,-12.377,68.003,low
fliff,Zonyo,50,lofi,0.366,0.789,0.172,0.835,-9.795,71.008,low
camping trip,Collinsworthy,50,lofi,0.0455,0.615,0.038,0.942,-17.469,71.045,low
imstillfallingfor,ELEWAKA,50,lofi,0.21,0.594,0.0622,0.887,-15.785,60.019,low
Incredibly happy,Silk Soul,50,lofi,0.529,0.685,0.363,0.34,-10.362,79.981,low
rose quartz,Cyan_95,50,lofi,0.209,0.748,0.316,0.776,-15.65,139.943,low
Lo-fi Love Letters,Idris Kelly,50,lofi,0.31,0.431,0.508,0.771,-12.847,241.426,low
Borrowed Car,slowvibe,50,lofi,0.166,0.607,0.236,0.723,-19.259,76.003,low
Flash,Aurora 10,50,lofi,0.128,0.887,0.651,0.801,-16.508,74.988,low
Marbles,"Maggotts&Becketts, chill.farm",50,lofi,0.337,0.709,0.288,0.921,-9.09,128.088,low
fuzzy felt,lilibu,50,lofi,0.376,0.859,0.17,0.608,-10.657,132.41,low
find whats lost,mutedvibes,50,lofi,0.11,0.565,0.0797,0.96,-20.446,108.157,low
Behind the stars,Slumbering Elk,50,lofi,0.24,0.551,0.156,0.73,-19.865,58.031,low
Lazy Locomotive,Cmd q,50,lofi,0.272,0.5,0.222,0.9,-15.719,93.656,low
Honestly,Blank x Blank,50,lofi,0.368,0.633,0.08,0.795,-12.152,77.951,low
head in the clouds,drewbee,50,lofi,0.425,0.659,0.404,0.29,-9.218,171.982,low
Dance The Night,Analog Bow,50,lofi,0.304,0.655,0.485,0.942,-16.901,82.03,low
Heroes Retreat,Conjure kid,50,lofi,0.356,0.747,0.245,0.91,-11.361,144.203,low
Donuts,Loomington,50,lofi,0.362,0.559,0.73,0.79,-9.471,84.801,low
the neighborhood,ninetytwo.,50,lofi,0.47,0.617,0.427,0.401,-13.3,75.008,low
Early Birds,"FloFilz, HNNY",50,lofi,0.325,0.472,0.151,0.896,-11.39,82.847,low
The Day Before Yesterday,merīkurisumasu!,50,lofi,0.198,0.831,0.164,0.943,-16.467,83.983,low
Laundry Tessomancy,Violet Blanca,50,lofi,0.49,0.582,0.175,0.73,-8.651,132.682,low
Snooze Groove,Dozy Duzzn,50,lofi,0.0518,0.335,0.299,0.984,-26.628,111.893,low
devotion,Summer Clarke,50,lofi,0.335,0.824,0.497,0.905,-9.877,130.077,low
semi-hollow,Ponzi Skeemz,50,lofi,0.276,0.691,0.511,0.811,-11.717,139.971,low
Smoking at Sundown,peerless,49,lofi,0.378,0.636,0.326,0.258,-7.764,174.068,low
rolling,Collinsworthy,49,lofi,0.163,0.69,0.31,0.932,-16.182,168.056,low
deep reverie,buggy beats,49,lofi,0.0929,0.523,0.192,0.919,-20.861,116.163,low
Bareru Rōru,d.w.h,49,lofi,0.319,0.65,0.404,0.778,-7.9,75.996,low
pistachios forever,uniqlesse,49,lofi,0.179,0.827,0.184,0.899,-12.561,160.01,low
Satin Soul,"Ghostnaut, Lunath",49,lofi,0.21,0.686,0.176,0.912,-16.079,153.988,low
Con Bajo Fidelidad,The Fly Guy Five,49,lofi,0.466,0.638,0.312,0.828,-10.637,168.063,low
Green Coco,Alana Coello,49,lofi,0.354,0.84,0.31,0.848,-10.941,78.044,low
catch me,knock on wood,49,lofi,0.138,0.633,0.0397,0.958,-17.371,77.0,low
yo!,H I K E,49,lofi,0.372,0.574,0.26,0.792,-15.483,79.992,low
neutron,Cyan_95,49,lofi,0.274,0.75,0.376,0.698,-10.486,129.921,low
looking back,nearly monday,49,lofi,0.329,0.86,0.353,0.795,-13.455,136.115,low
All downhill from here,Art Vandeley,49,lofi,0.27,0.661,0.16,0.941,-12.34,75.222,low
con leche,Camden Clown,49,lofi,0.285,0.753,0.202,0.929,-12.869,77.007,low
The Jam,Audio Phill,49,lofi,0.226,0.623,0.492,0.8,-16.244,140.046,low
Let's Puddle,Lime Nyorobon,49,lofi,0.325,0.578,0.229,0.898,-10.521,69.959,low
piece of cake,"Beats Me, Innit?",49,lofi,0.338,0.635,0.366,0.87,-11.807,78.015,low
luminescence,"steezy prime, luv pug",49,lofi,0.114,0.592,0.0378,0.855,-26.735,114.063,low
Ayways,A & C,49,lofi,0.235,0.466,0.361,0.905,-13.283,56.521,low
morning coffee,bearé,49,lofi,0.244,0.806,0.347,0.671,-10.219,75.03,low
Slowmotion,Zauvage,49,lofi,0.351,0.697,0.477,0.95,-13.939,78.396,low
ottos visa,bomull,49,lofi,0.274,0.807,0.215,0.793,-12.53,75.027,low
Their Name Is Jazz,yoranda,48,lofi,0.445,0.836,0.324,0.545,-8.829,90.182,low
sandwhich beach,Grace Belly,48,lofi,0.116,0.648,0.488,0.969,-14.442,81.653,low
Inner Peace,Moon Cheese,48,lofi,0.234,0.622,0.175,0.856,-15.541,73.943,low
horizon,Lunar Lullaby & yorukaze,48,lofi,0.291,0.827,0.171,0.604,-14.533,89.993,low
no way but up,Phresh Milk,48,lofi,0.41,0.686,0.322,0.843,-13.681,123.964,low
My Promise,myndstream,48,lofi,0.133,0.706,0.491,0.877,-16.205,138.056,low
Avocades,Breakfast For Brunch,48,lofi,0.204,0.671,0.358,0.919,-16.153,62.944,low
Lost Without You,chill.farm,48,lofi,0.466,0.768,0.454,0.95,-9.748,70.087,low
Memories & Notes,Juliette,48,lofi,0.294,0.599,0.198,0.926,-11.432,69.94,low
Watching Walls,"Sleepermane, Dontcry",48,lofi,0.235,0.569,0.0888,0.724,-19.628,147.0,low
benice,okayokay,48,lofi,0.259,0.678,0.186,0.288,-12.351,80.045,low
favour the brave,Rustique Beats,48,lofi,0.0401,0.746,0.316,0.977,-24.322,131.903,low
Ham On Rye,Worn Tape,48,lofi,0.182,0.589,0.452,0.173,-14.852,70.043,low
Everything I Need,Stekt,48,lofi,0.283,0.647,0.288,0.623,-13.397,160.206,low
Through The Garden,eze east,48,lofi,0.267,0.574,0.17,0.983,-19.343,148.117,low
Wait For Spring,Fya Playce,48,lofi,0.15,0.375,0.143,0.98,-20.322,145.704,low
Wistful Silhouettes,"Chill Def, alt.bin.beats",48,lofi,0.115,0.652,0.49,0.93,-14.94,85.001,low
Through the Portal,iasilma,48,lofi,0.265,0.639,0.135,0.693,-12.847,74.994,low
big buddha,Max Hayward,48,lofi,0.197,0.656,0.521,0.834,-19.201,147.974,low
Our Feelings,Akkoro,48,lofi,0.172,0.713,0.112,0.982,-16.529,124.058,low
Do not forget,Perry Goldfish,48,lofi,0.245,0.908,0.519,0.177,-14.348,130.08,low
Beauty,W8lss,48,lofi,0.427,0.79,0.292,0.751,-15.717,129.996,low
ting,_tag,48,lofi,0.0962,0.798,0.31,0.515,-21.004,139.943,low
poolside,May-Flowa,48,lofi,0.233,0.548,0.338,0.9,-17.125,64.993,low
blue bird,"Slipp, Nick's chill factory",48,lofi,0.391,0.366,0.487,0.915,-11.479,168.572,low
Garden Suitcase,hello low,48,lofi,0.246,0.717,0.838,0.664,-13.742,79.018,low
Autumn Briefs,Dasunny,48,lofi,0.301,0.741,0.604,0.91,-11.255,78.87,low
traffic,Lunar Lullaby & yorukaze,48,lofi,0.454,0.824,0.49,0.277,-11.809,80.03,low
fastback ride,Nitta' Gritta',48,lofi,0.379,0.624,0.336,0.899,-7.806,72.996,low
One more for the road,Attic Dizzt,48,lofi,0.316,0.52,0.377,0.297,-16.799,80.148,low
Preciso,Tom Doolie,48,lofi,0.298,0.623,0.443,0.857,-14.003,75.086,low
Tea,Osian Lewis,48,lofi,0.434,0.8,0.0889,0.823,-13.331,136.003,low
less-than-flattering,Slow Bounce,48,lofi,0.253,0.733,0.317,0.861,-12.311,74.077,low
Mister you forgot your hat,Meryl Street,48,lofi,0.565,0.802,0.252,0.473,-8.553,135.82,low
Laurel Canyon,cuttingwood,48,lofi,0.457,0.54,0.345,0.607,-10.636,78.552,low
Hidden Cataract,Carl Borg,47,lofi,0.253,0.559,0.373,0.683,-15.53,130.389,low
until we meet again,LVTA,47,lofi,0.331,0.559,0.375,0.64,-12.731,74.996,low
Peaceful Ghost,"Salvador, Nick's chill factory",47,lofi,0.302,0.536,0.261,0.807,-13.458,78.005,low
fruta verde,Mirá,47,lofi,0.687,0.828,0.734,0.0713,-9.679,81.955,low
saveme.,"Dpsht, tenkousei.",47,lofi,0.244,0.757,0.6,0.929,-13.135,103.307,low
Dad's Typewriter Feels,Looper Boy,47,lofi,0.135,0.751,0.595,0.888,-15.65,80.008,low
Meltdown,Arlos,47,lofi,0.142,0.561,0.37,0.869,-19.32,84.931,low
The Way To Eden,louke's beats,47,lofi,0.13,0.657,0.321,0.204,-13.182,79.993,low
Arboreous,"Bogomolove, Senn",47,lofi,0.177,0.639,0.275,0.918,-18.161,144.299,low
Adamant,Kuma,47,lofi,0.466,0.683,0.504,0.754,-10.24,160.02,low
Hokkaido Breeze,Furry Beats,47,lofi,0.383,0.328,0.433,0.988,-10.595,80.314,low
fantasize,bdazzled.,47,lofi,0.292,0.551,0.647,0.646,-14.685,79.239,low
Humble Thoughts,Somebody's Son,47,lofi,0.395,0.715,0.204,0.851,-13.155,80.028,low
Piano Roll,Vancgroover,47,lofi,0.473,0.857,0.84,0.631,-6.791,89.945,low
Walk in the Park,NogEgg,47,lofi,0.207,0.784,0.373,0.0222,-11.038,90.005,low
King of the Road,George Claymon,25,country,0.405,0.686,0.672,0.611,-9.472,118.245,low
Ring of Fire,Johnny Cash,58,country,0.518,0.661,0.676,0.267,-8.004,104.565,low
Always on My Mind,Jason Morrigan,39,country,0.421,0.62,0.378,0.712,-9.987,73.645,low
Crazy,Jess Sharon,35,country,0.404,0.537,0.346,0.534,-11.153,70.986,low
"Take Me Home, Country Roads (Original Version) [Remastered]",John Denver,33,country,0.445,0.455,0.664,0.663,-6.996,81.953,low
"Forever and Ever, Amen",Randy Travis,54,country,0.68,0.701,0.704,0.303,-8.492,90.607,low
Lay Down Sally,Monica Lopez,34,country,0.688,0.601,0.785,0.474,-7.871,165.002,low
"Please Help Me, I'm Falling",Hank Locklin,44,country,0.336,0.552,0.553,0.828,-10.712,105.479,low
Can’t Wait For You,Mary J. Blige,39,soul,0.717,0.702,0.491,0.0607,-5.165,91.068,low
Timeless,"Byron Juane, Kenyon Dixon",32,soul,0.538,0.579,0.369,0.582,-6.942,115.011,low
DO 4 LOVE,Snoh Aalegra,66,soul,0.142,0.367,0.1,0.913,-12.717,69.827,low
Anyways,Elmiene,48,soul,0.364,0.365,0.184,0.834,-11.528,123.872,low
When I'm in Your Arms,Cleo Sol,64,soul,0.462,0.596,0.655,0.476,-10.605,173.866,low
Out My Hair,Mack Keane,39,soul,0.462,0.717,0.803,0.19,-9.542,173.978,low
YA YA,Beyoncé,63,soul,0.904,0.617,0.764,0.317,-5.371,151.926,low
Glad You Came,Mario,52,soul,0.782,0.613,0.511,0.369,-7.498,79.979,low
Good & Plenty,"Alex Isley, Masego, Jack Dine",63,soul,0.619,0.658,0.354,0.788,-7.316,136.077,low
somebody new,Mac Ayres,46,soul,0.188,0.449,0.151,0.983,-13.996,75.085,low
Go Baby,Cleo Sol,63,soul,0.176,0.574,0.497,0.928,-10.924,78.929,low
alone,Tiana Major9,44,soul,0.574,0.525,0.472,0.146,-8.071,140.592,low
Fear When You Fly,Cleo Sol,61,soul,0.184,0.451,0.21,0.554,-16.144,146.701,low
In Limbo,"Pale Jay, Ironsides",59,soul,0.44,0.236,0.38,0.767,-9.163,98.615,low
HiYA,Ray Lozano,47,soul,0.627,0.701,0.749,0.453,-7.141,139.915,low
God Gave Me Feet For Dancing (feat. Yazmin Lacey),"Ezra Collective, Yazmin Lacey",58,soul,0.662,0.669,0.469,0.49,-9.433,118.009,low
Free Fallin',Amaria,48,soul,0.233,0.724,0.384,0.513,-14.119,154.026,low
Messy,Olivia Dean,57,soul,0.447,0.609,0.444,0.813,-10.852,145.886,low
I USED TO (feat. Baby Rose),"Leon Thomas, Baby Rose",53,soul,0.57,0.606,0.663,0.454,-8.876,89.726,low
Made For Me (with Mariah Carey),"Muni Long, Mariah Carey",56,soul,0.481,0.675,0.078,0.141,-6.315,119.783,low
All I Want Is You,"October London, Boney James",45,soul,0.645,0.65,0.598,0.248,-7.073,83.025,low
DESERT EAGLE,Beyoncé,56,soul,0.489,0.691,0.662,0.645,-8.461,85.032,low
SOS (Sex on Sight) (feat. USHER),"Victoria Monét, USHER",55,soul,0.47,0.641,0.425,0.219,-8.889,128.047,low
Promises,Cleo Sol,59,soul,0.266,0.797,0.683,0.289,-13.758,92.011,low
Sweet Little Rainbows,Allen Stone,34,soul,0.624,0.518,0.705,0.361,-3.469,175.94,low
Smoke,Ari Lennox,50,soul,0.814,0.688,0.761,0.0196,-4.614,107.094,low
Light Work,Elmiene,56,soul,0.76,0.582,0.543,0.218,-6.079,87.934,low
You Ain't The Only One,Mary J. Blige,47,soul,0.693,0.714,0.586,0.0417,-4.955,91.973,low
Fight for Love,SAULT,55,soul,0.411,0.836,0.845,0.42,-9.084,90.876,low
Space,Mario,44,soul,0.496,0.703,0.418,0.107,-8.948,172.008,low
Waiting on the Right Time,Thee Sacred Souls,47,soul,0.566,0.551,0.722,0.177,-8.303,137.521,low
Celebrate,"Jordan Rakei, STUTS",54,soul,0.381,0.605,0.132,0.575,-8.369,82.939,low
Anyone In Love,Jalen Ngonda,53,soul,0.539,0.537,0.548,0.277,-6.772,76.796,low
Crystal Tears,Elmiene,54,soul,0.418,0.688,0.338,0.67,-10.023,129.959,low
Simply Beautiful,Maxwell,49,soul,0.45,0.595,0.483,0.75,-9.878,132.951,low
That's You,Lucky Daye,54,soul,0.488,0.626,0.554,0.429,-7.416,64.942,low
Something We Can Make Love To,"Eric Benét, Tamar Braxton",44,soul,0.575,0.441,0.291,0.305,-6.092,189.935,low
That's What I Love,Leon Bridges,54,soul,0.527,0.619,0.692,0.388,-10.313,142.056,low
All I Want Is You [Feat. October London],"Boney James, October London",45,soul,0.622,0.627,0.656,0.474,-7.954,83.043,low
Don't Sleep (feat. Thundercat),"Victoria Monét, Thundercat",53,soul,0.658,0.719,0.362,0.475,-7.517,85.984,low
MoveOn,"NxWorries, Anderson .Paak, Knxwledge",49,soul,0.626,0.565,0.833,0.632,-14.123,159.94,low
2 Much,Qendresa,53,soul,0.388,0.752,0.534,0.311,-8.251,80.018,low
Bend,Wizkid,46,afrobeats,0.816,0.809,0.788,0.0181,-6.056,113.053,low
Bad Vibes (feat. Seyi Vibez),"Ayra Starr, Seyi Vibez",59,afrobeats,0.672,0.694,0.804,0.307,-5.527,96.003,low
Higher,Burna Boy,63,afrobeats,0.512,0.784,0.842,0.0951,-8.694,116.945,low
Lomo Lomo,"KiDi, Black Sherif",61,afrobeats,0.588,0.819,0.705,0.558,-7.52,111.006,low
Saint Tropez,"Juls, Victony",51,afrobeats,0.414,0.847,0.465,0.243,-10.959,111.99,low
Marhaba,Kizz Daniel,65,afrobeats,0.765,0.598,0.844,0.275,-4.93,84.978,low
everyday,Fireboy DML,61,afrobeats,0.657,0.887,0.932,0.153,-5.784,100.104,low
Asylum,Olivetheboy,62,afrobeats,0.592,0.824,0.754,0.674,-7.599,108.081,low
新時代 - ウタ from ONE PIECE FILM RED,Ado,58,j-pop,0.986,0.494,0.421,0.0505,-2.262,175.003,low
SPECIALZ,King Gnu,65,j-pop,0.886,0.56,0.601,0.0593,-4.588,117.064,low
廻廻奇譚,Eve,53,j-pop,0.91,0.585,0.602,0.0138,-3.703,92.591,low
ミックスナッツ,OFFICIAL HIGE DANDISM,57,j-pop,0.918,0.542,0.784,0.0101,-5.074,150.094,low
One Last Kiss,Hikaru Utada,59,j-pop,0.54,0.592,0.354,0.692,-11.249,111.955,low
炎,LiSA,59,j-pop,0.685,0.477,0.308,0.105,-4.554,152.04,low
すずめ,"RADWIMPS, Toaka",49,j-pop,0.415,0.571,0.342,0.615,-6.572,78.025,low
青春コンプレックス,結束バンド,55,j-pop,0.939,0.37,0.463,0.00165,-2.056,190.066,low
トウキョウ・シャンディ・ランデヴ,"MAISONdes, 花譜, ツミキ",55,j-pop,0.973,0.734,0.91,0.0435,-1.789,137.024,low
オレンジ,SPYAIR,65,j-pop,0.878,0.402,0.358,0.000242,-4.367,100.267,low
花になって - Be a flower,Ryokuoushoku Shakai,67,j-pop,0.953,0.569,0.477,0.166,-2.018,96.047,low
LOST IN PARADISE,"ALI, AKLO",64,j-pop,0.904,0.648,0.728,0.0961,-4.565,121.994,low
Symphony Of Destruction,Megadeth,64,metal,0.889,0.61,0.506,0.000794,-5.452,139.903,low
Down with the Sickness,Disturbed,60,metal,0.896,0.649,0.924,0.000319,-2.704,90.009,low
Hellraiser - 30th Anniversary Edition,"Ozzy Osbourne, Lemmy, Motörhead",54,metal,0.934,0.624,0.411,0.00232,-3.229,96.038,low
Holy Wars...The Punishment Due - 2004 Remix,Megadeth,65,metal,0.985,0.325,0.221,0.00177,-3.941,125.307,low
Roots Bloody Roots,Sepultura,63,metal,0.874,0.428,0.261,0.000337,-6.664,119.708,low
Painkiller,Judas Priest,64,metal,0.987,0.435,0.1,0.000195,-4.667,103.162,low
Pull Me Under,Dream Theater,60,metal,0.941,0.532,0.278,0.000579,-9.025,102.198,low
Tears Don't Fall,Bullet For My Valentine,64,metal,0.931,0.214,0.233,0.000705,-3.347,162.115,low
Wait and Bleed,Slipknot,65,metal,0.996,0.382,0.327,0.00208,-4.119,93.345,low
War Eternal,Arch Enemy,57,metal,0.98,0.445,0.285,2.45e-05,-4.369,155.045,low
Raise Your Horns,Amon Amarth,35,metal,0.876,0.46,0.499,6.85e-05,-5.39,164.992,low
19,Dan Whitlam,40,hip-hop,0.63,0.732,0.47,0.502,-7.896,97.972,low
Non Stop Action,"Ki!, Al Agami",15,hip-hop,0.869,0.33,0.457,0.0831,-9.003,169.972,low
Keep It Alive,"Alias Molombo, Skee",29,hip-hop,0.789,0.743,0.663,0.123,-7.14,92.998,low
LAST NIGHT WAS LOVELY,STRIPE,18,hip-hop,0.8,0.786,0.734,0.456,-4.603,108.013,low
Words of Wisdom,Aastn,19,hip-hop,0.671,0.667,0.463,0.358,-8.867,84.902,low
breathe,Earl Hondo,14,hip-hop,0.675,0.665,0.517,0.262,-10.243,179.97,low
2 BOLD,Jomega,11,hip-hop,0.649,0.861,0.673,0.0867,-3.713,105.969,low
Worldwide,"MC Random, Mista Ed",22,hip-hop,0.71,0.816,0.614,0.0257,-5.303,94.044,low
GOSSIP,Killloane,23,hip-hop,0.669,0.941,0.589,0.0399,-8.756,128.034,low
Talk Show,Humble Francis,20,hip-hop,0.367,0.921,0.512,0.0907,-8.324,140.04,low
Hoopty,The ART MuZeum,13,hip-hop,0.71,0.611,0.552,0.457,-7.933,85.931,low
Caesar,Inventor Ace,30,hip-hop,0.663,0.927,0.621,0.0253,-7.546,129.987,low
Back in 09,Voodoo Benji,12,hip-hop,0.65,0.862,0.95,0.602,-8.732,139.938,low
Don't You Cry,ROC,19,hip-hop,0.721,0.468,0.811,0.35,-7.155,173.048,low
NEW CHOP,Malone the Chemist,14,hip-hop,0.743,0.591,0.603,0.0231,-6.769,149.917,low
BIG DEAL,Pink Jagg,17,hip-hop,0.595,0.815,0.566,0.438,-8.061,94.006,low
"Wifey, Shordy, Bae",G DUBS,18,hip-hop,0.639,0.563,0.528,0.0814,-9.439,102.342,low
I Can See Clearly Now,Jimmy Cliff,58,reggae,0.618,0.81,0.804,0.0139,-10.581,120.063,low
Here I Come,Barrington Levy,56,reggae,0.663,0.586,0.693,0.161,-6.547,170.743,low
Revolution,Dennis Brown,53,reggae,0.458,0.754,0.744,0.157,-10.558,84.603,low
True To Myself,Ziggy Marley,51,reggae,0.553,0.881,0.835,0.075,-7.376,99.022,low
Badfish,Sublime,67,reggae,0.548,0.801,0.627,0.0854,-5.482,92.059,low
Stone Love,Pepper,58,reggae,0.478,0.837,0.81,0.0571,-5.861,78.746,low
All My Loving,Prince Buster,51,reggae,0.439,0.771,0.892,0.974,-5.835,157.436,low
If I Ruled the World (Imagine That) (feat. Lauryn Hill),"Nas, Ms. Lauryn Hill",67,hip-hop,0.564,0.879,0.523,0.0474,-7.682,93.908,low
93 'Til Infinity,Souls Of Mischief,67,hip-hop,0.672,0.59,0.688,0.125,-11.792,206.247,low
Ms. Fat Booty,Mos Def,67,hip-hop,0.589,0.782,0.869,0.148,-4.827,90.438,low
Intergalactic - Remastered 2009,Beastie Boys,66,hip-hop,0.864,0.734,0.47,0.022,-6.119,105.932,low
Keep Their Heads Ringin',Dr. Dre,66,hip-hop,0.737,0.671,0.197,0.0338,-5.131,90.519,low
Big Pimpin',"JAY-Z, UGK",66,hip-hop,0.814,0.88,0.942,0.168,-6.307,138.083,low
I'll Be Missing You (feat. Faith Evans & 112) - 2014 Remaster,"Diddy, 112, Faith Evans",65,hip-hop,0.619,0.833,0.901,0.111,-5.595,109.92,low
Jump,Kris Kross,65,hip-hop,0.745,0.749,0.481,0.000501,-10.625,101.972,low
Electric Relaxation,A Tribe Called Quest,65,hip-hop,0.534,0.866,0.841,0.184,-9.201,98.243,low
Tha Crossroads,Bone Thugs-N-Harmony,65,hip-hop,0.509,0.679,0.534,0.0856,-7.31,144.29,low
Full Clip,Gang Starr,64,hip-hop,0.745,0.875,0.75,0.0227,-5.878,95.203,low
Who Shot Ya? - 2005 Remaster,The Notorious B.I.G.,64,hip-hop,0.682,0.831,0.6,0.256,-5.697,91.771,low
This D.J.,"Warren G, O.G.L.B.",64,hip-hop,0.443,0.804,0.58,0.0312,-10.268,92.035,low
Twinz (feat. Fat Joe),"Big Pun, Fat Joe",64,hip-hop,0.763,0.634,0.519,0.32,-7.216,94.981,low
Protect Ya Neck,Wu-Tang Clan,64,hip-hop,0.509,0.822,0.823,0.0353,-12.31,102.007,low
I Get Around,"2Pac, Digital Underground",66,hip-hop,0.416,0.846,0.645,0.156,-13.767,96.188,low
Got Your Money (feat. Kelis),"Ol' Dirty Bastard, Kelis",64,hip-hop,0.459,0.934,0.697,0.0516,-7.654,103.04,low
Hard Knock Life (Ghetto Anthem),JAY-Z,64,hip-hop,0.679,0.884,0.591,0.0957,-5.857,76.993,low
Nas Is Like,Nas,64,hip-hop,0.845,0.634,0.929,0.00602,-5.058,94.0,low
What You Want (feat. Total),"Mase, Total",63,hip-hop,0.72,0.838,0.845,0.0312,-6.593,93.76,low
"Burning Heart - From ""Rocky IV"" Soundtrack",Survivor,65,rock,0.609,0.652,0.646,0.298,-9.684,98.125,low
Oh qu'elle est belle,"Jul, DYSTINCT",66,hip-hop,0.501,0.619,0.623,0.662,-8.228,97.419,low
Faut pas,"PLK, Jul",67,hip-hop,0.668,0.814,0.716,0.0248,-6.474,135.979,low
Ailleurs,Josman,62,hip-hop,0.593,0.738,0.477,0.357,-8.461,72.494,low
barcelona92,"Green Montana, SDM",64,hip-hop,0.53,0.727,0.444,0.434,-9.169,122.949,low
Step,T-Koor,55,hip-hop,0.722,0.637,0.39,0.126,-8.651,115.592,low
Sensations,Jul,44,hip-hop,0.56,0.888,0.859,0.475,-7.0,139.971,low
NOTRE DAME,"Gazo, Tiakola",60,hip-hop,0.668,0.605,0.567,0.203,-7.03,147.078,low
CARTIER,"Gazo, Tiakola",64,hip-hop,0.678,0.735,0.708,0.575,-5.395,145.9,low
LOCO,"GIMS, Lossa",58,hip-hop,0.661,0.776,0.963,0.481,-5.663,122.058,low
777,RST,45,hip-hop,0.408,0.777,0.346,0.0527,-10.604,102.029,low
Merco Benz,Key Largo,37,hip-hop,0.404,0.92,0.523,0.232,-7.815,106.933,low
Aller sans retour,"Zola, Koba LaD",45,hip-hop,0.723,0.579,0.623,0.263,-5.598,182.912,low
J'fais plaisir à la zone,"Jul, SDM",51,hip-hop,0.73,0.781,0.581,0.0186,-6.663,133.021,low
ON DÉGAINE,Guy2Bezbar,49,hip-hop,0.791,0.804,0.422,0.214,-3.398,118.652,low
Amer,"Le U, Akim Beats",27,hip-hop,0.564,0.807,0.595,0.133,-8.764,102.009,low
Chaque matin,"Key Largo, LEDG",38,hip-hop,0.531,0.924,0.532,0.142,-5.954,122.03,low
LOYAL,La Fève,41,hip-hop,0.5,0.638,0.336,0.478,-10.852,147.065,low
intensément,AMO,25,hip-hop,0.572,0.578,0.328,0.329,-10.928,75.903,low
Les Flammes,Josman,51,hip-hop,0.584,0.795,0.686,0.239,-6.726,143.951,low
HELLO (feat. JEY BROWNIE & Josman),"Guy2Bezbar, JEY BROWNIE, Josman",45,hip-hop,0.676,0.772,0.459,0.258,-7.145,129.914,low
VIBES,Favé,60,hip-hop,0.7,0.871,0.543,0.079,-5.93,94.054,low
Magot,"Werenoi, SCH",46,hip-hop,0.747,0.534,0.523,0.231,-6.412,98.229,low
Gaza,"Un jour de paix, PNL",51,hip-hop,0.817,0.509,0.139,0.363,-6.211,117.88,low
Hot Mess,aespa,62,k-pop,0.602,0.709,0.844,0.12,-5.054,159.971,low
Boom Boom Bass,RIIZE,63,k-pop,0.759,0.811,0.83,0.0197,-4.24,117.005,low
Cosmic,Red Velvet,61,k-pop,0.568,0.72,0.634,0.0323,-4.483,105.964,low
Give Me That - Korean Version,WayV,50,k-pop,0.879,0.546,0.6,0.0296,-4.583,105.036,low
KING KONG,TREASURE,54,k-pop,0.831,0.765,0.778,0.024,-5.1,120.007,low
Siren,RIIZE,49,k-pop,0.828,0.807,0.672,0.00101,-2.928,104.978,low
NANA,Yung Caza,25,latin,0.693,0.573,0.837,0.609,-6.22,150.85,low
felices los 3,Auggie Velarde,20,latin,0.635,0.801,0.286,0.282,-5.716,119.037,low
No es Cierto - Versión Acústica,caoba,18,latin,0.268,0.458,0.335,0.806,-7.547,179.277,low
Loto,"Sunny Laurent, 93bustdown, Scottie",22,latin,0.41,0.698,0.189,0.0222,-11.064,144.206,low
¿Puedo parar un instante?,Afroboy,12,latin,0.538,0.452,0.318,0.362,-12.384,87.166,low
NO HAGO MUSIC PA PEGARME,Chill Vif,13,latin,0.338,0.656,0.49,0.571,-14.456,121.957,low
Gracias por Todo,RAFIK,39,latin,0.59,0.713,0.494,0.604,-6.314,82.983,low
5 Senti 2,Cupido,35,latin,0.501,0.683,0.234,0.76,-8.294,135.204,low
U Know,Cupido,38,latin,0.571,0.699,0.38,0.278,-7.955,124.915,low
No Sabes Mentir,Cupido,42,latin,0.876,0.784,0.517,0.032,-5.155,122.96,low
Autoestima,Cupido,39,latin,0.453,0.79,0.591,0.785,-10.816,148.139,low
Be Honest,"Denilson, WMC",12,latin,0.528,0.842,0.476,0.157,-10.577,105.972,low
Me Gusta,Gretch'N,12,latin,0.828,0.75,0.91,0.382,-4.453,173.876,low
High,FL,19,latin,0.521,0.872,0.736,0.385,-7.14,97.981,low
Dame,Felix Rovitto,22,latin,0.782,0.698,0.881,0.194,-6.726,189.901,low
Both Ways,WMC,13,latin,0.449,0.667,0.386,0.407,-11.041,199.905,low
Te Quiodio,Pol Granch,33,latin,0.546,0.487,0.446,0.134,-7.729,83.006,low
22:23,Don Patricio,32,latin,0.821,0.772,0.55,0.036,-4.889,175.818,low
Ya No Te Hago Falta,Sen Senra,61,latin,0.311,0.56,0.452,0.934,-8.508,180.05,low
Por Ti,"Lucía Fernanda, Rocco S",28,latin,0.535,0.76,0.501,0.65,-8.255,139.871,low
Ojos de Serpiente,DORA,32,latin,0.272,0.597,0.341,0.707,-12.422,126.83,low
Dolores,Choclock,26,latin,0.415,0.836,0.131,0.0575,-6.559,169.999,low
llueve,"Natalia Lacunza, mori",31,latin,0.413,0.46,0.128,0.776,-10.717,84.999,low
untitled2,mori,19,latin,0.146,0.697,0.432,0.957,-18.848,105.081,low
todo lo que hago cuando no estás,mori,24,latin,0.337,0.669,0.297,0.821,-11.434,120.03,low
licor y hielos,Kiddie Gang,22,latin,0.584,0.674,0.098,0.363,-9.355,106.66,low
309,Nsqk,57,latin,0.308,0.366,0.0999,0.247,-11.427,118.915,low
En Verano,Gabriela Richardson,22,latin,0.737,0.612,0.532,0.763,-6.246,171.924,low
Cacería,Yarea,19,latin,0.585,0.775,0.446,0.509,-10.405,113.312,low
vanish,"$kyhook, mori",25,latin,0.35,0.456,0.233,0.665,-12.743,161.747,low
I Had a Dream,LANE,15,latin,0.655,0.691,0.187,0.339,-5.854,100.002,low
Por Si Apareces,Alice Wonder,31,latin,0.408,0.48,0.474,0.648,-10.184,119.43,low
Barcelona,"Pajaro Sunrise, Yuri Méndez",44,latin,0.304,0.889,0.619,0.714,-11.076,82.939,low
Nunca Estoy,C. Tangana,50,latin,0.377,0.917,0.398,0.474,-5.132,134.994,low
Your Face,"Evol December, Duccbod",22,latin,0.656,0.554,0.438,0.766,-9.489,131.372,low
Ojitos de Md,Axel Fiks,47,latin,0.357,0.764,0.552,0.648,-12.364,130.0,low
Dos X Tres (Demo),"Sebastián Cortés, Roy Borland",40,latin,0.312,0.655,0.454,0.54,-13.075,103.195,low
La Playa,Myke Towers,63,latin,0.683,0.796,0.353,0.108,-2.754,140.108,low
5AM,Volver,33,latin,0.539,0.698,0.213,0.414,-7.3,120.071,low
Estoy que muerdo,Santi Pidal,21,latin,0.665,0.846,0.568,0.12,-9.437,100.05,low
No Sentir Nada,Marem Ladson,21,latin,0.567,0.635,0.439,0.756,-6.436,103.049,low
Lejos de Mi,FLORIAN,12,latin,0.257,0.666,0.337,0.229,-10.862,70.01,low
Girasoles De Van Gogh,Cometta,27,latin,0.483,0.662,0.492,0.235,-10.701,160.078,low
Como habla una mujer (feat. C. Tangana),"Paula Cendejas, C. Tangana",48,latin,0.766,0.667,0.496,0.389,-4.907,179.945,low
Antes de Morirme (Remix),GA,23,latin,0.775,0.66,0.372,0.0549,-6.499,195.812,low
no estás,daniel sabater,27,latin,0.33,0.861,0.582,0.601,-9.442,119.003,low
Mal,"SAG, Lvtin Mvfia",43,latin,0.706,0.687,0.758,0.0229,-5.4,188.006,low
Borracho,Sebastián Cortés,30,latin,0.548,0.84,0.654,0.107,-8.856,93.014,low
Chiquillo,OjosPielCanela,26,latin,0.413,0.703,0.5,0.601,-13.929,81.026,low
Trihte,Kimberley Tell,26,latin,0.438,0.802,0.263,0.314,-10.924,139.963,low
Aguaceros,Vale,18,latin,0.449,0.611,0.414,0.292,-11.27,90.031,low
Barcelona,Frank Yates,15,latin,0.319,0.414,0.377,0.441,-13.505,195.48,low
cómo quieres que me enfade,"daniel sabater, ROJAZ",34,latin,0.329,0.596,0.284,0.577,-8.283,180.005,low
Sueño (con Pablo Alborán),"Beret, Pablo Alborán",54,latin,0.613,0.667,0.54,0.372,-5.604,105.064,low
Islas Desiertas,Casero,25,latin,0.304,0.596,0.0548,0.00904,-13.116,141.904,low
Ya,"Flavio, daniel sabater",36,latin,0.599,0.544,0.656,0.565,-7.942,133.957,low
Nada Y Nadie,Sen Senra,51,latin,0.182,0.715,0.393,0.73,-13.393,128.009,low
Me mata,Beret,37,latin,0.846,0.733,0.961,0.309,-3.692,176.009,low
Todo me sabe a poco,Alizzz,28,latin,0.554,0.779,0.397,0.348,-6.141,110.037,low
Oh Keira,Miren,16,latin,0.263,0.572,0.289,0.882,-9.056,68.056,low
Todo contigo,Yoly Saa,36,latin,0.507,0.852,0.498,0.353,-7.744,109.996,low
Mi Condena,"Vic Mirallas, MARO",38,latin,0.621,0.834,0.723,0.334,-6.63,153.939,low
3weeks,mori,19,latin,0.328,0.637,0.2,0.79,-12.426,110.015,low
Daiwal,"Marc Seguí, Xavibo",33,latin,0.476,0.802,0.644,0.292,-10.064,97.945,low
This City Remix (con Camilo),"Sam Fischer, Camilo",39,latin,0.316,0.49,0.575,0.765,-8.089,147.96,low
Al Margen de Ojalá,Andrés Iwasaki,26,latin,0.417,0.61,0.25,0.348,-10.344,122.976,low
corazón mármol,Alice Wonder,21,latin,0.495,0.484,0.351,0.573,-7.898,152.967,low
No Te Debí Besar,"C. Tangana, Paloma Mami",63,latin,0.684,0.672,0.62,0.125,-5.682,75.233,low
Ritmo Desconocido,"Dan García, Sergio Mayer Mori",20,latin,0.644,0.7,0.296,0.231,-10.832,115.001,low
Culpable,DEVA,17,latin,0.777,0.592,0.109,0.00868,-8.631,196.076,low
Dimelo,Sofi de la Torre,14,latin,0.459,0.736,0.459,0.663,-10.097,123.942,low
a otro lado,Natalia Lacunza,42,latin,0.3,0.741,0.427,0.463,-10.506,119.711,low
Comerte Entera,"C. Tangana, Toquinho",36,latin,0.399,0.801,0.359,0.529,-7.296,124.049,low
La Luna,Kora,40,latin,0.408,0.856,0.542,0.874,-11.207,104.975,low
Mañana,"Xadi, Nina Cobham",35,latin,0.451,0.62,0.313,0.887,-9.896,99.795,low
La Luz - A COLORS SHOW,María José Llergo,40,latin,0.357,0.722,0.641,0.814,-10.487,149.895,low
Verdadero,Marc Seguí,28,latin,0.456,0.735,0.454,0.44,-7.484,80.03,low
Mp3,Mario Puglia,30,latin,0.704,0.615,0.484,0.405,-6.255,87.941,low
Párteme La Cara,"C. Tangana, Ed Maverick",63,latin,0.296,0.761,0.579,0.551,-10.22,127.938,low
menta,"daniel sabater, KICKBOMBO",17,latin,0.564,0.726,0.519,0.479,-9.121,144.96,low
Ebai,Marc Seguí,29,latin,0.557,0.702,0.622,0.132,-6.73,118.014,low
Don't Wanna Lie,LANE,27,latin,0.482,0.458,0.128,0.262,-8.626,104.39,low
EGO,Bad Milk,31,latin,0.399,0.833,0.788,0.821,-4.876,130.003,low
Arizona,"Lojay, Olamide",47,arabic,0.682,0.867,0.475,0.111,-4.423,111.99,low
Born Fi Dis,Balloranking,47,arabic,0.32,0.717,0.719,0.574,-13.804,101.951,low
Sakara,Zinoleesky,43,arabic,0.63,0.721,0.819,0.204,-5.716,103.529,low
Canada - Remix,"Magnito, Olamide, Wizzy Flon",43,arabic,0.869,0.85,0.848,0.486,-4.794,111.997,low
Sunny Ade,Zinoleesky,55,arabic,0.773,0.849,0.172,0.188,-6.921,116.168,low
My Brother,Bella Shmurda,47,arabic,0.415,0.552,0.653,0.8,-9.028,133.741,low
Disconnect,Young Jonn,51,arabic,0.699,0.757,0.493,0.0478,-8.152,111.885,low
Account Balance,"Mohbad, Zlatan",45,arabic,0.769,0.863,0.864,0.559,-4.452,123.026,low
Shazam,Seyi Vibez,36,arabic,0.61,0.464,0.862,0.414,-6.638,184.421,low
Id.Me,Rybeena,57,arabic,0.62,0.604,0.58,0.633,-6.799,98.253,low
Never Ever,Shallipopi,51,arabic,0.538,0.727,0.371,0.478,-5.85,66.691,low
Man of The Year,Seyi Vibez,58,arabic,0.61,0.669,0.416,0.236,-7.075,110.017,low
Lowkey!,Mayorkun,45,arabic,0.783,0.734,0.634,0.115,-8.696,112.055,low
Popo,Zerrydl,56,arabic,0.685,0.716,0.791,0.312,-5.407,114.002,low
10 Bottles,Zlatan,50,arabic,0.864,0.719,0.794,0.233,-3.935,77.328,low
NO SLEEP $$$ (feat. Young Jonn),"Blaqbonez, Young Jonn",55,arabic,0.782,0.533,0.7,0.432,-5.56,152.493,low
Sabi,Mohbad,49,arabic,0.541,0.771,0.415,0.71,-4.938,101.011,low
Go Hard,Young Jonn,46,arabic,0.794,0.814,0.649,0.24,-6.198,115.963,low
Different Pattern,Seyi Vibez,50,arabic,0.799,0.691,0.972,0.576,-6.873,107.987,low
Blessing,Mohbad,49,arabic,0.572,0.743,0.179,0.171,-6.091,102.938,low
Karma,Seyi Vibez,57,arabic,0.585,0.482,0.524,0.359,-5.157,107.85,low
Beast & Peace,Mohbad,49,arabic,0.657,0.594,0.452,0.551,-10.708,172.164,low
PARIWO,"Mohbad, Bella Shmurda",51,arabic,0.849,0.577,0.679,0.306,-4.087,101.136,low
DND,Bella Shmurda,39,arabic,0.752,0.524,0.806,0.334,-7.493,120.059,low
Hat-trick,Seyi Vibez,49,arabic,0.614,0.633,0.665,0.484,-7.413,115.424,low
Dejavu,Seyi Vibez,53,arabic,0.546,0.722,0.717,0.297,-10.318,109.998,low
Wet on Me,"Shallipopi, Zerrydl",47,arabic,0.675,0.959,0.63,0.0358,-5.677,114.995,low
NDI IKE,"Falz, Flavour, ODUMODUBLVCK",48,arabic,0.801,0.736,0.686,0.178,-8.706,104.846,low
Cana,Seyi Vibez,46,arabic,0.714,0.545,0.816,0.285,-6.77,132.839,low
Shkran Lak,BhadBoi OML,53,arabic,0.564,0.676,0.301,0.246,-7.501,95.487,low
Today,Seyi Vibez,38,arabic,0.673,0.751,0.0906,0.024,-8.762,113.977,low
La Pio Pio,Mohbad,47,arabic,0.685,0.877,0.748,0.358,-5.099,116.016,low
BAD TILL ETERNITY (feat. Zlatan),"Blaqbonez, Zlatan",39,arabic,0.584,0.631,0.764,0.279,-3.63,89.752,low
Hushpuppi,Seyi Vibez,51,arabic,0.803,0.597,0.522,0.527,-6.688,114.422,low
Realize,"Balloranking, Seyi Vibez",54,arabic,0.49,0.663,0.582,0.61,-14.074,100.385,low
Suddenly (feat. Young Jonn),"Seyi Vibez, Young Jonn",47,arabic,0.713,0.579,0.681,0.306,-5.778,117.974,low
Apala Interlude,Seyi Vibez,32,arabic,0.755,0.616,0.92,0.224,-7.791,108.563,low
Street Jam,Olamide,39,arabic,0.811,0.752,0.563,0.369,-6.185,99.699,low
Oganigwe,"Zlatan, ODUMODUBLVCK, Jeriq",45,arabic,0.735,0.496,0.642,0.702,-6.279,200.611,low
234,Seyi Vibez,45,arabic,0.691,0.714,0.684,0.347,-5.873,112.0,low
M.A.D (feat. MohBad),"Zoro Swagbag, Mohbad",42,arabic,0.809,0.872,0.823,0.532,-5.572,119.986,low
A1 (Feeling Disorder),Zinoleesky,47,arabic,0.774,0.677,0.756,0.452,-5.804,143.972,low
Mukulu,"Olamide, Rema",43,arabic,0.765,0.634,0.433,0.635,-8.112,105.249,low
Kun Faya Kun (Be and it is),Seyi Vibez,48,arabic,0.881,0.735,0.708,0.416,-4.494,117.039,low
What's Up My G,Asake,54,arabic,0.681,0.744,0.755,0.338,-8.966,114.029,low
Sharpally,Young Jonn,49,arabic,0.702,0.707,0.606,0.655,-7.029,118.779,low
For the Gods,Seyi Vibez,44,arabic,0.684,0.751,0.566,0.382,-5.573,115.015,low
I Believe,Asake,54,arabic,0.706,0.572,0.158,0.0379,-9.019,114.004,low
Try,T.I BLAZE,54,arabic,0.596,0.587,0.803,0.721,-5.658,147.893,low
Backside,Mohbad,50,arabic,0.706,0.804,0.569,0.134,-6.953,123.036,low
Sweet Tea (Aduke),Bnxn,54,arabic,0.496,0.688,0.423,0.0708,-9.28,96.914,low
NO MORE CONDITION,"Rexxie, Zinoleesky",43,arabic,0.738,0.83,0.366,0.126,-7.491,113.024,low
Ara (Gen Gen Tin),Bella Shmurda,41,arabic,0.683,0.808,0.768,0.295,-7.963,120.023,low
Ask About Me,Mohbad,52,arabic,0.692,0.738,0.834,0.119,-8.753,111.972,low
Ebelebe (feat. Wizkid),"Wande Coal, Wizkid",54,arabic,0.873,0.762,0.453,0.0245,-4.532,92.001,low
New Born Fela,Bella Shmurda,40,arabic,0.56,0.801,0.464,0.318,-6.292,104.033,low
For Daddy,Mayorkun,42,arabic,0.813,0.738,0.744,0.423,-5.876,116.015,low
PRAY,Bnxn,60,arabic,0.594,0.782,0.681,0.157,-6.337,116.027,low
Shina Peters,"Reminisce, Mohbad",27,arabic,0.622,0.583,0.646,0.416,-7.911,159.863,low
Last Time,"Zinoleesky, Omah Lay",54,arabic,0.644,0.778,0.47,0.0625,-5.542,142.724,low
Currency,"Young Jonn, Olamide",50,arabic,0.694,0.772,0.529,0.562,-9.426,97.117,low
Feeling Funny,"Lil Kesh, Young Jonn",41,arabic,0.815,0.84,0.652,0.285,-7.429,121.01,low
Traboski,Bnxn,52,arabic,0.556,0.798,0.901,0.364,-8.985,113.994,low
Popori,"T.I BLAZE, Balloranking",38,arabic,0.613,0.843,0.405,0.527,-6.01,116.029,low
Remember,Asake,67,arabic,0.675,0.755,0.783,0.512,-6.973,112.049,low
Right Energy,Bnxn,42,arabic,0.719,0.884,0.379,0.188,-3.811,101.053,low
Great Guy,Asake,52,arabic,0.654,0.78,0.281,0.269,-9.628,114.02,low
Do I,Phyno,42,arabic,0.784,0.858,0.728,0.791,-8.31,112.986,low
Call of Duty,Zinoleesky,45,arabic,0.84,0.893,0.812,0.161,-4.608,116.05,low
Billion Bucks,Balloranking,36,arabic,0.57,0.869,0.467,0.36,-7.997,115.002,low
Kilometer,Bnxn,41,arabic,0.853,0.888,0.628,0.35,-5.585,118.992,low
Rocking,Zinoleesky,35,arabic,0.741,0.916,0.892,0.00667,-6.88,114.018,low
For Days,Bnxn,51,arabic,0.615,0.807,0.736,0.245,-4.278,98.052,low
Bad Since '97,Bnxn,47,arabic,0.827,0.765,0.659,0.217,-7.905,98.468,low
Come Alive,"Olamide, Bnxn",42,arabic,0.57,0.529,0.734,0.347,-7.491,70.069,low
Mogbe,Asake,57,arabic,0.778,0.849,0.71,0.401,-7.097,114.021,low
NSV,"Bella Shmurda, Tiwa Savage",44,arabic,0.631,0.85,0.843,0.492,-7.171,111.997,low
Many Things,Zinoleesky,56,arabic,0.654,0.581,0.687,0.345,-5.87,124.387,low
Personal,Zinoleesky,49,arabic,0.542,0.736,0.766,0.452,-7.362,109.956,low
Many Roads,"Zinoleesky, Ayra Starr",43,arabic,0.656,0.701,0.615,0.178,-6.368,114.831,low
Body,Naira Marley,40,arabic,0.733,0.909,0.653,0.159,-4.351,116.073,low
Gbese,"Majeeed, Tiwa Savage",44,arabic,0.656,0.766,0.637,0.0449,-6.849,111.995,low
Yan Yan Yan,Zinoleesky,40,arabic,0.711,0.773,0.693,0.0328,-9.268,113.03,low
Odinaka,Zinoleesky,40,arabic,0.656,0.623,0.475,0.553,-6.494,118.093,low
Modupe,"Bnxn, Olamide",45,arabic,0.558,0.671,0.798,0.566,-9.063,107.055,low
Don Perignon,"Balloranking, Shallipopi",25,arabic,0.521,0.864,0.377,0.146,-10.926,113.064,low
7AM in Lekki,BhadBoi OML,50,arabic,0.582,0.713,0.479,0.262,-5.031,156.117,low
Enough,BhadBoi OML,42,arabic,0.711,0.732,0.363,0.12,-6.513,136.027,low
Party Don't Stop,Bnxn,38,arabic,0.596,0.704,0.36,0.551,-8.827,152.894,low
On The Road (feat. Meek Mill & Lil Baby),"Post Malone, Meek Mill, Lil Baby",64,arabic,0.737,0.441,0.22,0.059,-5.053,112.93,low
Trap [Feat. Lil Baby],"SAINt JHN, Lil Baby",59,arabic,0.84,0.791,0.353,0.0839,-2.887,116.991,low
Gbona,"Meeza, Zinoleesky",30,arabic,0.874,0.862,0.506,0.114,-2.758,114.973,low
Vanessa,"Albertmp3, Jusjay, Zinoleesky",21,arabic,0.837,0.547,0.925,0.342,-5.68,205.067,low
Jaiye Foreign,"Tiwa Savage, Zinoleesky",40,arabic,0.816,0.82,0.861,0.0216,-6.29,108.98,low
Like Dat,"Lil Frosh, Zinoleesky",34,arabic,0.876,0.942,0.749,0.0954,-4.965,115.972,low
Cityboiz,"Feranbanks, Zinoleesky",37,arabic,0.786,0.856,0.968,0.0712,-6.284,115.01,low
o'dun,"Naira Marley, Zinoleesky",41,arabic,0.83,0.784,0.868,0.29,-5.656,114.0,low
Romeo Must Die (RMD),"Ruger, Bnxn",51,arabic,0.658,0.827,0.551,0.299,-6.364,104.972,low
The Life I Chose,Adekunle Gold,44,arabic,0.786,0.685,0.772,0.724,-6.747,113.59,low
Only Me,Asake,54,arabic,0.711,0.814,0.805,0.496,-8.186,116.037,low
JELO,"Pheelz, Young Jonn",55,arabic,0.675,0.734,0.755,0.00552,-7.013,113.949,low
Realize (feat. taves),"Bnxn, taves",41,arabic,0.576,0.59,0.694,0.465,-6.53,81.964,low
My Life,Bnxn,42,arabic,0.677,0.459,0.311,0.208,-4.717,86.875,low
Pop Sermon,"Dope Caesar, FAVE, Ajebo Hustlers",40,arabic,0.649,0.68,0.689,0.0574,-6.751,94.83,low
Lever,"Vusic, Zinoleesky",41,arabic,0.411,0.627,0.732,0.517,-6.09,145.99,low
Big Big Things (feat. Kizz Daniel & Seyi Vibez),"Young Jonn, Kizz Daniel, Seyi Vibez",49,arabic,0.686,0.492,0.392,0.28,-6.97,109.802,low
turned your back,Gunna,64,arabic,0.649,0.519,0.541,0.486,-5.502,106.379,low
Do I - Remix,"Phyno, Burna Boy",55,arabic,0.825,0.847,0.726,0.74,-7.042,113.019,low
Back On,"Quality Control, Lil Baby",56,arabic,0.754,0.529,0.212,0.0129,-3.457,175.041,low
Detox,Lil Baby,53,arabic,0.503,0.845,0.416,0.027,-7.021,147.031,low
Death Ain't Easy,Lil Durk,42,arabic,0.547,0.765,0.531,0.0425,-9.959,90.024,low
Mukulu,Bnxn,41,arabic,0.43,0.841,0.67,0.698,-6.006,99.933,low
Efejoku,Lil Kesh,21,arabic,0.96,0.633,0.842,0.508,-2.045,96.707,low
Backdoor,Lil Durk,49,arabic,0.551,0.713,0.237,0.107,-7.593,82.637,low
Rebellious,Lil Durk,42,arabic,0.783,0.58,0.598,0.0267,-4.551,160.153,low
HIGHEST IN THE ROOM (feat. ROSALÍA & Lil Baby) - REMIX,"Travis Scott, ROSALÍA, Lil Baby",61,arabic,0.491,0.559,0.114,0.0567,-6.406,153.131,low
Basquiat,Asake,61,arabic,0.767,0.825,0.857,0.547,-7.893,115.957,low
Metro,"Hotkeed, Yo X",34,arabic,0.917,0.87,0.786,0.103,-4.819,120.065,low
New Religion,"Olamide, Asake",54,arabic,0.401,0.843,0.893,0.294,-12.868,114.068,low
Mamba (With Bella Shmurda & Seyi Vibez),"larrylanes, Bella Shmurda, Seyi Vibez",42,arabic,0.764,0.654,0.885,0.157,-6.005,116.121,low
Pidgin & English,Bnxn,63,arabic,0.5,0.569,0.118,0.183,-4.482,116.058,low
My Friend,Bella Shmurda,41,arabic,0.815,0.639,0.622,0.189,-6.221,114.451,low
Happiness (feat. Asake & Gunna),"Sarz, Asake, Gunna",66,arabic,0.744,0.806,0.765,0.187,-5.377,104.991,low
Twe Twe,Kizz Daniel,45,arabic,0.838,0.501,0.829,0.533,-8.959,95.013,low
Wahala,Naira Marley,45,arabic,0.742,0.941,0.425,0.0117,-6.68,114.012,low
Majo,"Dj 4kerty, Bella Shmurda",29,arabic,0.834,0.529,0.69,0.103,-4.578,99.981,low
IDK (feat. Zlatan),"Wizkid, Zlatan",60,arabic,0.747,0.584,0.798,0.105,-4.726,98.111,low
Ololufe (feat. Wande Coal),"Wizkid, Wande Coal",54,arabic,0.831,0.841,0.584,0.0864,-5.64,111.016,low
Diamonds,Wizkid,56,arabic,0.788,0.759,0.743,0.0485,-4.776,100.029,low
Energy,Wizkid,49,arabic,0.568,0.749,0.569,0.546,-4.627,109.951,low
Bad To Me,Wizkid,57,arabic,0.814,0.859,0.91,0.0638,-4.568,110.042,low
Many Ways (feat. Wizkid),"Bnxn, Wizkid",55,arabic,0.526,0.773,0.813,0.579,-11.858,99.989,low
Loju (feat. Wizkid),"SPINALL, Wizkid",45,arabic,0.778,0.579,0.917,0.0522,-4.949,114.843,low
7 DAYS,Ayo Maff,62,arabic,0.381,0.741,0.625,0.64,-11.531,140.015,low
STREET ANTHEM,Ayo Maff,48,arabic,0.538,0.833,0.119,0.472,-10.94,115.039,low
Egwu,"Chike, Mohbad",58,arabic,0.722,0.878,0.57,0.366,-6.917,117.967,low
Husk,Men I Trust,61,pop,0.695,0.727,0.672,0.407,-10.961,128.983,low
Sexy to Someone,Clairo,64,pop,0.545,0.716,0.82,0.338,-6.949,98.232,low
I Said What I Said,The Softies,38,pop,0.239,0.435,0.184,0.99,-10.863,84.845,low
magic 8 ball,"Cavetown, Frankie Cosmos",50,pop,0.453,0.596,0.343,0.845,-9.536,104.976,low
What’s This About (La La La La),Kate Bollinger,36,pop,0.678,0.688,0.805,0.174,-9.999,117.987,low
time waits,Glitter Party,44,pop,0.762,0.508,0.516,0.00132,-8.775,90.02,low
Skin,Dijon,58,pop,0.616,0.674,0.551,0.512,-3.471,94.934,low
magic,strongboi,45,pop,0.446,0.645,0.576,0.479,-6.057,177.711,low
Tired Boy,Sunday (1994),27,pop,0.506,0.415,0.296,0.133,-7.291,173.923,low
dirty dancer,Orion Sun,65,pop,0.525,0.702,0.515,0.376,-5.028,113.856,low
apart of me,Takayoshi,67,pop,0.762,0.669,0.876,0.0663,-12.308,139.974,low
The Dress,Dijon,64,pop,0.531,0.747,0.785,0.266,-5.99,88.009,low
Morning Sex,Ralph Castelli,63,pop,0.353,0.81,0.731,0.0473,-9.536,124.991,low
bad,wave to earth,64,pop,0.551,0.562,0.386,0.705,-8.879,135.808,low
Room For You,"grentperez, Lyn Lapid",62,pop,0.394,0.759,0.501,0.843,-7.399,129.931,low
Care For You,The Marías,60,pop,0.413,0.879,0.869,0.816,-9.161,109.988,low
Radio,Freak Slug,60,pop,0.528,0.693,0.597,0.699,-8.468,107.949,low
Golden Light,STRFKR,60,pop,0.669,0.573,0.159,0.521,-11.436,96.982,low
Heaven,Clairo,59,pop,0.262,0.733,0.444,0.224,-13.766,135.497,low
Call Me Up,daydreamers,56,pop,0.71,0.721,0.684,0.343,-7.946,99.995,low
Cool with You,Her's,56,pop,0.62,0.534,0.547,0.0124,-6.775,106.986,low
Frankenstein,Claire Rosinkranz,56,pop,0.745,0.826,0.883,0.13,-6.091,119.92,low
Bedroom,Litany,55,pop,0.454,0.7,0.62,0.0372,-8.15,184.956,low
Flook,Hector Gachan,55,pop,0.508,0.701,0.21,0.732,-11.643,109.363,low
Zombie,The Cranberries,24,rock,0.738,0.252,0.256,0.0145,-5.326,165.187,low
Back for More,Hurricane on Saturn,47,rock,0.742,0.679,0.552,0.036,-7.863,125.052,low
Smells Like Teen Spirit - Remastered 2021,Nirvana,53,rock,0.918,0.489,0.691,3.53e-05,-4.502,116.731,low
Bitter Sweet Symphony,The Verve,24,rock,0.911,0.362,0.498,0.0336,-5.966,171.112,low
Here Without You,3 Doors Down,50,rock,0.545,0.556,0.193,0.0635,-6.768,143.991,low
Monsters,"Hurricane on Saturn, Deuce",46,rock,0.894,0.571,0.452,0.0441,-4.561,75.005,low
The Reason,Hoobastank,27,rock,0.659,0.474,0.075,0.0125,-4.667,82.957,low
Losing My Religion,R.E.M.,19,rock,0.852,0.664,0.807,0.174,-4.996,125.632,low
Rescue Light,Hurricane on Saturn,44,rock,0.943,0.428,0.605,0.00162,-4.129,152.041,low
Heathens,Twenty One Pilots,33,rock,0.396,0.732,0.548,0.0841,-9.348,90.025,low
YOUtopia,Bring Me The Horizon,65,rock,0.931,0.283,0.35,0.00317,-2.986,176.082,low
Perfect Soul,Spiritbox,54,rock,0.966,0.359,0.289,1.56e-05,-3.9,103.744,low
Hell You Call A Dream,The Warning,57,rock,0.873,0.459,0.563,0.00272,-4.121,94.878,low
Dystopia,ONE OK ROCK,59,rock,0.861,0.461,0.7,0.00322,-3.381,178.119,low
Will You Love Me When I’m Dead,Amira Elfeky,58,rock,0.784,0.335,0.333,0.014,-4.161,110.029,low
TAKE ME IN,blink-182,59,rock,0.775,0.39,0.214,0.0073,-3.358,160.08,low
the garden,unpeople,45,rock,0.881,0.474,0.402,0.000165,-3.578,166.07,low
Pitch Black,The Amazons,49,rock,0.921,0.391,0.271,0.0286,-4.159,157.946,low
Jerkin',Amyl and The Sniffers,55,rock,0.958,0.528,0.587,0.00299,-2.4,144.453,low
HURT,Dead Poet Society,53,rock,0.922,0.537,0.775,0.00141,-3.8,160.046,low
Metaverse,Cage The Elephant,50,rock,0.904,0.477,0.688,1.52e-05,-4.074,143.929,low
Sad In Carolina,Dexter and The Moonrocks,17,rock,0.835,0.454,0.299,0.000732,-4.642,153.087,low
Your House,Inhaler,61,rock,0.749,0.479,0.575,0.00453,-5.858,122.057,low
Takes One To Know One,The Beaches,55,rock,0.837,0.455,0.537,0.00291,-2.589,75.038,low
"Always, Everytime",The Wrecks,54,rock,0.898,0.599,0.763,0.000772,-3.265,147.989,low
You Got Me Searching,Jack White,51,rock,0.891,0.504,0.495,0.0473,-5.072,131.698,low
Showbiz,Palaye Royale,48,rock,0.834,0.563,0.38,0.0304,-5.549,116.03,low
Detroit,Badflower,50,rock,0.892,0.566,0.367,0.000538,-4.979,133.028,low
Fuse,House of Protection,47,rock,0.987,0.513,0.357,0.0034,-4.08,109.989,low
The Rumbling (Attack on Titan),"Ryuven, Ner Leva",44,metal,0.832,0.5,0.593,0.0191,-4.229,145.091,low
Holiday,Green Day,61,punk,0.89,0.552,0.716,0.000143,-3.409,146.525,low
That's What You Get,Paramore,66,punk,0.831,0.528,0.632,9.43e-05,-3.607,131.094,low
The Great Escape,BOYS LIKE GIRLS,60,punk,0.94,0.423,0.505,0.00166,-4.012,149.934,low
When You're Gone,Avril Lavigne,67,punk,0.719,0.457,0.168,0.191,-3.921,142.034,low
I'd Do Anything,Simple Plan,61,punk,0.917,0.395,0.563,0.00143,-6.86,169.088,low
Addicted,Simple Plan,59,punk,0.751,0.522,0.605,0.000491,-5.46,139.51,low
It Ends Tonight,The All-American Rejects,57,punk,0.636,0.454,0.313,0.00228,-4.731,87.89,low
My Immortal - Band Version,Evanescence,57,punk,0.34,0.367,0.0704,0.755,-7.877,149.788,low
Move Along,The All-American Rejects,67,punk,0.916,0.518,0.646,0.000148,-3.858,109.864,low
Young Forever,"JAY-Z, Mr Hudson",63,blues,0.69,0.637,0.103,0.417,-3.214,140.329,low
(Everything I Do) I Do It For You,Bryan Adams,62,blues,0.365,0.526,0.254,0.0775,-12.605,131.251,low
Bad (feat. Rihanna) - Remix,"Wale, Rihanna",64,blues,0.702,0.807,0.447,0.307,-6.594,114.038,low
All By Myself,Céline Dion,67,blues,0.325,0.344,0.0775,0.35,-10.005,118.515,low
I'll Make Love To You,Boyz II Men,59,blues,0.501,0.567,0.201,0.0994,-8.038,142.595,low
I Wanna Know,Joe,66,blues,0.487,0.725,0.599,0.26,-5.959,136.086,low
"Beauty and the Beast - from the Soundtrack ""Beauty and the Beast""","Céline Dion, Peabo Bryson",64,blues,0.4,0.463,0.121,0.643,-9.999,77.314,low
Soledad,"Westlife, Bernard Löhr",56,blues,0.674,0.618,0.302,0.142,-6.412,119.888,low
Swear It Again - Radio Edit,Westlife,65,blues,0.532,0.626,0.33,0.296,-7.205,130.071,low
Heal the World,Michael Jackson,67,blues,0.485,0.545,0.101,0.537,-8.045,80.948,low
Flying Without Wings,Westlife,61,blues,0.488,0.457,0.283,0.326,-7.964,72.517,low
Speechless,Michael Jackson,47,blues,0.37,0.459,0.118,0.565,-8.041,133.907,low
I Love You,Céline Dion,65,blues,0.496,0.438,0.257,0.436,-7.905,176.984,low
Endless Love (with Mariah Carey),"Luther Vandross, Mariah Carey",61,blues,0.477,0.413,0.241,0.747,-7.748,95.958,low
Life for Rent,Dido,59,blues,0.535,0.492,0.117,0.187,-7.263,83.033,low
Adiemus,"Karl Jenkins, Mike Ratledge, Adiemus, Jody K. Jenkins, London Philharmonic Orchestra, Mary Carewe",61,blues,0.408,0.295,0.164,0.804,-16.632,150.454,low
Dead And Gone,"T.I., Justin Timberlake",67,blues,0.746,0.713,0.47,0.0402,-4.99,135.021,low
Have You Ever Been In Love,Céline Dion,49,blues,0.432,0.464,0.11,0.611,-7.024,137.482,low
"Rain, Tax (It's Inevitable)",Céline Dion,37,blues,0.753,0.698,0.509,0.165,-4.819,88.992,low
A New Day Has Come,Céline Dion,55,blues,0.333,0.436,0.0609,0.722,-9.869,119.483,low
I Was Here,Beyoncé,53,blues,0.627,0.525,0.235,0.431,-6.59,111.026,low
Do It To Me,Lionel Richie,30,blues,0.579,0.686,0.578,0.131,-8.412,91.506,low
Ice Box,Omarion,51,blues,0.728,0.771,0.809,0.184,-5.39,131.109,low
Bartender (feat. Akon),"T-Pain, Akon",19,blues,0.394,0.675,0.405,0.0611,-8.539,104.987,low
5 O'Clock (feat. Lily Allen & Wiz Khalifa),"T-Pain, Lily Allen, Wiz Khalifa",56,blues,0.742,0.523,0.353,0.0697,-5.495,83.066,low
Let Me Hold You (feat. Omarion),"Bow Wow, Omarion",60,blues,0.662,0.815,0.611,0.0915,-8.244,151.518,low
"Me, Myself and I",Beyoncé,59,blues,0.458,0.75,0.536,0.226,-9.092,83.61,low
Hard Time Killing Floor Blues,Skip James,35,blues,0.0702,0.528,0.265,0.826,-22.222,78.239,low
Down The Dirt Road Blues,Charley Patton,24,blues,0.281,0.473,0.523,0.97,-11.337,119.161,low
They're Red Hot - SA.2627-1,Robert Johnson,24,blues,0.244,0.73,0.734,0.913,-14.235,114.782,low
Nobody Knows You When You're Down and Out,Big Joe Williams,19,blues,0.379,0.662,0.365,0.879,-17.301,118.013,low
Washington D.C. Hospital Center Blues,Skip James,21,blues,0.124,0.568,0.338,0.792,-17.209,71.942,low
Black Betty,Lead Belly,34,blues,0.122,0.715,0.577,0.534,-14.933,103.979,low
Devil Got My Woman - 1994 Remastered,Skip James,18,blues,0.234,0.472,0.324,0.981,-13.459,85.809,low
Crow Jane,Skip James,25,blues,0.331,0.444,0.876,0.931,-15.307,81.155,low
Cypress Grove Blues,"Skip James, Jack Owens",21,blues,0.121,0.599,0.568,0.992,-18.501,102.598,low
Statesboro Blues,Blind Willie McTell,31,blues,0.267,0.573,0.437,0.973,-9.051,90.522,low
Death Letter Blues,Son House,36,blues,0.288,0.803,0.865,0.865,-15.418,115.685,low
Preachin' Blues,Son House,18,blues,0.349,0.595,0.231,0.797,-7.902,172.417,low
Good Morning Little Schoolgirl,Mississippi Fred McDowell,28,blues,0.433,0.502,0.566,0.668,-14.619,103.467,low
Empire State Express,Son House,22,blues,0.416,0.664,0.649,0.815,-8.34,99.727,low
Hard To Handle,The Black Crowes,67,rock,0.79,0.599,0.961,0.00257,-3.58,103.783,low
I Got Your Country Right Here,Gretchen Wilson,36,rock,0.623,0.644,0.773,0.0486,-5.946,94.959,low
Black Betty,Ram Jam,62,rock,0.865,0.465,0.677,0.018,-9.573,117.528,low
Kerosene,Miranda Lambert,57,rock,0.92,0.628,0.808,0.00687,-3.252,126.998,low
Walk On Water,Gretchen Wilson,30,rock,0.756,0.472,0.76,0.022,-6.068,179.659,low
Hold On Loosely,38 Special,52,rock,0.706,0.55,0.822,0.00692,-5.552,127.24,low
Ain't Much Left of Me,Blackberry Smoke,45,rock,0.797,0.231,0.336,0.129,-4.699,153.514,low
Pretty Little Lie,Blackberry Smoke,42,rock,0.798,0.553,0.397,0.00714,-4.102,119.984,low
Don't Misunderstand Me,Rossington Collins Band,41,rock,0.552,0.604,0.757,0.22,-9.458,124.917,low
Georgia,Vance Joy,67,folk,0.659,0.388,0.401,0.312,-7.372,143.554,low
Second Chances,Gregory Alan Isakov,62,folk,0.325,0.381,0.208,0.947,-9.972,154.198,low
Even the Darkness Has Arms,The Barr Brothers,56,folk,0.652,0.509,0.742,0.809,-13.103,101.243,low
Vagabond,Caamp,67,folk,0.399,0.571,0.612,0.766,-11.92,141.932,low
All We Ever Knew,The Head And The Heart,60,folk,0.724,0.487,0.546,0.00224,-5.905,102.03,low
And It's Still Alright,Nathaniel Rateliff,59,folk,0.492,0.521,0.301,0.689,-9.127,77.585,low
Paul Revere (with Gregory Alan Isakov),"Noah Kahan, Gregory Alan Isakov",60,folk,0.363,0.672,0.385,0.617,-10.368,107.953,low
The Railroad,"Goodnight, Texas",55,folk,0.423,0.681,0.439,0.627,-12.002,91.044,low
Providence,Poor Man's Poison,64,folk,0.519,0.5,0.875,0.179,-9.661,105.101,low
Old Ties and Companions,Watchhouse,64,folk,0.368,0.657,0.522,0.884,-9.978,116.221,low
Didn't Leave Nobody But The Baby,"Emmylou Harris, Alison Krauss, Gillian Welch",50,folk,0.105,0.653,0.231,0.951,-16.511,52.946,low
Fraulein (feat. Tyler Childers),"Colter Wall, Tyler Childers",65,folk,0.124,0.473,0.476,0.942,-13.245,139.584,low
從未見過的海 (Netflix 影集《影后》序曲),告五人,54,mandopop,0.723,0.301,0.359,0.399,-6.808,77.143,low
這麼多年 - 電影《我想和你在一起》插曲,陳華,59,mandopop,0.423,0.529,0.223,0.838,-7.368,129.511,low
介质,"Nicky Lee, 郑润泽",49,mandopop,0.471,0.539,0.271,0.77,-9.082,135.996,low
想念你想我,Eric Chou,57,mandopop,0.482,0.463,0.416,0.655,-5.676,139.842,low
運轉人生 - 影集《華麗計程車行》插曲,邱軍,63,mandopop,0.579,0.532,0.362,0.466,-5.021,131.92,low
有天會再相見,DIOR 大穎,58,mandopop,0.253,0.531,0.255,0.847,-9.189,130.006,low
星期五晚上,Energy,50,mandopop,0.858,0.704,0.608,0.0162,-4.348,127.981,low
不愛就不愛,艾薇,48,mandopop,0.573,0.496,0.122,0.232,-7.125,169.933,low
Hey Girl - Netflix影集《影后》片尾曲,小男孩樂團,48,mandopop,0.758,0.636,0.586,0.16,-4.034,90.949,low
Hold On,"高爾宣 OSN, Patrick Brasca",63,mandopop,0.671,0.592,0.207,0.0152,-5.054,76.037,low
月亮,芒果醬 Mango Jump,53,mandopop,0.35,0.436,0.317,0.725,-7.237,180.059,low
最后一页 - Live,"王赫野, 姚晓棠",59,mandopop,0.367,0.448,0.356,0.691,-9.595,137.9,low
我對你的愛沒有盡頭,蕭秉治,46,mandopop,0.68,0.41,0.252,0.496,-3.901,144.201,low
泡沫,"李浩瑋 Howard Lee, Patrick Brasca",46,mandopop,0.68,0.601,0.775,0.181,-5.456,100.008,low
初戀,Samantha Lam,19,cantopop,0.577,0.651,0.587,0.671,-10.557,130.368,low
愛情陷阱,Alan Tam,29,cantopop,0.773,0.676,0.764,0.267,-8.344,149.715,low
朋友 - 電影「龍兄虎弟」歌曲,Alan Tam,28,cantopop,0.375,0.662,0.28,0.779,-10.601,109.462,low
一生中最愛 - 電影《雙城故事》歌曲,Alan Tam,32,cantopop,0.2,0.65,0.18,0.845,-14.531,125.939,low
雨夜的浪漫,Alan Tam,11,cantopop,0.404,0.488,0.176,0.693,-7.598,139.757,low
夜機,Priscilla Chan,15,cantopop,0.384,0.308,0.226,0.744,-12.652,144.798,low
難得有情人,Shirley Kwan,14,cantopop,0.599,0.719,0.367,0.249,-6.037,97.549,low
多情,Vivian Lai,27,cantopop,0.45,0.616,0.368,0.772,-11.201,128.022,low
一人有一個夢想,Vivian Lai,39,cantopop,0.43,0.619,0.379,0.716,-9.716,160.0,low
傾斜,"Sandy Lam, Wong Kei Wah",28,cantopop,0.893,0.764,0.977,0.0381,-5.858,114.058,low
放縱,Sandy Lam,20,cantopop,0.489,0.489,0.243,0.542,-6.625,77.956,low
灰色,Sandy Lam,31,cantopop,0.744,0.843,0.962,0.293,-7.675,125.986,low
SMILE AGAIN 瑪莉亞,Jacky Cheung,18,cantopop,0.363,0.482,0.202,0.806,-10.612,78.565,low
Amour,Jacky Cheung,32,cantopop,0.4,0.513,0.193,0.383,-12.346,144.692,low
月半彎,Jacky Cheung,39,cantopop,0.335,0.565,0.322,0.6,-14.849,88.267,low
情已逝,Jacky Cheung,38,cantopop,0.358,0.419,0.392,0.713,-13.989,181.78,low
輕撫妳的臉,Jacky Cheung,25,cantopop,0.238,0.5,0.158,0.769,-13.304,142.425,low
絲絲記憶 - 電影「錯點鴛鴦」主題曲,Jacky Cheung,18,cantopop,0.374,0.565,0.199,0.712,-12.424,130.241,low
可不可以,Andy Lau,22,cantopop,0.376,0.537,0.332,0.687,-14.871,70.101,low
情人知己,Sally Yeh,24,cantopop,0.462,0.443,0.239,0.662,-5.205,120.999,low
女人的弱點,Sally Yeh,23,cantopop,0.745,0.617,0.498,0.396,-5.378,134.172,low
阿信的故事,Sally Yeh,15,cantopop,0.422,0.584,0.19,0.742,-5.869,74.683,low
零時十分,Sally Yeh,21,cantopop,0.342,0.234,0.268,0.826,-8.566,181.047,low
海闊天空,Beyond,18,cantopop,0.311,0.311,0.369,0.69,-11.516,76.951,low
我是憤怒,Beyond,34,cantopop,0.892,0.499,0.457,0.0048,-5.172,152.98,low
情人,Beyond,17,cantopop,0.445,0.543,0.152,0.375,-8.137,143.998,low
早班火車,Beyond,27,cantopop,0.539,0.217,0.312,0.0903,-12.261,89.129,low
Aa Vasant Rajni,Meghdeep Bose,20,indian,0.559,0.674,0.683,0.849,-6.354,120.055,low
Akeli Dar Lage,"Abhijit Pohankar, Ramakant Gaikwad, Samarth Desai, Amit Mishra",20,indian,0.552,0.422,0.236,0.661,-8.347,139.892,low
Mangal Din,"Abby V, Ricky Kej, Sivaangi Krishnakumar",20,indian,0.612,0.375,0.445,0.179,-9.085,170.021,low
Najariya LoFi Cake Mix,"Madhubanti Bagchi, Shashwat Sachdev",20,indian,0.372,0.326,0.242,0.296,-12.065,198.004,low
Jaa Kaga,"Abby V, Ricky Kej, Benny Dayal",23,indian,0.609,0.674,0.113,0.267,-9.329,110.016,low
Garaj Garaj Jugalbandi,"Shankar-Ehsaan-Loy, Farid Hasan, Mohammed Aman",36,indian,0.779,0.269,0.384,0.0463,-5.135,150.04,low
Garjat Aayi Re - Miyan Malhaar - Teentaal,"Jazim Sharma, Kumar Sharma, Kathak Rockers",19,indian,0.86,0.385,0.737,0.714,-7.159,103.146,low
Black Effect,"Jordan Sandhu, Mehar Vaani, Desi Crew",29,indian,0.739,0.679,0.755,0.14,-5.319,146.046,low
Majha Block,Prem Dhillon,49,indian,0.659,0.783,0.803,0.265,-7.871,154.956,low
Peg Te Bhangra,"Sharry Mann, Mista Baaz",32,indian,0.92,0.792,0.968,0.403,-4.023,167.895,low
8 Raflaan (feat. Gurlez Akhtar),"Mankirt Aulakh, Gurlez Akhtar",53,indian,0.845,0.771,0.62,0.69,-2.194,92.0,low
Killa,"Dilpreet Dhillon, Sultaan, Desi Crew",51,indian,0.838,0.682,0.835,0.0555,-5.84,173.712,low
Munda Inj Da Nahi,"Surjit Bhullar, Mista Baaz",20,indian,0.737,0.736,0.504,0.153,-5.819,81.022,low
Jatt Zindabad,"K.S Makhan, Manpreet Hans, Laddi Gill",28,indian,0.668,0.69,0.781,0.133,-5.674,167.913,low
Sunke,Khan Bhaini,58,indian,0.674,0.649,0.486,0.0573,-5.854,89.791,low
Sada Daur,"Dhira Gill, Aman Hayer, Saab Pangota",20,indian,0.803,0.692,0.894,0.025,-8.282,82.552,low
Gutt,"Sippy Gill, Mxrci",41,indian,0.826,0.542,0.355,0.056,-5.946,175.959,low
Sarpanchi,"Kulwinder Kaily, Gurlez Akhtar",20,indian,0.953,0.762,0.787,0.109,-2.482,109.965,low
Gadaar,"Korala Maan, Youngstarr Pop Boy",47,indian,0.85,0.754,0.789,0.0542,-4.179,80.042,low
Dabde Ni,Ammy Virk,44,indian,0.829,0.783,0.835,0.31,-4.759,89.972,low
controlla,Idealism,13,lofi,0.446,0.788,0.545,0.54,-9.812,80.033,low
The Girl With the Cappuccino,LoFi Waiter,56,lofi,0.446,0.79,0.222,0.656,-9.273,80.002,low
The Girl Who Fell From The Sky (Laputa),Sleepy Tom,50,lofi,0.479,0.542,0.217,0.972,-15.033,132.96,low
One summer's day,"Otaku, LoFi Waiter",55,lofi,0.415,0.701,0.326,0.442,-17.812,74.989,low
Eternal Youth,RŮDE,61,lofi,0.487,0.655,0.0454,0.0347,-7.988,139.914,low
The Girl Who Fell from the Sky,"Otaku, LoFi Waiter",53,lofi,0.307,0.635,0.408,0.676,-16.255,150.456,low
Unravel (Tokyo Ghoul),"Otaku, LoFi Waiter",49,lofi,0.34,0.714,0.176,0.356,-15.571,139.993,low
Blue Bird (Naruto),Otaku,48,lofi,0.229,0.58,0.127,0.287,-16.333,70.013,low
One Summer's Day (Spirited Away),Sleepy Tom,48,lofi,0.562,0.788,0.202,0.466,-14.215,85.022,low
Rain Check,Dylan Sitts,37,lofi,0.409,0.789,0.383,0.385,-9.087,86.008,low
get better,"Eden Elf, Ren Avel",44,lofi,0.201,0.639,0.4,0.907,-16.613,88.107,low
everything you say,"mommy, Philanthrope",42,lofi,0.276,0.679,0.302,0.487,-19.497,141.957,low
Marco and Gina,Otaku,55,lofi,0.262,0.733,0.393,0.548,-16.316,75.082,low
Again (Full Metal),Otaku,44,lofi,0.222,0.74,0.148,0.468,-18.576,139.991,low
The Girl I Haven't Met (Biskwiq Flip),"Kudasaibeats, Biskwiq",42,lofi,0.547,0.733,0.295,0.301,-5.464,71.976,low
Laugh,Sarcastic Sounds,36,lofi,0.445,0.491,0.184,0.925,-11.999,78.738,low
Ocarina of Time (The Legend of Zelda),Ren Avel,29,lofi,0.531,0.432,0.164,0.866,-12.648,139.947,low
Always With Me (Spirited Away),Sleepy Tom,46,lofi,0.495,0.854,0.807,0.52,-11.031,124.03,low
Blue Bird (Naruto Shippuden),Ren Avel,30,lofi,0.441,0.656,0.315,0.974,-13.217,100.023,low
Scared of the World,Sarcastic Sounds,34,lofi,0.504,0.633,0.263,0.517,-7.3,81.42,low
Fairy Fountain (The Legend of Zelda),Ren Avel,39,lofi,0.433,0.87,0.442,0.965,-12.679,115.979,low
Comedy (Spy x Family),Ren Avel,28,lofi,0.583,0.757,0.633,0.963,-11.469,143.968,low
I Miss You,Sarcastic Sounds,33,lofi,0.338,0.748,0.377,0.0418,-13.947,152.033,low
Lost in Paradise (Jujutsu Kaisen),Ren Avel,30,lofi,0.418,0.715,0.601,0.953,-11.517,160.004,low
Aryetti's Song,Otaku,53,lofi,0.296,0.49,0.339,0.726,-20.157,75.012,low
Stay and Wander,"Tom Doolie, Cap Kendricks",40,lofi,0.425,0.652,0.588,0.875,-12.598,87.007,low
sorry,chief.,40,lofi,0.302,0.548,0.546,0.752,-12.869,127.159,low
Fireworks,"Nymano, Pandrezz",44,lofi,0.31,0.558,0.395,0.526,-10.53,188.179,low
Rosalina's Comet Observatory (Super Mario Galaxy),Ren Avel,29,lofi,0.313,0.571,0.323,0.96,-15.565,140.98,low
Peach,"Glimlip, Louk, Elior",45,lofi,0.35,0.811,0.635,0.406,-11.318,118.009,low
CHASE,twuan,27,lofi,0.241,0.808,0.417,0.102,-9.699,80.782,low
Ambivalence,"Hanz, emawk",40,lofi,0.382,0.498,0.141,0.643,-11.555,108.745,low
Tiny Sailboat,Kupla,33,lofi,0.322,0.624,0.381,0.397,-10.949,173.988,low
Again (Fullmetal Alchemist),Ren Avel,29,lofi,0.399,0.693,0.231,0.983,-13.659,94.96,low
Space Cadet,"Philanthrope, Sleepy Fish",40,lofi,0.26,0.698,0.366,0.697,-19.222,127.986,low
Driver's High (GTO),Ren Avel,33,lofi,0.464,0.782,0.375,0.847,-9.616,114.046,low
Blue Book,Tom Doolie,29,lofi,0.283,0.621,0.47,0.842,-11.675,79.023,low
Interstellar,"drkmnd, Arbour",45,lofi,0.157,0.503,0.13,0.527,-15.226,76.85,low
2AM Study,LoFi Waiter,47,lofi,0.0551,0.656,0.194,0.281,-26.03,130.006,low
I Miss You,LoFi Waiter,46,lofi,0.147,0.466,0.364,0.529,-21.666,128.563,low
At the Library,LoFi Waiter,45,lofi,0.203,0.573,0.0391,0.34,-20.826,130.54,low
Cha La Head Cha La (Dragon Ball Z),Ren Avel,33,lofi,0.66,0.692,0.311,0.796,-7.336,124.978,low
Unrushed,LoFi Waiter,45,lofi,0.0669,0.755,0.236,0.174,-25.988,130.062,low
Childhood Fragments,LoFi Waiter,44,lofi,0.246,0.893,0.849,0.014,-20.438,129.998,low
ODDTAXI (ODDTAXI),Ren Avel,33,lofi,0.373,0.769,0.242,0.953,-11.036,150.104,low
should have never met you,"Ngyn, nitsua.",47,lofi,0.192,0.789,0.437,0.857,-19.718,90.014,low
Lofi Rain,"Chilled Cougar, LoFi Waiter",55,lofi,0.208,0.532,0.366,0.933,-17.916,80.021,low
Departure! (Hunter x Hunter),Ren Avel,29,lofi,0.412,0.648,0.333,0.942,-14.207,108.038,low
Flames to Dust,Shierro,44,lofi,0.42,0.528,0.0484,0.477,-12.708,70.024,low
Sunset,Altair Blake,44,lofi,0.473,0.695,0.773,0.0491,-7.418,160.02,low
above the clouds,"Ngyn, nitsua.",44,lofi,0.248,0.718,0.192,0.567,-16.31,79.952,low
Lifelight (Super Smash Bros. Ultimate),Ren Avel,33,lofi,0.496,0.653,0.198,0.925,-13.809,100.054,low
New Fields,"Tom Doolie, Saib",23,lofi,0.486,0.5,0.36,0.559,-8.801,175.786,low
Club Insomnia,Shierro,38,lofi,0.285,0.64,0.0923,0.853,-11.467,74.969,low
Fly Away,Altair Blake,41,lofi,0.417,0.717,0.59,0.699,-12.677,93.048,low
Disconnect,Shierro,26,lofi,0.449,0.626,0.217,0.124,-9.519,150.029,low
Giorno's Theme (JoJo's Bizarre Adventure),Ren Avel,31,lofi,0.491,0.67,0.506,0.908,-11.226,156.078,low
Midnight Macchiato,LoFi Waiter,51,lofi,0.37,0.592,0.143,0.257,-10.87,80.055,low
Quiet Storm,Shierro,54,lofi,0.526,0.613,0.108,0.669,-9.243,154.082,low
Watching The Rain,LoFi Waiter,53,lofi,0.704,0.694,0.212,0.0388,-10.396,74.983,low
We Gotta Power (Dragon Ball Z),Ren Avel,31,lofi,0.632,0.64,0.275,0.941,-8.752,136.103,low
Cold Morning,LoFi Waiter,47,lofi,0.53,0.619,0.118,0.453,-8.98,80.001,low
Walking On The Clouds,Sleepy Tom,49,lofi,0.373,0.762,0.246,0.966,-12.165,89.981,low
Walking in Ueno,LoFi Waiter,52,lofi,0.499,0.648,0.119,0.55,-9.724,147.661,low
letting go,mood.,52,lofi,0.289,0.521,0.0715,0.65,-12.812,74.987,low
Sunset Coffee,LoFi Waiter,46,lofi,0.42,0.487,0.064,0.624,-9.923,170.048,low
Waves,Chilled Cougar,36,lofi,0.37,0.777,0.123,0.803,-15.109,80.014,low
Shukudai,LoFi Waiter,50,lofi,0.304,0.638,0.171,0.0664,-11.335,78.026,low
Asterisk (Bleach),Ren Avel,31,lofi,0.508,0.534,0.321,0.897,-12.056,169.92,low
Dan Dan Kokoro Hikareteku (Dragon Ball GT),Ren Avel,36,lofi,0.67,0.623,0.398,0.436,-6.067,169.959,low
No Sleep,Altair Blake,40,lofi,0.309,0.768,0.176,0.236,-14.508,87.028,low
Night Drive,LoFi Waiter,45,lofi,0.536,0.669,0.824,0.565,-10.684,79.993,low
the WORLD (Death Note),Ren Avel,36,lofi,0.493,0.599,0.37,0.89,-10.691,75.236,low
Renai Circulation (Bakemonogatari),Otaku,46,lofi,0.259,0.612,0.214,0.196,-11.096,149.957,low
Morning Dew,LoFi Waiter,48,lofi,0.415,0.664,0.181,0.425,-17.534,140.025,low
Bon Voyage (One Piece),Ren Avel,29,lofi,0.295,0.708,0.2,0.979,-16.188,98.98,low
Hacking to the Gate (Stein;Gate),"Otaku, LoFi Waiter",41,lofi,0.298,0.598,0.124,0.293,-16.795,150.077,low
The Day (My Hero Academia),Otaku,41,lofi,0.188,0.634,0.387,0.595,-18.921,75.004,low
Sing My Pleasure (Vivy Fluorite Eye's Song),Ren Avel,30,lofi,0.552,0.65,0.388,0.905,-10.937,139.972,low
Tank! (Cowboy Bebop),"Otaku, LoFi Waiter",43,lofi,0.585,0.749,0.551,0.302,-14.505,170.0,low
Colors (Code Geass),Ren Avel,32,lofi,0.461,0.564,0.454,0.944,-8.1,179.961,low
black roses,mood.,47,lofi,0.498,0.878,0.0577,0.0528,-8.624,140.009,low
Guren no Yumiya (Attack on Titan),Ren Avel,31,lofi,0.521,0.765,0.533,0.941,-12.165,130.023,low
Let It Flow,Altair Blake,39,lofi,0.413,0.643,0.424,0.117,-10.048,75.007,low
Jazzy Afternoon,LoFi Waiter,47,lofi,0.52,0.674,0.225,0.772,-9.925,82.47,low
National Park (Pokémon Gold & Silver),Ren Avel,32,lofi,0.469,0.703,0.321,0.686,-11.165,78.98,low
Kimi ni Todoke (Kimi ni Todoke),Ren Avel,32,lofi,0.465,0.708,0.264,0.934,-12.306,100.11,low
Japanese Winter,LoFi Waiter,47,lofi,0.571,0.845,0.657,0.397,-10.541,134.996,low
Hyper Printing,Satoshi Nakamoto,40,lofi,0.401,0.691,0.418,0.267,-5.814,157.973,low
This Game (No Game No Life),Otaku,42,lofi,0.555,0.666,0.568,0.273,-12.93,159.954,low
Have a Nice Day,LoFi Waiter,46,lofi,0.0786,0.7,0.568,0.643,-13.826,80.041,low
Lake (Pokémon Diamond & Pearl),Ren Avel,31,lofi,0.547,0.606,0.357,0.782,-11.462,159.947,low
Lost Woods (The Legend of Zelda),Ren Avel,33,lofi,0.502,0.673,0.707,0.683,-10.53,142.534,low
Green Bubble,Sleepy Tom,43,lofi,0.382,0.609,0.12,0.91,-13.286,180.123,low
Gold Tear,Sleepy Tom,40,lofi,0.455,0.413,0.103,0.548,-9.679,140.109,low
rainbow bridge,a girl and a cat,51,lofi,0.319,0.675,0.177,0.629,-13.757,149.998,low
Floetry,Altair Blake,44,lofi,0.224,0.793,0.483,0.109,-11.818,86.04,low
Violet City (Pokémon Gold & Silver),Ren Avel,35,lofi,0.469,0.742,0.737,0.45,-8.789,145.947,low
Floating Away,Altair Blake,44,lofi,0.141,0.542,0.102,0.647,-21.456,130.018,low
Fall Vibes,LoFi Waiter,42,lofi,0.486,0.709,0.354,0.0459,-11.599,155.969,low
Sueca,lorleaf,61,jazz,0.332,0.744,0.525,0.478,-15.331,80.014,low
Streets Of Rio,"Erwin Do, Lenny B",53,jazz,0.461,0.835,0.667,0.583,-10.556,150.026,low
Drizzle,Philanthrope,51,jazz,0.592,0.837,0.364,0.107,-5.758,145.965,low
Yuna,"Kanisan, lost echoes",51,jazz,0.166,0.669,0.0396,0.617,-16.203,140.094,low
Butterfly Weed,The Lofi Big Band,50,jazz,0.457,0.62,0.361,0.59,-9.366,135.87,low
Call a Friend,"C4C, Plusma",50,jazz,0.215,0.551,0.452,0.761,-11.565,75.198,low
Tokyo Lights,"Shuko, FLKS",50,jazz,0.698,0.637,0.636,0.0493,-8.741,79.982,low
Duende,"flâneur, Dani Catalá, dennisivnvc",50,jazz,0.34,0.521,0.481,0.67,-11.597,83.625,low
Calm Winds,Dpsht,49,jazz,0.208,0.865,0.306,0.962,-12.245,142.182,low
Fire Barrel,"No Spirit, Sátyr, Sitting Duck",49,jazz,0.446,0.643,0.4,0.852,-8.373,80.064,low
lemon soda,"Jost Esser, Sleeping Dove, very noise person",49,jazz,0.331,0.689,0.462,0.777,-12.661,74.956,low
Nicosia,Showyou,49,jazz,0.321,0.838,0.816,0.91,-16.147,142.054,low
Perfections,Koralle,49,jazz,0.295,0.616,0.722,0.0461,-10.529,179.911,low
Eyes Closed,"Leo Motta, Toti Cisneros",49,jazz,0.441,0.678,0.136,0.401,-11.645,147.944,low
Gymnopédies,L.Dre,49,jazz,0.12,0.663,0.19,0.925,-13.662,80.041,low
Sabai,"flâneur, marsquake",48,jazz,0.448,0.802,0.38,0.78,-11.423,87.971,low
NYC,"Jost Esser, SOFLUX",48,jazz,0.197,0.614,0.265,0.579,-10.24,80.079,low
Echoes,"Mindeliq, ØNEMOR3",48,jazz,0.266,0.662,0.328,0.538,-13.209,75.028,low
Level Up,Zmeyev,48,jazz,0.338,0.873,0.588,0.301,-10.678,160.006,low
No Goodbyes,ENRA,48,jazz,0.244,0.812,0.298,0.536,-7.379,82.003,low
Tropicana,RejSende,48,jazz,0.876,0.774,0.811,0.602,-5.808,90.041,low
Hidden Gems,"SamuW, Mendeville, Lazlow",48,jazz,0.409,0.631,0.336,0.558,-9.377,82.994,low
cycles,.Eehou,48,jazz,0.357,0.686,0.381,0.367,-8.579,80.044,low
Picadilly,"Erwin Do, flâneur, Beto Braga, Raouf",48,jazz,0.464,0.532,0.204,0.257,-9.558,78.809,low
Sunset Cruising,"Beats by Tobÿ, Tobÿ",48,jazz,0.658,0.661,0.585,0.624,-7.177,87.982,low
Moonlit Cruisin,"Banks, AC, Dryden",48,jazz,0.409,0.566,0.482,0.891,-13.204,159.924,low
Bali,lorleaf,48,jazz,0.182,0.59,0.253,0.81,-16.658,153.944,low
floating,Mozzie,48,jazz,0.499,0.682,0.622,0.4,-5.712,78.005,low
That Summer Feeling,Oilix,47,jazz,0.25,0.83,0.442,0.512,-12.849,85.022,low
Crimson,"7apes, Les Jardíns",47,jazz,0.528,0.739,0.931,0.323,-7.861,145.996,low
Think Twice,Cap Kendricks,47,jazz,0.416,0.876,0.785,0.135,-9.173,90.999,low
Ripples Of Autumn,Mendeville,47,jazz,0.395,0.633,0.6,0.778,-10.776,71.95,low
Aperitif,Jazzy James,47,jazz,0.492,0.764,0.71,0.621,-11.604,90.013,low
P_Optimist,Butterscotch,47,jazz,0.299,0.727,0.165,0.125,-8.56,69.306,low
Myth,Ben Jammin' Beats,47,jazz,0.585,0.669,0.31,0.167,-12.63,83.045,low
On The Sly,"Monocloud, Lazlow",47,jazz,0.336,0.701,0.673,0.668,-9.385,172.026,low
Inappropriately Sleeping,"Hoffy Beats, Tonion, Louk",47,jazz,0.293,0.753,0.334,0.896,-13.288,84.001,low
Tenkodo,lorleaf,47,jazz,0.184,0.708,0.452,0.375,-16.305,76.001,low
Circle Reflections,Mindscape,47,jazz,0.633,0.711,0.607,0.00579,-5.065,81.003,low
Come On Up,"jüle., IONA, Chill Select, Bn Hl",47,jazz,0.37,0.452,0.0905,0.255,-12.219,93.961,low
Mañana,ron quixote,47,jazz,0.37,0.798,0.222,0.814,-8.497,81.991,low
Apapane,"Oaty., Chancla",47,jazz,0.322,0.699,0.475,0.391,-12.943,84.963,low
Calm Your Mind,"Kimmø, Kid Tarô, Shuko",47,jazz,0.566,0.83,0.469,0.21,-9.317,101.973,low
Low Tide,"Sátyr, Mosalla",47,jazz,0.666,0.787,0.28,0.0713,-8.897,130.04,low
Passenger,Damn Homies,46,jazz,0.323,0.529,0.138,0.764,-8.363,79.155,low
Cream,Hans Hu$tle,46,jazz,0.283,0.615,0.419,0.572,-18.23,86.952,low
Fishizens,Josa,46,jazz,0.381,0.751,0.732,0.299,-11.887,80.344,low
Spring Melody,"Midan, Beats for Trees",46,jazz,0.324,0.604,0.254,0.927,-8.465,145.826,low
Midnight Cruisin,"Lamar Azul, Mindscape",47,jazz,0.45,0.714,0.512,0.0743,-15.473,89.025,low
Sunday Galaxy Ride,Guzimi,46,jazz,0.328,0.748,0.382,0.779,-10.095,79.008,low
Pirogue,"Odd Panda, Hikari",46,jazz,0.532,0.66,0.651,0.231,-10.662,160.023,low
deliberation,"flamingo zamperoni, Chirofafa",46,jazz,0.379,0.638,0.36,0.825,-10.615,85.04,low
Floatin',"SamuW, Mendeville, Lazlow",46,jazz,0.474,0.603,0.585,0.698,-10.741,82.038,low
Move Around,"Zmeyev, flowless",46,jazz,0.368,0.624,0.26,0.0737,-7.873,87.969,low
Lightness,"Screen Jazzmaster, Zmeyev",46,jazz,0.434,0.817,0.477,0.0696,-8.146,163.97,low
Mood Swings,"Mr. Käfer, Niklas Nadidai",46,jazz,0.347,0.691,0.456,0.605,-9.811,81.999,low
The Backyard,"Noflik, Pleij",46,jazz,0.313,0.729,0.224,0.808,-17.297,150.066,low
Chichihua,Peter Kind,46,jazz,0.435,0.777,0.688,0.47,-11.81,132.157,low
Golden Leaves,Kasimir,46,jazz,0.166,0.735,0.543,0.661,-16.977,80.99,low
Jazzy Mondays,"Zmeyev, Screen Jazzmaster",46,jazz,0.471,0.75,0.765,0.0651,-7.96,81.05,low
The Other Day,halfpastseven,45,jazz,0.344,0.662,0.652,0.351,-9.933,87.026,low
New Chapter,"Jikuru, Lola",45,jazz,0.434,0.733,0.711,0.776,-9.508,80.002,low
Bobba,Platinum Dust,45,jazz,0.505,0.692,0.418,0.339,-10.187,83.935,low
Felices Siestas,Señor Siesta,45,jazz,0.463,0.796,0.581,0.583,-10.058,83.967,low
The Last Day,"Guidolain beats, brass.beats",45,jazz,0.361,0.8,0.322,0.613,-10.884,89.026,low
Kamada,Butterscotch,45,jazz,0.199,0.604,0.629,0.543,-16.086,160.64,low
cinnamon,"Mozzie, flut",45,jazz,0.261,0.735,0.533,0.855,-17.488,145.978,low
A Million Times,KaspaHauser,45,jazz,0.354,0.472,0.432,0.915,-12.653,84.223,low
Life Form,"xander., Rikard From",45,jazz,0.56,0.558,0.341,0.775,-10.187,119.974,low
biking,Loop Schrauber,45,jazz,0.367,0.724,0.646,0.664,-11.658,87.982,low
Yard,paris91,45,jazz,0.469,0.679,0.675,0.667,-8.232,76.006,low
Urban Oasis,"Mindeliq, Billa Qause",45,jazz,0.324,0.733,0.617,0.581,-12.706,74.009,low
Respiro,"flâneur, marsquake",45,jazz,0.389,0.742,0.472,0.111,-8.445,90.028,low
Aquarius,"Sátyr, Mosalla, Louk",45,jazz,0.372,0.57,0.168,0.62,-13.45,153.874,low
Como,"SamuW, Kimmø",45,jazz,0.45,0.759,0.232,0.541,-6.894,86.018,low
A Cosmic Hiss,"Lola, Bluewerks",45,jazz,0.317,0.392,0.236,0.671,-9.573,161.432,low
Grooveshop - damaa.beats Remix,"rocomoco, Hoffy Beats, damaa.beats",45,jazz,0.277,0.756,0.396,0.325,-12.488,79.99,low
Night Driver,Rosemary beats,45,jazz,0.282,0.77,0.602,0.855,-12.155,135.018,low
Floating,"Slo Five, Frances The Mute",45,jazz,0.507,0.427,0.389,0.084,-11.649,88.987,low
Blossom,"Sem0r, Loyae",45,jazz,0.455,0.854,0.696,0.241,-10.786,91.992,low
Veil,"Hans Hu$tle, KOMOREBI",45,jazz,0.33,0.591,0.215,0.222,-10.195,84.035,low
Maple,"Living Room, ØNEMOR3",45,jazz,0.46,0.46,0.82,0.0411,-12.532,77.446,low
Up & Down,"Drxnk, Myríad, Golden Ticket Tapes",45,jazz,0.323,0.634,0.371,0.894,-11.306,83.003,low
Second Chance,"Saiko, Joe Sunrise",45,jazz,0.449,0.64,0.333,0.184,-8.37,85.197,low
Paces,Lazlow,44,jazz,0.534,0.815,0.543,0.383,-7.975,80.898,low
Salt,Oaty.,44,jazz,0.312,0.572,0.39,0.615,-12.619,79.607,low
Hold On Tight,Boney James,51,jazz,0.521,0.537,0.781,0.622,-11.083,135.589,low
Over The Rainbow,Kenny G,50,jazz,0.279,0.325,0.0576,0.899,-11.924,140.801,low
Girl In The Red Dress,Gregg Karukas,50,jazz,0.531,0.756,0.838,0.318,-11.627,119.991,low
Where the Night Begins,Steve Cole,49,jazz,0.585,0.645,0.495,0.37,-9.493,143.932,low
If Only For One Night,"Dave Koz, Brian Culbertson",49,jazz,0.408,0.753,0.192,0.361,-10.123,111.979,low
Boneyizm,Boney James,49,jazz,0.607,0.544,0.406,0.206,-7.942,82.996,low
citynights,Ny Cic,48,jazz,0.287,0.709,0.288,0.437,-12.301,172.113,low
Can You Feel It,"Adam Hawley, Marcus Anderson",48,jazz,0.599,0.798,0.776,0.216,-5.124,97.008,low
Porch Java,Delorme & Co,48,jazz,0.558,0.831,0.604,0.706,-7.557,119.007,low
Never Without You,"Brian Simpson, Peter White",48,jazz,0.493,0.706,0.432,0.683,-8.792,136.018,low
I'll Be Waiting,Earl Klugh,48,jazz,0.592,0.608,0.365,0.469,-9.642,77.937,low
A Mother’s Lullaby,Kenny G,50,jazz,0.268,0.246,0.246,0.734,-9.725,83.991,low
Liquid Soul,Chris Standring,48,jazz,0.276,0.7,0.744,0.346,-10.16,100.015,low
Perfect Moment,Peter White,48,jazz,0.431,0.658,0.481,0.548,-10.104,139.565,low
Deep Touch,Richard Elliot,48,jazz,0.387,0.635,0.604,0.172,-8.967,76.032,low
If I Could Fly,Vincent Ingala,48,jazz,0.577,0.736,0.239,0.226,-6.61,98.011,low
You Read My Mind,David Benoit,48,jazz,0.636,0.582,0.672,0.0502,-9.767,82.019,low
Elevation,Jackiem Joyner,47,jazz,0.716,0.785,0.709,0.0889,-5.797,100.009,low
In The City,Brian Culbertson,47,jazz,0.498,0.697,0.723,0.29,-10.846,151.964,low
West Coast Coolin',Norman Brown,47,jazz,0.63,0.688,0.57,0.535,-8.226,98.017,low
Any Love,Kirk Whalum,47,jazz,0.68,0.654,0.62,0.242,-8.052,91.039,low
Always Thinkin' Of You,Nick Colionne,47,jazz,0.654,0.7,0.787,0.213,-9.446,96.994,low
Autumn Day,Peter White,47,jazz,0.707,0.638,0.646,0.295,-7.971,87.721,low
Next Journey,robomoque,47,jazz,0.422,0.741,0.473,0.667,-11.206,180.099,low
Battery Park,Zacky Yazz,47,jazz,0.491,0.542,0.317,0.0833,-9.353,73.972,low
Mr. Groove,Euge Groove,47,jazz,0.801,0.695,0.623,0.093,-6.778,91.016,low
Find Someone Like You,"Jonas Wall, Umbaji",47,jazz,0.509,0.691,0.414,0.612,-9.963,85.02,low
Surrender (feat. Boney James),"Jonathan Butler, Boney James",47,jazz,0.402,0.529,0.584,0.205,-11.616,77.086,low
Straight to the Heart,Brian Culbertson,47,jazz,0.413,0.78,0.304,0.548,-13.292,123.922,low
#3,Aphex Twin,60,classical,0.071,0.159,0.0602,0.911,-27.109,146.977,low
Clairvoyance,Jon Hassell,43,classical,0.012,0.324,0.744,0.986,-39.19,133.166,low
Waves of the Unconscious Mind,Sol Reya,56,classical,0.0424,0.166,0.0354,0.888,-31.01,139.169,low
Pink And Golden Billows,Brambles,47,classical,0.0616,0.387,0.279,0.99,-23.838,209.852,low
Wav1,Terekke,35,classical,0.112,0.118,0.161,0.993,-25.741,77.122,low
Distorted Reflection,MrNotYet,48,classical,0.0124,0.19,0.0908,0.988,-39.77,65.876,low
Melancholia II,William Basinski,39,classical,0.0497,0.18,0.073,0.981,-30.856,72.674,low
"I Thought About Death, About Time",Benjamin Gustafsson,53,classical,0.0388,0.19,0.117,0.994,-34.654,140.96,low
Fantas Morbida,"Caterina Barbieri, Kara-Lis Coverdale",32,classical,0.0642,0.263,0.322,0.995,-22.824,165.638,low
Resignación,Murcof,35,classical,0.0411,0.184,0.0356,0.619,-34.094,87.315,low
Poa Alpina,Biosphere,42,classical,0.0304,0.219,0.114,0.909,-35.2,130.244,low
Éphémère,Tony Anderson,61,classical,0.0217,0.278,0.223,0.98,-37.438,104.541,low
Hold This Memory,"Deepend, Madism",54,electronic,0.71,0.702,0.578,0.082,-7.118,119.951,low
Emorio,"Trinix, Fafá de Belém",66,electronic,0.718,0.669,0.615,0.0886,-7.782,120.955,low
Fast Car,"Jonas Blue, Dakota",64,electronic,0.57,0.644,0.527,0.484,-6.994,113.945,low
Sexual Healing - Kygo Remix,"Marvin Gaye, Kygo",62,electronic,0.68,0.689,0.646,0.321,-7.196,100.987,low
Cool Kids,"Toby Rose, TWOPILOTS",61,electronic,0.841,0.769,0.712,0.114,-5.365,116.016,low
Evening Walk,Matt Bleu,45,electronic,0.685,0.763,0.116,0.36,-7.185,118.001,low
Take My Breath Away,TWOPILOTS,63,electronic,0.653,0.629,0.248,0.00345,-5.631,104.961,low
Bloom,"Lucas Estrada, TWOPILOTS",61,electronic,0.742,0.646,0.136,0.0224,-4.96,104.991,low
Bloom (Brendan Mills Remix),"Lucas Estrada, TWOPILOTS, Brendan Mills",57,electronic,0.8,0.641,0.219,0.0118,-5.591,114.981,low
Sunbeams,NSH,60,electronic,0.67,0.654,0.528,0.149,-10.393,120.028,low
Kyoto,Innocent Panda,47,electronic,0.577,0.632,0.301,0.58,-12.89,115.014,low
TRUE,"CYRIL, Kita Alexander",60,electronic,0.592,0.821,0.387,0.213,-11.013,124.015,low
Lie To Me,"Thom Merlin, Foínix, Brandon Chase",46,electronic,0.64,0.616,0.197,0.0846,-9.925,114.083,low
Sunset Lovers,"Thierry Von Der Warth, Horizon Blue, Carston",59,electronic,0.741,0.806,0.563,0.0234,-6.362,119.971,low
Waves,"Gabriel Morais Jr, Ayla Nova",52,electronic,0.68,0.673,0.117,0.542,-11.444,117.998,low
House Of Cards,"Lucas Estrada, Deepend, Dan Caplen",49,electronic,0.739,0.749,0.833,0.025,-6.669,120.021,low
King,TWOPILOTS,62,electronic,0.862,0.645,0.396,0.00736,-3.887,107.993,low
Follow the Sun,NEIMY,60,electronic,0.572,0.644,0.125,0.541,-9.504,119.947,low
Glowing State,Maiwan,43,electronic,0.497,0.79,0.299,0.248,-13.007,118.023,low
Covered By The Clouds,NSH,11,electronic,0.647,0.711,0.453,0.733,-8.589,130.005,low
Time After Time,Paratone,58,electronic,0.635,0.609,0.278,0.215,-7.151,116.063,low
Summer Feeling,"Matoma, Jonah Kagen",51,electronic,0.702,0.651,0.539,0.0256,-7.833,124.924,low
Is This Love - Remix,"Bob Marley & The Wailers, LVNDSCAPE, Bolier",58,electronic,0.686,0.813,0.301,0.034,-7.593,121.981,low
Kids,"Hobes, NEIMY",57,electronic,0.621,0.65,0.556,0.566,-9.761,116.027,low
Cruel Summer (Marcus Layton Edit),"LAUWE, Marcus Layton",57,electronic,0.585,0.797,0.739,0.451,-5.854,117.849,low
I'll Be There,"ConKi, Magnus Gunn",56,electronic,0.872,0.726,0.131,0.356,-7.128,115.024,low
Knockin' On Heaven's Door,"Nexeri, Tara Louise",55,electronic,0.762,0.753,0.259,0.128,-7.119,118.023,low
Milkshake,PLÜM,54,electronic,0.723,0.834,0.494,0.196,-10.475,115.014,low
Like a Mystery,Eneko Artola,54,electronic,0.631,0.81,0.43,0.51,-7.543,119.994,low
Show Me Love - EDX Remix / Radio Edit,"Sam Feldt, Kimberly Anne, EDX",54,electronic,0.665,0.836,0.677,0.308,-5.779,120.997,low
Would I Lie To You,"Thierry Von Der Warth, YKATI",54,electronic,0.624,0.788,0.339,0.0991,-6.017,107.978,low
5th Avenue,Trinix,53,electronic,0.387,0.791,0.528,0.482,-9.6,117.05,low
In Too Deep,"WEEKLESS, WEDONT, ROBINS",53,electronic,0.579,0.61,0.299,0.11,-7.749,109.854,low
Someone You Loved,"Viva La Panda, Justin Rhodes",53,electronic,0.727,0.711,0.419,0.186,-5.244,115.005,low
Nalu,"Deep Chills, Brendan Mills",53,electronic,0.638,0.675,0.234,0.142,-6.141,120.087,low
Don't Tell Me I Can't Have It,Sons Of Maria,52,electronic,0.669,0.65,0.0681,0.196,-10.262,109.998,low
Dancing With Your Ghost,TWOPILOTS,52,electronic,0.609,0.529,0.188,0.171,-5.574,89.875,low
Where I Belong,NSH,52,electronic,0.663,0.72,0.806,0.387,-9.749,106.995,low
This Town,"Saco, Sparkle, Isabel Prada",52,electronic,0.626,0.818,0.943,0.185,-5.991,125.035,low
Another Love,"Rolipso, Foínix, Jordan Grace",52,electronic,0.748,0.654,0.683,0.427,-7.096,120.023,low
Over You,"Madism, Philip Strand",51,electronic,0.738,0.665,0.496,0.133,-6.136,124.061,low
Million Memories,"Thierry Von Der Warth, Thomas Geelens",51,electronic,0.802,0.572,0.372,0.119,-6.982,117.973,low
Talking To Myself,"Namic, Meynberg",51,electronic,0.679,0.715,0.438,0.517,-5.263,120.114,low
Before the Sun Sets,"Nimus, RED",51,electronic,0.611,0.655,0.419,0.649,-7.325,115.887,low
Home,"Zwette, Julian Perretta",51,electronic,0.748,0.785,0.618,0.121,-6.674,120.025,low
Promised Land,"Saco, Sparkle",51,electronic,0.796,0.83,0.26,0.385,-7.276,109.969,low
Sound of Your Summer - SUPER-Hi Remix,"Quarry, SUPER-Hi",51,electronic,0.887,0.649,0.804,0.0304,-5.021,117.991,low
Young Folks,"John Skyfield, BNHM, Levka Rey",51,electronic,0.681,0.675,0.181,0.0494,-8.669,119.943,low
In Deep,Beachwax,51,electronic,0.544,0.786,0.619,0.0512,-13.053,114.99,low
Ocean Quiet,"Lucas Estrada, NEIMY",50,electronic,0.638,0.789,0.427,0.171,-7.515,117.026,low
Blossom,"Willow, YVMV",50,electronic,0.215,0.624,0.101,0.518,-19.026,106.001,low
What You Know (feat. Levka Rey),"KHEMIS, BNHM, Levka Rey",50,electronic,0.711,0.616,0.312,0.167,-8.48,119.997,low
Rise Up,"Brendan Mills, Surfin' Sam",50,electronic,0.769,0.666,0.329,0.11,-5.946,123.074,low
Help Me Lose My Mind,Gravagerz,48,electronic,0.553,0.678,0.056,0.787,-9.38,136.045,low
Dollar Dream [Lucas Estrada Edit],"Lucas Estrada, Couché, Polar Notes, Mentum",50,electronic,0.764,0.727,0.633,0.413,-6.074,117.974,low
Never Be Lonely,"Jax Jones, Zoe Wees",67,electronic,0.785,0.731,0.85,0.0155,-4.08,131.988,low
Retro Future,c152,33,electronic,0.951,0.538,0.164,1.02e-05,-6.235,129.996,low
Retroshade,"KoruSe, mzmff",35,electronic,0.972,0.524,0.0338,0.000419,-6.098,100.006,low
La La Land,"Arimasen, FORBIDDEN",29,electronic,0.637,0.66,0.115,0.0273,-7.467,100.024,low
the wanderer,lxst child,35,electronic,0.305,0.514,0.197,0.152,-11.243,96.099,low
Stray,c152,38,electronic,0.919,0.476,0.511,5.19e-06,-7.402,127.992,low
Astral Chill,Virtual Mage,44,electronic,0.573,0.615,0.108,0.0471,-12.881,100.005,low
HOLOGRAPHIC,VXLLAIN,43,electronic,0.458,0.338,0.0754,0.0011,-8.574,168.083,low
Star Pool,c152,39,electronic,0.922,0.508,0.228,3.59e-06,-6.43,110.04,low
Synthstar,c152,40,electronic,0.977,0.441,0.176,2.08e-05,-5.87,120.003,low
Vision,lxst child,38,electronic,0.495,0.595,0.432,0.00614,-10.062,169.956,low
Purple Wind,c152,39,electronic,0.952,0.451,0.22,1.83e-05,-5.62,94.968,low
Exodus,"KoruSe, stellar, Arimasen",41,electronic,0.677,0.419,0.28,0.0127,-6.328,176.048,low
Nothingness,"LORD CHAOS!, NTPV",40,electronic,0.581,0.667,0.209,0.103,-7.847,105.027,low
Echoes,c152,43,electronic,0.707,0.518,0.126,0.0394,-9.234,100.0,low
if it isn't,METAHESH,40,electronic,0.25,0.459,0.269,0.735,-18.501,180.017,low
Illusions,c152,39,electronic,0.972,0.552,0.0619,1.55e-05,-6.147,105.003,low
Skywalker,"c152, Arimasen, KoruSe",40,electronic,0.678,0.614,0.438,0.264,-7.829,93.368,low
Emptiness,"VXLLAIN, Navjaxx",42,electronic,0.618,0.585,0.216,0.125,-6.814,94.07,low
Shutdown Sequence,Willix,39,electronic,0.522,0.555,0.328,0.413,-6.168,90.002,low
Lost World,c152,39,electronic,0.792,0.548,0.235,0.0113,-9.04,92.003,low
vcr_memories,Willix,39,electronic,0.513,0.495,0.116,0.534,-11.548,94.997,low
milkyway,"Øneheart, Antent, Dean Korso",42,electronic,0.0586,0.196,0.0351,0.781,-29.575,173.732,low
riddle,METAHESH,37,electronic,0.4,0.511,0.191,0.96,-14.1,127.499,low
Memory Lane,"KoruSe, stellar",38,electronic,0.874,0.519,0.301,0.0535,-6.908,166.07,low
Neon Blades,c152,38,electronic,0.935,0.498,0.278,0.000256,-7.171,99.985,low
Nightlight,"ILLENIUM, Annika Wells",52,electronic,0.651,0.494,0.162,0.0819,-4.127,149.979,low
Say My Name,"ODESZA, Zyra",60,electronic,0.75,0.745,0.349,0.004,-7.357,115.039,low
The Wailing,"Tomatow, Nadya Sumarsono",30,electronic,0.747,0.47,0.239,0.0468,-6.362,144.061,low
A Moment Apart,ODESZA,64,electronic,0.665,0.406,0.0758,0.172,-7.903,119.988,low
Who U Are,Polar Youth,33,electronic,0.746,0.52,0.17,0.176,-5.01,140.086,low
Take Me Away,"Tomatow, Cosmowave",22,electronic,0.876,0.495,0.0726,0.00333,-5.494,145.012,low
Dry,"GISHIN, AmanderSings",36,electronic,0.881,0.614,0.584,0.00291,-3.935,149.955,low
Savage (feat. Flux Pavilion & MAX),"Whethan, Flux Pavilion, MAX",53,electronic,0.662,0.679,0.365,0.151,-5.861,90.054,low
Pretty Little Smile,Tomatow,34,electronic,0.706,0.428,0.181,0.0203,-5.345,143.985,low
Light,San Holo,56,electronic,0.763,0.57,0.43,0.0857,-4.137,150.088,low
Paint the Sky,"DJ Fluke, Nikita Afonso",35,electronic,0.872,0.648,0.531,0.0328,-4.228,150.0,low
Last To Leave (feat. Caroline Ailin),"Louis The Child, Caroline Ailin",44,electronic,0.602,0.753,0.555,0.052,-6.326,94.056,low
glow,"Fred again.., Duskus, Four Tet, Joy Anonymous, Skrillex",63,electronic,0.903,0.65,0.0681,0.0655,-5.478,129.043,low
the things that bring me joy,Luca,62,electronic,0.46,0.769,0.215,0.338,-11.988,126.026,low
Palermo,"Above & Beyond, PROFF",52,electronic,0.9,0.605,0.0376,0.00888,-6.847,125.007,low
Into The Night,Tonic Walter,57,electronic,0.781,0.79,0.215,0.511,-9.915,121.002,low
Saturday Morning,Rules,57,electronic,0.615,0.8,0.758,0.00251,-8.686,123.016,low
Blossom,VisionV,57,electronic,0.715,0.611,0.0327,0.625,-10.448,123.877,low
Mine To Love,Ross Quinn,56,electronic,0.633,0.692,0.0938,0.164,-8.513,120.069,low
NOVA,Tonic Walter,56,electronic,0.751,0.751,0.0994,0.0479,-10.263,124.006,low
Hiding,"Ben Böhmer, Lykke Li",56,electronic,0.927,0.447,0.383,0.0559,-6.189,133.978,low
Felt (feat. Henry Green),"Christian Löffler, Henry Green",54,electronic,0.889,0.559,0.0474,0.169,-9.952,123.029,low
Other Side,"AVAION, BUNT.",55,electronic,0.44,0.821,0.179,0.291,-10.612,129.985,low
I Kinda Like It,Lofive,48,electronic,0.545,0.829,0.539,0.0757,-9.541,120.052,low
Spring Embers,Nora En Pure,53,electronic,0.762,0.734,0.251,0.0261,-7.013,122.005,low
Sun Will Rise - Edit,"Marten Lou, Sasson (FR)",53,electronic,0.898,0.661,0.325,0.00167,-3.562,123.031,low
Calm,"Midnight Pass, Ruffnux",50,electronic,0.79,0.608,0.054,0.581,-9.68,123.003,low
Where I Find My Mind,Eli & Fur,49,electronic,0.571,0.725,0.285,0.106,-9.183,114.991,low
Not Giving You Up,Rules,57,electronic,0.646,0.654,0.689,0.368,-7.197,123.806,low
Fade,"Alex Lustig, Sølv",49,electronic,0.338,0.674,0.333,0.679,-18.251,120.997,low
Broken,AVAION,49,electronic,0.498,0.65,0.108,0.572,-8.835,120.056,low
Childish,Lane 8,49,electronic,0.729,0.555,0.157,0.151,-9.798,124.011,low
I Never Really Cared,Stoto,48,electronic,0.342,0.789,0.036,0.704,-15.726,125.014,low
Lost,"Le Youth, Jerro, Lizzy Land",47,electronic,0.75,0.565,0.142,0.134,-9.046,120.971,low
No Stress in Cres,Sound Nomaden,47,electronic,0.564,0.772,0.308,0.584,-11.577,120.021,low
Erase,"Ben Böhmer, lau.ra",47,electronic,0.542,0.279,0.163,0.47,-11.962,123.846,low
searchingforthelights,Tonic Walter,47,electronic,0.458,0.65,0.442,0.801,-13.202,122.027,low
These Things Will Come To Be,DJ Seinfeld,53,electronic,0.74,0.674,0.166,0.515,-9.138,125.998,low
Do No More,Nora En Pure,47,electronic,0.837,0.625,0.152,0.277,-6.202,120.021,low
Lençóis (Love Me) - Notre Dame Remix,"RY X, Notre Dame",47,electronic,0.575,0.578,0.0394,0.000457,-11.284,122.022,low
There For You,Y.V.E. 48,47,electronic,0.422,0.7,0.193,0.523,-14.276,111.967,low
Save Me,"Kaskade, Lauren L'aimant",46,electronic,0.946,0.665,0.133,0.00186,-5.215,120.0,low
In My Head,Trilucid,46,electronic,0.725,0.567,0.495,0.144,-10.29,124.027,low
All Night Long,Marsh,46,electronic,0.908,0.637,0.103,0.0472,-8.035,124.992,low
Verden,"MEUTE, pølaroit",46,electronic,0.584,0.734,0.04,0.124,-10.721,119.007,low
Sherwood Forest,Nora En Pure,46,electronic,0.909,0.623,0.0581,0.0396,-7.929,122.002,low
Falling Apart,Catching Flies,45,electronic,0.739,0.661,0.251,0.0148,-10.153,123.032,low
I Can Make It,CRi,45,electronic,0.579,0.754,0.31,0.00689,-7.497,128.03,low
Ascension,"Marsh, Volen Sentir",46,electronic,0.901,0.68,0.0598,0.000487,-6.818,122.995,low
New Fires,"Christian Löffler, Henry Green",45,electronic,0.569,0.712,0.241,0.346,-10.819,116.016,low
Mimose,Parra for Cuva,45,electronic,0.452,0.667,0.0425,0.239,-12.089,114.994,low
Hiding - HÜMAN Remix,"AVAION, HÜMAN",45,electronic,0.748,0.561,0.0393,0.0898,-7.368,126.082,low
Love Will Save Me - CamelPhat Remix,"WhoMadeWho, CamelPhat, RY X",45,electronic,0.723,0.604,0.0706,0.017,-7.676,121.002,low
Indulgence,Nora En Pure,46,electronic,0.902,0.648,0.11,0.115,-6.882,121.986,low
Like I Used To,"Steven Weston, Låpsley",45,electronic,0.68,0.699,0.13,0.00801,-8.177,119.967,low
Keep Going,Stephan Jolk,45,electronic,0.807,0.778,0.0384,0.0816,-10.79,124.004,low
Waves (feat. Grace Tither),"BLOND:ISH, Grace Tither",45,electronic,0.763,0.631,0.715,0.0824,-9.774,121.008,low
Have U,Caius,45,electronic,0.781,0.678,0.233,0.462,-10.792,135.093,low
Lonely,"Nils Hoffmann, Rae Morris",45,electronic,0.815,0.576,0.039,0.00966,-7.088,124.975,low
Sunrise Song,Luttrell,44,electronic,0.732,0.774,0.328,0.00197,-11.04,122.018,low
Oceanside Girl,Holo,44,electronic,0.805,0.555,0.498,0.00114,-7.574,117.981,low
Running up That Hill,Dayne S,44,electronic,0.542,0.835,0.64,0.546,-11.611,120.988,low
Call My Name,"Franky Wah, Rae Morris",44,electronic,0.791,0.534,0.17,0.038,-6.288,123.986,low
Cynnes,il:lo,43,electronic,0.657,0.615,0.525,0.599,-9.864,114.002,low
All we ever wanted,"MVCA, SCHWARZ",43,electronic,0.667,0.578,0.243,0.254,-12.066,120.004,low
Something Right,"Luttrell, Molly Moonwater",44,electronic,0.543,0.652,0.3,0.0208,-9.461,124.046,low
Egyptian Sun,"Francis Mercier, Kiesza",43,electronic,0.852,0.66,0.203,0.013,-5.581,122.039,low
Ibiza Blue,Sue Avenue,43,electronic,0.896,0.788,0.275,0.0721,-7.873,104.982,low
Envy,"Christian Löffler, Mogli",43,electronic,0.575,0.624,0.0654,0.441,-9.945,118.029,low
La Suavecita,"La Sonora Dinamita, Alvaro Pava",41,latin,0.626,0.833,0.703,0.0225,-7.798,96.625,low
El Muñeco,Brazeros Musical De Durango,20,latin,0.684,0.869,0.982,0.071,-5.571,119.994,low
Todo Me Gusta De Ti,Aaron Y Su Grupo Ilusion,67,latin,0.505,0.64,0.786,0.176,-5.766,180.625,low
El Colesterol,Fito Olivares y Su Grupo,45,latin,0.673,0.719,0.95,0.414,-7.184,89.646,low
Por cuánto me lo das,Los Tigrillos,31,latin,0.886,0.843,0.856,0.0736,-5.3,96.555,low
El Hijo De Tuta,La Chanchona De Tito Mira,32,latin,0.698,0.911,0.891,0.0333,-8.529,99.878,low
Mix Aniceto 2000: Josefina / La Loca / La Brujita,Los Francos,21,latin,0.673,0.844,0.849,0.0836,-7.498,139.991,low
Estas Bien Buena,Los Hermanos Flores,42,latin,0.488,0.696,0.897,0.14,-9.382,191.935,low
La 2Da. De Niña,Aaron Y Su Grupo Ilusion,20,latin,0.685,0.503,0.787,0.126,-5.673,182.031,low
La Negra Caderona,Aniceto Molina,46,latin,0.838,0.727,0.709,0.574,-6.779,95.86,low
La Guera Salome,Fito Olivares y Su Grupo,46,latin,0.79,0.728,0.842,0.304,-8.458,97.833,low
Juana La Cubana,Fito Olivares y Su Grupo,56,latin,0.619,0.467,0.826,0.763,-10.079,176.296,low
La Sabrosona,Fito Olivares,11,latin,0.752,0.852,0.78,0.401,-5.266,96.673,low
Fin De Semana,Fito Olivares,19,latin,0.828,0.757,0.96,0.486,-4.388,91.506,low
Oye Mujer,Raymix,29,latin,0.593,0.832,0.952,0.169,-5.975,90.993,low
¿Dónde Estarás?,Raymix,59,latin,0.544,0.551,0.916,0.136,-7.608,181.859,low
Primer Beso,Raymix,55,latin,0.732,0.634,0.718,0.462,-7.173,90.001,low
DIABLITA (feat. YOVNGCHIMI),"Myke Towers, YOVNGCHIMI",67,latin,0.669,0.903,0.576,0.316,-5.506,95.027,low
Tanta Droga,"Eladio Carrion, Arcángel, De La Ghetto",54,latin,0.602,0.758,0.501,0.201,-5.468,124.067,low
UN PREVIEW,Bad Bunny,65,latin,0.814,0.786,0.365,0.0383,-3.318,95.084,low
Suéltate Tú,Farruko,21,latin,0.757,0.775,0.796,0.0405,-5.452,100.043,low
Viaje,Farruko,45,latin,0.799,0.705,0.658,0.0357,-4.776,122.018,low
Jordan,Ryan Castro,66,latin,0.68,0.796,0.71,0.0575,-5.555,179.923,low
GUCCI FENDI,"Justin Quiles, Eladio Carrion",40,latin,0.784,0.737,0.75,0.299,-3.984,170.093,low
El Apagón,Bad Bunny,65,latin,0.698,0.629,0.599,0.0509,-4.485,117.765,low
Embalao,"Farruko, White Star, J. Cross",31,latin,0.822,0.776,0.557,0.067,-5.03,123.984,low
ZONA DEL PERREO,"Daddy Yankee, NATTI NATASHA, Becky G",46,latin,0.838,0.803,0.637,0.0905,-3.23,91.986,low
Sabe,"Nicki Nicole, Rauw Alejandro",50,latin,0.624,0.787,0.767,0.103,-4.156,93.063,low
Lambo,Farruko,29,latin,0.618,0.769,0.618,0.211,-5.26,93.027,low
Vestido,J Balvin,49,latin,0.683,0.851,0.771,0.319,-5.353,87.979,low
Bebé Que Bien Te Ves,"J Balvin, Feid",57,latin,0.665,0.747,0.634,0.0481,-6.538,166.006,low
Una Nota,"J Balvin, Sech",56,latin,0.788,0.662,0.711,0.0191,-4.55,179.876,low
"DJ No Pare (feat. Zion, Dalex, Lenny Tavárez) - Remix","Justin Quiles, NATTI NATASHA, Farruko, Lenny Tavárez, Dalex, Zion",61,latin,0.709,0.743,0.831,0.0451,-3.922,170.001,low
Baby,Nicki Nicole,39,latin,0.683,0.804,0.878,0.561,-4.637,119.99,low
Fantasías,J Balvin,39,latin,0.492,0.844,0.695,0.06,-6.963,80.01,low
De Museo,Bad Bunny,59,latin,0.494,0.592,0.231,0.237,-10.618,132.037,low
AM Remix,"Nio Garcia, J Balvin, Bad Bunny",67,latin,0.655,0.743,0.785,0.114,-5.015,172.031,low
100 MILLONES,"Bad Bunny, Luar La L",59,latin,0.559,0.808,0.48,0.133,-6.936,169.103,low
"La Curiosidad (feat. Dj Nelson, JHAYCO, Lunay & Kendo Kaponi) - Blue Grand Prix Remix","Jay Wheeler, Myke Towers, Rauw Alejandro, DJ Nelson, JHAYCO, Lunay, Kendo Kaponi",60,latin,0.674,0.841,0.761,0.104,-5.35,90.007,low
YO VISTO ASÍ,Bad Bunny,61,latin,0.881,0.688,0.677,0.0947,-4.889,123.013,low
HOY COBRÉ,Bad Bunny,62,latin,0.725,0.86,0.375,0.0464,-6.7,145.001,low
MALDITA POBREZA,Bad Bunny,60,latin,0.861,0.762,0.588,0.139,-4.075,133.037,low
"PORFA Remix ( Feat. Maluma, Nicky Jam, Sech) - Remix","Feid, J Balvin, Maluma, Nicky Jam, Sech, Justin Quiles",59,latin,0.737,0.793,0.697,0.0765,-4.731,167.969,low
Anaranjado,"Jowell & Randy, J Balvin",50,latin,0.58,0.763,0.608,0.0466,-6.196,175.937,low
La Tóxica,Farruko,59,latin,0.701,0.659,0.623,0.0882,-4.107,91.97,low
Caramelo,Ozuna,59,latin,0.806,0.728,0.698,0.0531,-3.766,168.084,low
PA' ROMPERLA,"Bad Bunny, Don Omar",61,latin,0.83,0.772,0.697,0.016,-5.019,94.011,low
MÁS DE UNA CITA,"Bad Bunny, Zion & Lennox",57,latin,0.5,0.865,0.317,0.0122,-10.805,92.976,low
SI ELLA SALE,Bad Bunny,50,latin,0.727,0.869,0.92,0.0589,-7.397,147.967,low
Mujer Satisfecha,Zion & Lennox,32,latin,0.84,0.841,0.567,0.0177,-2.838,94.05,low
Verde,"J Balvin, Sky Rompiendo",52,latin,0.738,0.828,0.818,0.0381,-4.295,94.995,low
Azul,J Balvin,66,latin,0.836,0.843,0.651,0.0816,-2.474,94.018,low
Gris,J Balvin,54,latin,0.709,0.849,0.916,0.227,-4.717,93.06,low
Arcoíris,"J Balvin, Mr Eazi",48,latin,0.787,0.731,0.392,0.0865,-5.26,92.971,low
Negro,J Balvin,57,latin,0.911,0.796,0.799,0.0157,-2.228,164.082,low
Pero Ya No,Bad Bunny,64,latin,0.612,0.882,0.742,0.0475,-6.103,147.982,low
Solita,"Sech, Farruko, Zion & Lennox",60,latin,0.831,0.679,0.88,0.159,-1.866,88.793,low
Ignorantes,"Bad Bunny, Sech",61,latin,0.536,0.85,0.505,0.267,-5.161,96.029,low
Morado,J Balvin,57,latin,0.696,0.881,0.781,0.136,-3.838,97.002,low
Vete,Bad Bunny,67,latin,0.672,0.886,0.526,0.0363,-4.394,91.976,low
Fuego,Ozuna,35,latin,0.618,0.844,0.604,0.139,-5.133,91.017,low
Blanco,J Balvin,53,latin,0.711,0.871,0.622,0.0267,-5.397,100.013,low
La Playa - Remix,"Myke Towers, Maluma, Farruko",55,latin,0.633,0.775,0.394,0.201,-3.332,140.008,low
Bellaquita - Remix,"Dalex, Lenny Tavárez, Anitta, NATTI NATASHA, Farruko, Justin Quiles",61,latin,0.715,0.795,0.758,0.141,-3.582,165.941,low
Shorty,Jerry Di,25,latin,0.752,0.925,0.743,0.0149,-4.523,96.966,low
B11 (feat. Myke Towers),"Rvssian, Darell, Zion & Lennox, Myke Towers",57,latin,0.717,0.759,0.195,0.0672,-5.014,99.946,low
Delincuente,"Farruko, Anuel AA, Kendo Kaponi",60,latin,0.858,0.655,0.65,0.53,-5.607,83.489,low
CUIDAO POR AHÍ,"J Balvin, Bad Bunny",54,latin,0.812,0.846,0.587,0.109,-2.979,90.981,low
COMO UN BEBÉ,"J Balvin, Bad Bunny, Mr Eazi",66,latin,0.807,0.825,0.816,0.0741,-5.753,103.053,low
Otro Trago - Remix,"Sech, Ozuna, Anuel AA, Darell, Nicky Jam",66,latin,0.79,0.725,0.763,0.0711,-2.331,175.988,low
Cristina (feat. Shelow Shaq),"Maffio, Justin Quiles, Nacho, Shelow Shaq",53,latin,0.599,0.861,0.869,0.183,-4.205,102.119,low
Soltera (Remix),"Lunay, Daddy Yankee, Bad Bunny",66,latin,0.783,0.795,0.799,0.361,-4.271,92.01,low
TOMA TOMA TOMA,"$werve, TOKYOSLEEP, Mc Gw",62,brazilian,0.972,0.845,0.881,0.444,0.914,129.967,low
Tubarão Te Amo,"Dj LK da Escócia, Tchakabum, MC Ryan SP, mc jhenny, Mc RF",63,brazilian,0.742,0.889,0.479,0.299,-3.495,130.089,low
Montagem Orquestra Sinfônica,"DJ TENEBROSO ORIGINAL, Mc Danflin",57,brazilian,0.683,0.85,0.767,0.091,-7.41,129.946,low
Chama o Coveiro,"Mc Delux, DJ Guih Da ZO",58,brazilian,0.781,0.922,0.57,0.148,-0.548,130.174,low
Faz Striptease (Versão Tik Tok),"MC Teuzin PV, MC Skcot",58,brazilian,0.726,0.502,0.658,0.478,-0.252,72.74,low
Ele Te Bota Soca Soca,"MC Mazzie, Mc Rd, DJ NpcSize, DJ Wizard",64,brazilian,0.746,0.896,0.752,0.108,-5.174,130.138,low
Soca Soca,"MC Mazzie, DJ CARAI",46,brazilian,0.596,0.931,0.651,0.553,-5.507,130.148,low
Sua amiga deu,MC Levin,58,brazilian,0.556,0.947,0.426,0.277,-4.536,130.046,low
Joga Essa Rabeta,"MC Teuzin PV, MC Skcot",63,brazilian,0.421,0.537,0.788,0.408,-1.987,86.69,low
Eu Já Sofri por Amor Mas Não Sofro Mais (Tik Tok),"MC Teuzin PV, MC Skcot",59,brazilian,0.855,0.773,0.658,0.223,0.832,86.93,low
EU BEM QUE TE AVISEI - TU EMPINOU ELE PEI,"Mc Delux, DJ ABDO, CLUB DA DZ7",61,brazilian,0.659,0.955,0.495,0.411,-3.531,129.962,low
Vai Com Bundão,"MC Meno K, Ricky Ribeiro",58,brazilian,0.607,0.932,0.962,0.884,-7.237,129.97,low
Baiana 2022,Ladji Mouflet,55,brazilian,0.493,0.776,0.389,0.12,-10.719,114.952,low
MTG MALDIÇÃO ETERNA 1.0 (Slowed),"DJ GLK, MC LIPEX, Dj luis do grau",25,brazilian,0.593,0.496,0.292,0.784,-9.294,95.059,low
Dale Moreno,Dj Jhonatan Perú,54,brazilian,0.791,0.842,0.821,0.31,-4.814,96.019,low
Saka Saka Saka,"MC Mazzie, DJ NpcSize, DJ Wizard",55,brazilian,0.743,0.805,0.612,0.177,-7.244,130.143,low
"É o Pombo, É o Neymar, Vinícius Jr E Paquetá (Copa do Mundo 2022)","DJ Dollynho Da Lapa, MC LEON, MC Pânico",56,brazilian,0.896,0.933,0.794,0.258,-1.692,140.111,low
AQUECIMENTO TÃO TÁ VAI COMEÇAR EM VS PEGA PEGA VUK VUK FUNK,BRADSP,43,brazilian,0.684,0.927,0.817,0.148,-5.081,129.971,low
ESSE HIT É CHICLETE VS É VUK VUK TIK TOK,DJ MESQUITA DE NV,36,brazilian,0.774,0.891,0.76,0.297,-0.033,86.656,low
Sequência dos Bailes Funk,DJ VM 22,43,brazilian,0.494,0.584,0.758,0.000494,-10.112,139.788,low
Não é Uma Beleza,"Rand0m, GV Cunha, DJ Guilherme",45,brazilian,0.702,0.825,0.931,0.27,-4.588,64.987,low
"É o Pombo, É o Neymar, Vinicius Jr, Paqueta","NK DA V, MC Pânico",39,brazilian,0.864,0.883,0.594,0.135,-4.603,140.306,low
Jogadinha do Paqueta,"Mc Rf, Dj Kaio VDM",60,brazilian,0.823,0.977,0.671,0.396,-0.37,130.031,low
HOJE EU VOU COMER NOVINHA 02,DJ AG O GRINGO,55,brazilian,0.39,0.913,0.175,0.707,-4.538,130.05,low
Tu Hablas Espanhol,"Mc Delux, DJ Guih Da ZO",46,brazilian,0.849,0.945,0.92,0.117,-0.329,130.207,low
Saquarema,"MC Rogê, DJ Meek, Boladinho DJ, Mc G Talibã",60,brazilian,0.518,0.896,0.793,0.285,-8.524,150.066,low
Beat Trava Pulmão,"Mc Menor Do Alvorada, dj caxa da zl, Mc Gw",13,brazilian,0.842,0.76,0.464,0.829,-6.553,130.042,low
Tu Empinou Ele Pei,"Xandy Almeida, Mc Delux",34,brazilian,0.819,0.596,0.888,0.0644,-10.326,88.055,low
Automotivo Super Mario World 2,DJ NK3,59,brazilian,0.754,0.845,0.574,0.0571,-2.511,129.947,low
Hey Hou,"DJ Guih Da ZO, Mc Delux",44,brazilian,0.897,0.912,0.589,0.33,-0.909,130.284,low
Uma Cavala Mesmo,"MC Meno K, MC Cria, Dj Matheus Silva",56,brazilian,0.374,0.867,0.684,0.629,-11.883,130.026,low
Formosa,"Kaio Viana, MC CJ",52,brazilian,0.483,0.765,0.217,0.432,-5.356,123.846,low
Bumbum granada,"MC's Zaac, Jerry Smith",61,brazilian,0.836,0.967,0.162,0.278,-1.264,130.028,low
VAI DJ NPC SOCA COM VONTADE / MACHUCA MACHUCA,"DJ NpcSize, Mc Larissa",55,brazilian,0.855,0.821,0.569,0.317,-2.466,130.145,low
A X3R3CA DELA É BOA,"Mc Delux, DJ Guilherme",39,brazilian,0.799,0.959,0.639,0.329,-1.41,130.012,low
Sua amiga vou sarrar,MC Levin,61,brazilian,0.533,0.921,0.673,0.433,-3.408,130.014,low
Forte Forte de Lacoste - Pra Começar o Final de Semana,"DJ Jeeh FDC, MC LCKaiique, MC Celo BK, DJ Menezes, DJ Arana, Mc Yoshi",64,brazilian,0.699,0.633,0.762,0.516,0.41,83.624,low
Portuginies,IShowSpeed,44,brazilian,0.809,0.633,0.733,0.289,-0.322,126.028,low
Jingle Bell,MC Teteu,49,brazilian,0.285,0.908,0.793,0.16,-12.559,129.83,low
Montagem - Conga Conga (Slowed + Reverb),DJ RAMON SP,62,brazilian,0.813,0.845,0.403,0.465,-5.178,113.471,low
REI DO BRASIL,Seek,67,brazilian,0.879,0.91,0.954,0.143,1.318,130.006,low
Cumbia Sobre el Mar,"Quantic, Flowering Inferno",55,brazilian,0.601,0.615,0.662,0.0732,-8.147,84.614,low
Forró pela Manhã,Hermeto Pascoal,28,brazilian,0.921,0.728,0.981,0.493,-5.963,98.076,low
Forrowest,Forro In The Dark,32,brazilian,0.413,0.761,0.527,0.258,-13.191,96.649,low
Asa Branca,"Forro In The Dark, Daivd Byrne",16,brazilian,0.612,0.602,0.598,0.0216,-8.351,107.137,low
Forró da Casa Grande,Forro In The Dark,23,brazilian,0.677,0.667,0.79,0.242,-8.663,113.367,low
Limoerio do Norte,Forro In The Dark,22,brazilian,0.325,0.791,0.882,0.151,-13.061,125.648,low
Sabiá,Forro In The Dark,20,brazilian,0.322,0.567,0.822,0.367,-13.663,147.643,low
Wandering Swallow featuring Bebel Gilberto,"Forro In The Dark, Bebel Gilberto",12,brazilian,0.366,0.469,0.708,0.902,-11.948,168.907,low
Salvación,"Los Miticos Del Ritmo, Quantic",33,brazilian,0.666,0.666,0.699,0.0281,-7.079,116.383,low
Vampiro Sabanero,"Los Miticos Del Ritmo, Quantic",30,brazilian,0.695,0.781,0.971,0.0606,-6.608,84.781,low
Cumbia Sobre el Mar - El Búho Remix,"El Búho, Quantic",45,brazilian,0.732,0.651,0.694,0.187,-6.006,159.924,low
Inmortales (Body Move) - El Búho Remix,"Nickodemus, Fémina, El Búho",16,brazilian,0.758,0.841,0.942,0.303,-7.706,92.998,low
Hotline Bling,"Quantic, Los Miticos Del Ritmo",39,brazilian,0.533,0.886,0.976,0.743,-7.083,156.017,low
Se Lo Ví,"Quantic, Nidia Gongora",34,brazilian,0.494,0.582,0.927,0.476,-10.297,89.112,low
Ojos Vicheros,"Quantic, Nidia Gongora",23,brazilian,0.744,0.738,0.811,0.197,-8.97,94.019,low
Criançada (con Castello Branco),"Nicola Cruz, Castello Branco",45,brazilian,0.443,0.865,0.688,0.723,-14.168,96.023,low
Hacia Delante (con Chato),"Nicola Cruz, Chato",28,brazilian,0.58,0.835,0.84,0.559,-8.892,100.007,low
Equinoccio (feat. Huaira),"Nicola Cruz, Huaira",37,brazilian,0.623,0.817,0.391,0.274,-10.116,93.979,low
Prego Batido,Bernadete França,17,brazilian,0.886,0.714,0.897,0.663,-4.429,184.108,low
Ô Sertão,Ó Do Forró,20,brazilian,0.78,0.708,0.582,0.271,-6.624,87.984,low
Forró Do Embolaxado,As Galvão,25,brazilian,0.86,0.812,0.966,0.395,-6.131,91.984,low
Baião Destemperado,Barbatuques,23,brazilian,0.741,0.861,0.744,0.425,-8.305,95.715,low
Bate no Pandeiro,Ó Do Forró,17,brazilian,0.876,0.858,0.876,0.326,-5.342,93.022,low
Condução,Mariana Aydar,25,brazilian,0.698,0.754,0.687,0.0353,-6.593,147.918,low
Abc do Sertão,Bicho de Pé,14,brazilian,0.767,0.724,0.957,0.296,-5.734,108.081,low
Foguete,Mariana Aydar,32,brazilian,0.458,0.754,0.58,0.301,-9.117,135.853,low
Bença,Juliette,34,brazilian,0.427,0.639,0.637,0.225,-10.911,156.004,low
Me Embelezo,"Xaxado Novo, Bruno Duarte",17,brazilian,0.514,0.676,0.809,0.27,-8.775,143.027,low
Despedida,Thais Nogueira,21,brazilian,0.65,0.765,0.892,0.041,-6.822,129.958,low
Menina Mulher da Pele Preta,Forroçacana,37,brazilian,0.652,0.716,0.786,0.0572,-6.528,147.046,low
Baile de Luxo,Os Fulano,23,brazilian,0.827,0.742,0.961,0.181,-8.523,92.992,low
Tem Quem Reze por Mim,Trio Juazeiro,22,brazilian,0.717,0.631,0.96,0.552,-8.898,96.565,low
Saudade é Tempero de Vó,"Lucas Felix, Mestrinho",31,brazilian,0.626,0.46,0.747,0.348,-7.57,185.213,low
Mexe pra Gente Ver,Quininho De Valente,18,brazilian,0.901,0.805,0.982,0.316,-4.647,100.501,low
Quer Mais um Pouquinho,Ó Do Forró,20,brazilian,0.892,0.847,0.94,0.263,-5.095,93.98,low
Tonelada de Forró,Trio Alvorada,25,brazilian,0.87,0.768,0.974,0.546,-4.65,94.961,low
Seu Siriri,Trio Dona Zefa,16,brazilian,0.895,0.823,0.937,0.413,-7.042,97.003,low
Maria Forrozeira,Thais Nogueira,19,brazilian,0.926,0.755,0.968,0.0823,-4.922,98.04,low
Forró Perigoso,Diego Oliveira,16,brazilian,0.967,0.694,0.918,0.25,-5.241,193.967,low
Forró do Benedito,Trio Caeté,17,brazilian,0.849,0.758,0.738,0.488,-5.714,94.983,low
Matuto Aperreado,Luiz Gonzaga,13,brazilian,0.696,0.734,0.961,0.588,-8.354,97.018,low
Oh! Chuva,Falamansa,59,brazilian,0.404,0.666,0.775,0.39,-9.888,137.965,low
La Belle De Jour,Alceu Valença,53,brazilian,0.479,0.62,0.661,0.196,-9.888,104.83,low
Onde Está Você,"Elba Ramalho, Dominguinhos",38,brazilian,0.601,0.744,0.927,0.562,-10.082,157.243,low
Forró Nº 1 (feat. Gal Costa),"Luiz Gonzaga, Gal Costa",26,brazilian,0.975,0.697,0.806,0.186,-5.009,111.98,low
Quando Você Olha Pra Ela,Gal Costa,50,brazilian,0.59,0.761,0.895,0.454,-10.274,158.053,low
Você Não Entende Nada,Gal Costa,29,brazilian,0.641,0.563,0.819,0.685,-13.097,145.048,low
Camarão Que Dorme a Onda Leva,"Zeca Pagodinho, Dudu Nobre, Mumuzinho, Djavan, Sombrinha, Arlindo Cruz, Maria Rita, Péricles, Alcione, Emicida, Diogo Nogueira, Frejat, Monarco, VELHA GUARDA DA PORTELA, Almir Guineto, Rildo Hora, Roberta Sá, Lenine, Beth Carvalho, Marcelo D2",61,brazilian,0.694,0.723,0.739,0.313,-6.694,106.359,low
Esperando na janela,Gilberto Gil,59,brazilian,0.647,0.653,0.936,0.201,-7.028,156.28,low
Beijo Matador,Forró Bemtivi,18,brazilian,0.814,0.669,0.95,0.378,-6.262,96.03,low
O Canto Da Ema,Jackson Do Pandeiro,27,brazilian,0.773,0.7,0.965,0.406,-10.065,104.76,low
Matilde,Forroçacana,29,brazilian,0.874,0.748,0.962,0.276,-5.069,95.035,low
Vamos Todo Mundo pro Forró,Dois Dobrado,19,brazilian,0.951,0.743,0.969,0.579,-3.777,102.987,low
Cartomante,Pé de Mulambo,29,brazilian,0.592,0.846,0.565,0.324,-5.632,140.031,low
Táxi Lunar,Geraldo Azevedo,38,brazilian,0.47,0.655,0.577,0.237,-11.395,145.703,low
Boa Sorte / Good Luck (feat. Ben Harper),"Vanessa Da Mata, Ben Harper",62,brazilian,0.566,0.78,0.281,0.323,-9.289,111.019,low
Forró no Malagueta,Forroçacana,32,brazilian,0.92,0.808,0.973,0.211,-5.508,98.057,low
Que seja,"Bicho de Pé, Janayna Pereira",36,brazilian,0.493,0.609,0.761,0.176,-6.557,161.492,low
Vou Te Namorar,Dois Dobrado,34,brazilian,0.631,0.696,0.926,0.346,-4.541,150.007,low
Eu e você,"Bicho de Pé, Janayna Pereira",33,brazilian,0.532,0.591,0.527,0.614,-5.712,143.458,low
Bola De Meia,Forroçacana,32,brazilian,0.585,0.715,0.895,0.165,-6.753,154.147,low
Medo de Escuro,Falamansa,47,brazilian,0.413,0.506,0.732,0.08,-10.538,76.184,low
Samarina,Chama Chuva,36,brazilian,0.773,0.642,0.962,0.324,-6.108,82.542,low
Me Chamo Forró,Ó Do Forró,30,brazilian,0.769,0.693,0.35,0.114,-5.903,88.03,low
Namoro,Rastapé,25,brazilian,0.452,0.363,0.531,0.417,-10.288,92.055,low
Eu Só Quero Um Xodó,Bicho de Pé,32,brazilian,0.609,0.709,0.613,0.164,-8.493,98.011,low
E Eu?,Gisele De Santi,21,brazilian,0.526,0.559,0.761,0.564,-13.468,80.029,low
Sapatilha 37,Guentaê!,44,brazilian,0.632,0.635,0.96,0.293,-7.54,168.563,low
Agradar Você,Trio Potiguá,23,brazilian,0.854,0.637,0.9,0.323,-5.751,97.013,low
Numa Sala de Reboco,Elba Ramalho,32,brazilian,0.766,0.649,0.885,0.267,-7.065,166.989,low
Meu Cenario,Circulando De Fulo,35,brazilian,0.698,0.645,0.967,0.238,-6.177,168.05,low
Forró De Itaúnas,Chama Chuva,36,brazilian,0.748,0.621,0.96,0.522,-5.026,179.533,low
"O Sol, A Lis, E O Beija-Flor",Circulando De Fulo,37,brazilian,0.396,0.713,0.634,0.107,-9.448,127.194,low
Semelhantes,Peixelétrico,28,brazilian,0.602,0.604,0.663,0.28,-6.619,166.074,low
Aşkının Ederi Bu Mu,"Shawty, Ayaz Erdoğan",48,turkish,0.877,0.812,0.793,0.305,-5.625,122.042,low
Ne Olur,"Bilal Sonses, Merve Özbey",56,turkish,0.884,0.756,0.721,0.296,-5.698,169.903,low
Kül Kedisi,Bengü,56,turkish,0.831,0.721,0.768,0.00583,-5.546,124.031,low
İstanbul'da,İlyas Yalçıntaş,37,turkish,0.617,0.486,0.554,0.235,-6.441,164.22,low
Geçen Yıl,Saide Guliyeva,32,turkish,0.797,0.635,0.389,0.0157,-4.958,111.949,low
Ama Yine Sen,Burak Bulut,63,turkish,0.67,0.519,0.278,0.321,-6.134,150.234,low
İki Taraf,Sezer Sarıgöz,49,turkish,0.72,0.664,0.953,0.762,-9.288,93.928,low
Kaybeden Hep Bendim,Kerim Araz,45,turkish,0.588,0.555,0.503,0.682,-10.181,80.144,low
Rakıya Meze Olalım,"Zara, Burak Bulut, Kurtuluş Kuş",57,turkish,0.421,0.602,0.497,0.411,-10.992,170.108,low
Gittiğini Kabullenemem,Rollen,35,turkish,0.639,0.674,0.221,0.0504,-8.087,100.06,low
Kimim Ben,"Fredo, Defkhan, Rollen, Aysemen",45,turkish,0.622,0.791,0.405,0.32,-6.464,119.992,low
Damla,Hande Yener,52,turkish,0.759,0.751,0.483,0.0611,-8.001,120.013,low
Yangın - Akustik,Hande Ünsal,42,turkish,0.563,0.625,0.376,0.0626,-7.802,90.024,low
Yeniden Sevemem,"Kurtuluş Kuş, Burak Bulut",54,turkish,0.869,0.761,0.494,0.0851,-3.899,110.052,low
Hayatın Kollarında,"Samet Kardeşler, Sıla Şahin",57,turkish,0.524,0.739,0.214,0.303,-6.943,96.995,low
Zar Zor,Ayaz Erdoğan,52,turkish,0.625,0.776,0.784,0.171,-5.18,143.981,low
YAKTIN,"Ilker James, Ayaz Erdoğan",56,turkish,0.665,0.656,0.605,0.177,-7.696,180.019,low
Azar Azar,EDIS,65,turkish,0.712,0.632,0.509,0.176,-4.494,96.968,low
Gecelere,"Eda Sakız, Siyam",50,turkish,0.654,0.615,0.287,0.304,-7.011,144.978,low
Uslanmaz,"Samet Kardeşler, Sıla Şahin",55,turkish,0.663,0.718,0.857,0.204,-5.722,80.013,low
Anılara Dalarız,"Ebru Yaşar, Burak Bulut, Kurtuluş Kuş",65,turkish,0.579,0.721,0.331,0.429,-5.796,87.963,low
TE QUIERO,"Murda, Dhurata Dora",50,turkish,0.574,0.887,0.964,0.0724,-5.239,140.008,low
Zümrüdüankam,Merve Özbey,52,turkish,0.884,0.785,0.51,0.111,-4.653,120.018,low
ABART,Ece Mumay,40,turkish,0.925,0.673,0.418,0.0296,-5.192,106.034,low
Hoşuna Gidiyo,"Aleyna Tilki, Zeki Arkun",47,turkish,0.705,0.62,0.377,0.161,-5.789,142.947,low
Yarem,"Burak Bulut, Kurtuluş Kuş",60,turkish,0.835,0.764,0.591,0.22,-4.102,113.336,low
Hallederiz,Sezer Sarıgöz,45,turkish,0.548,0.704,0.642,0.167,-10.151,107.998,low
Dedikodu,"Ayaz Erdoğan, Shawty",56,turkish,0.532,0.816,0.258,0.218,-5.634,136.882,low
İhtimal,Mustafa Sandal,48,turkish,0.948,0.711,0.625,0.0757,-3.751,104.956,low
Eriyorum Günden Güne,Burak Bulut,61,turkish,0.848,0.656,0.54,0.627,-5.293,106.076,low
Dilber,İdo Tatlıses,43,turkish,0.728,0.678,0.69,0.241,-6.291,125.978,low
Neden Anlamadın Beni?,Reynmen,48,turkish,0.746,0.765,0.751,0.0729,-5.917,114.997,low
Yabani - Şehrazat Bir Ömrün Hikayesi,Derya Uluğ,61,turkish,0.731,0.746,0.328,0.128,-4.741,115.918,low
Sana İhtiyacım Var,"Olga Napoli, Mustafa Sandal",36,turkish,0.868,0.73,0.85,0.00779,-5.779,117.973,low
Kadehimi Boş Bırakma,Ezhel,51,turkish,0.76,0.779,0.442,0.398,-4.048,90.07,low
Kayboldum,Siyam,45,turkish,0.604,0.544,0.448,0.367,-7.851,159.992,low
Gəl,Çinarə Məlikzadə,31,turkish,0.769,0.79,0.474,0.104,-7.331,124.016,low
Yanıbaşımda,Sefo,44,turkish,0.667,0.741,0.454,0.103,-6.088,128.09,low
Senden Hatıra,"Kerim Araz, Sevgim Yılmaz",49,turkish,0.546,0.587,0.314,0.368,-7.833,80.048,low
Sensin Bana Yar,Umut Timur,34,turkish,0.782,0.5,0.356,0.117,-6.208,125.538,low
2017,M Lisa,56,turkish,0.598,0.695,0.376,0.33,-8.186,90.029,low
DAMLALAR,M Lisa,62,turkish,0.562,0.595,0.419,0.767,-9.295,83.007,low
Katran,Ece Mumay,36,turkish,0.782,0.817,0.511,0.318,-6.38,104.966,low
Harla,"Rabia Tunçbilek, Amo988",38,turkish,0.794,0.729,0.803,0.527,-4.796,95.018,low
Tattım Ölümü,Ahmet Can Dündar,49,turkish,0.574,0.586,0.322,0.465,-9.814,118.926,low
Hadi Yavrum,"Sinan Akçıl, Ferah Zeydan",42,turkish,0.913,0.545,0.738,0.293,-5.157,200.035,low
Elfida,"Burak Bulut, Kurtuluş Kuş",44,turkish,0.432,0.721,0.303,0.319,-9.865,173.921,low
Yo,Tarkan,52,turkish,0.795,0.707,0.244,0.00945,-5.452,96.996,low
DÜŞLERİM,Aleyna Kalaycıoğlu,34,turkish,0.624,0.807,0.565,0.201,-8.069,96.986,low
Sevda,Umut Timur,36,turkish,0.7,0.814,0.643,0.363,-5.221,104.973,low
Uykularından Ol,Doğu Swag,39,turkish,0.864,0.639,0.481,0.572,-5.865,140.022,low
Kibir,Tuna Taşkın,28,turkish,0.67,0.639,0.295,0.516,-7.168,129.98,low
Vur Patlasın,Kurtuluş Kuş,40,turkish,0.865,0.749,0.69,0.116,-4.372,95.138,low
Cennet,Reynmen,61,turkish,0.678,0.726,0.697,0.201,-4.856,101.98,low
Hayat Oyunu,Hadise,59,turkish,0.621,0.629,0.474,0.12,-6.592,140.095,low
Tek Başıma,Semicenk,66,turkish,0.566,0.52,0.28,0.138,-5.994,180.014,low
Sensiz,Siyam,47,turkish,0.592,0.683,0.374,0.274,-8.082,144.136,low
Söyleme,Simge,49,turkish,0.757,0.513,0.358,0.00881,-6.025,99.869,low
GÜZEL VE İDDİALI,BLOK3,63,turkish,0.902,0.755,0.33,0.2,-4.122,99.958,low
BAL,Gülşen,67,turkish,0.863,0.681,0.418,0.00226,-5.517,100.038,low
Kendime,Gökçe Kırgız Taner,28,turkish,0.734,0.766,0.65,0.14,-5.053,127.993,low
Tavrına Hayran,"Reynmen, Bilal Sonses",60,turkish,0.616,0.692,0.356,0.51,-6.82,107.081,low
Yaka Yaka,"Mustafa Ceceli, Rabia Tunçbilek",42,turkish,0.788,0.829,0.741,0.329,-5.473,117.899,low
Princess of Persia,Faolan,29,arabic,0.431,0.479,0.302,0.516,-12.056,174.103,low
Haunting Desert,Invadable Harmony,20,arabic,0.148,0.196,0.0317,0.972,-19.652,81.927,low
"Egypt Unveiled, Pt. I","Hossam Ramzy, Phil Thornton",35,arabic,0.302,0.248,0.0337,0.336,-17.76,64.665,low
Desert Traces,Two Worlds II,23,arabic,0.235,0.449,0.039,0.831,-16.364,100.012,low
Greek Summer,"Thomas Konstantinou, Michalis Koumbios",32,arabic,0.506,0.714,0.782,0.864,-8.838,79.985,low
The Desert Bazaar,John Robert Matz,25,arabic,0.235,0.316,0.057,0.82,-17.639,78.272,low
Wandering,Monica Williams,25,arabic,0.261,0.165,0.0398,0.986,-16.199,90.583,low
Sahara Sunrise,John Grout,21,arabic,0.47,0.639,0.0358,0.373,-11.969,109.986,low
The Orient Is Calling,"Heiko Streicher, Stefan Heinz",23,arabic,0.817,0.53,0.358,0.113,-10.412,93.005,low
Nubia Nur,Lars-Luis Linek,23,arabic,0.5,0.784,0.4,0.657,-13.217,89.981,low
Exotic Cairo,Egyptian Meditation Temple,18,arabic,0.561,0.653,0.779,0.586,-10.629,163.955,low
Desert Sphinx,Brandon Fiechter,26,arabic,0.289,0.508,0.469,0.766,-18.008,102.012,low
"The Prince Of Persia - From ""Prince of Persia: The Sands of Time""/Score",Harry Gregson-Williams,29,arabic,0.381,0.29,0.0378,0.555,-17.713,91.59,low
Atlantis of the Sands,Greg Edmonson,27,arabic,0.472,0.415,0.067,0.205,-11.089,140.976,low
Eastern Falvours,Two Worlds II,20,arabic,0.309,0.587,0.494,0.9,-15.068,92.067,low
The Nile River,Brandon Fiechter,28,arabic,0.405,0.163,0.124,0.849,-12.678,99.632,low
Enchanted Palace,Adrian Von Ziegler,23,arabic,0.177,0.593,0.101,0.933,-14.415,89.951,low
TEMPTATION,Joey Bada$$,66,hip-hop,0.707,0.775,0.78,0.397,-5.339,104.979,low
Nikes on My Feet,Mac Miller,67,hip-hop,0.57,0.801,0.565,0.559,-5.103,92.058,low
Drunken Sailor,The Irish Rovers,58,folk,0.897,0.668,0.955,0.626,-5.135,121.855,low
Come Out Ye Black & Tans,The Wolfe Tones,50,folk,0.39,0.687,0.704,0.8,-14.679,99.425,low
Leave Her Johnny,"Sean Dagher, Nils Brown, Michiel Schrey, Assassin's Creed",58,folk,0.27,0.712,0.728,0.935,-4.382,120.416,low
Star Of The County Down,The High Kings,35,folk,0.662,0.769,0.911,0.395,-6.199,110.967,low
I'm Shipping Up To Boston,Dropkick Murphys,67,folk,0.928,0.452,0.6,0.000706,-3.133,129.188,low
Morrison's Jig,Orthodox Celts,40,folk,0.476,0.62,0.739,0.251,-8.544,115.956,low
Don't Care,Wizkid,42,ambient,0.703,0.816,0.834,0.0354,-7.665,102.954,low
It Hurts,"Johnny Drille, Don Jazzy",43,ambient,0.602,0.771,0.406,0.0795,-5.482,102.02,low
Time,Wizkid,46,ambient,0.569,0.84,0.771,0.331,-6.064,95.033,low
INTOXYCATED,"Oxlade, Dave",55,ambient,0.693,0.728,0.571,0.105,-4.647,104.91,low
Lose,Wizkid,41,ambient,0.69,0.688,0.768,0.499,-8.295,170.001,low
Awolowo - Remix,"Fido, Tiwa Savage",59,ambient,0.464,0.72,0.381,0.0567,-10.661,111.103,low
Slow (feat. Anaïs Cardot),"Wizkid, Anaïs Cardot",42,ambient,0.38,0.511,0.645,0.606,-11.058,88.993,low
Pinterest,"Phyno, NSG",48,ambient,0.838,0.522,0.872,0.379,-4.652,93.258,low
Break Me Down,Wizkid,45,ambient,0.627,0.633,0.535,0.171,-5.478,97.449,low
Hello Habibi,"Olamide, Russ",39,ambient,0.867,0.52,0.143,0.235,-5.878,120.646,low
Bad For You (feat. Jazmine Sullivan),"Wizkid, Jazmine Sullivan",43,ambient,0.888,0.745,0.881,0.108,-4.193,91.991,low
Double Tap,"Zoro Swagbag, Klem",41,ambient,0.868,0.533,0.777,0.147,-1.919,85.422,low
hell and back,Fireboy DML,60,ambient,0.683,0.59,0.49,0.0664,-6.347,196.014,low
A Million Blessings,Wizkid,45,ambient,0.635,0.478,0.0717,0.437,-8.055,102.955,low
Count My Blessings,Johnny Drille,43,ambient,0.819,0.788,0.752,0.567,-5.278,120.004,low
Pray,Wizkid,43,ambient,0.883,0.776,0.474,0.0403,-4.793,102.988,low
Pano Tona,"Kizz Daniel, Adekunle Gold",61,ambient,0.727,0.825,0.935,0.264,-6.273,111.923,low
Bad Girl (feat. Asake),"Wizkid, Asake",49,ambient,0.622,0.878,0.644,0.0369,-5.452,111.998,low
Believe Me,"Johnny Drille, Don Jazzy",42,ambient,0.763,0.75,0.694,0.0659,-5.722,99.986,low
We Must,"Kizz Daniel, Thyself",49,ambient,0.76,0.591,0.734,0.455,-6.331,89.834,low
Santorini,Seyi Vibez,55,ambient,0.703,0.669,0.762,0.0788,-6.113,108.123,low
OMFTR,"Show Dem Camp, The Cavemen., Obongjayar, Nsikak David",34,ambient,0.77,0.825,0.418,0.0958,-8.136,109.004,low
Sweet Karma,"Phyno, Johnny Drille",46,ambient,0.892,0.442,0.749,0.31,-6.915,200.678,low
PUFF PUFF,"M.anifest, The Cavemen., Flea",40,ambient,0.605,0.769,0.674,0.501,-8.49,109.986,low
COMPOZURE,Timaya,29,ambient,0.55,0.756,0.457,0.174,-13.78,105.021,low
I Swear,Asake,58,ambient,0.72,0.847,0.789,0.309,-6.023,115.001,low
iseoluwa,Fireboy DML,62,ambient,0.792,0.795,0.692,0.337,-5.589,112.988,low
OLAITAN - OLAOLUWA,Oxlade,47,ambient,0.572,0.525,0.647,0.495,-8.081,130.378,low
Blessings,"Show Dem Camp, The Cavemen., Moelogo, Nsikak David",36,ambient,0.374,0.611,0.167,0.892,-11.248,95.855,low
Suru (feat. Stormzy),"Asake, Stormzy",63,ambient,0.754,0.763,0.592,0.256,-5.538,115.099,low
BLESSED,"Oxlade, Popcaan",44,ambient,0.386,0.558,0.154,0.0798,-8.742,120.349,low
Burning,Tems,67,ambient,0.293,0.831,0.419,0.378,-8.047,92.007,low
No Love In Lagos,"Show Dem Camp, The Cavemen., Nsikak David",36,ambient,0.259,0.59,0.596,0.272,-21.72,126.599,low
letting go,"Fireboy DML, Lojay",55,ambient,0.731,0.749,0.55,0.204,-5.386,105.918,low
Sudden Day,"Show Dem Camp, The Cavemen., Nsikak David",30,ambient,0.55,0.693,0.258,0.0265,-10.357,94.978,low
LIVE- STYLE,Timaya,25,ambient,0.569,0.791,0.494,0.309,-9.972,101.981,low
Risk,Victony,66,ambient,0.685,0.743,0.555,0.113,-7.981,154.07,low
Ouu wee (brown),Mannywellz,26,ambient,0.498,0.784,0.761,0.251,-6.349,139.945,low
Fall,"Show Dem Camp, The Cavemen., Nsikak David",35,ambient,0.522,0.816,0.643,0.65,-12.409,104.951,low
Wickedest,Tems,65,ambient,0.418,0.848,0.598,0.371,-7.846,81.921,low
ecstasy (feat. Seun Kuti),"Fireboy DML, Seun Kuti",53,ambient,0.722,0.644,0.613,0.0363,-6.43,179.957,low
Energy,Niniola,21,ambient,0.62,0.527,0.53,0.495,-7.649,179.918,low
OVAMI,"Oxlade, Flavour",42,ambient,0.605,0.472,0.7,0.331,-7.633,94.774,low
Train,"Show Dem Camp, The Cavemen., Ruti, Nsikak David",36,ambient,0.539,0.722,0.591,0.752,-11.319,128.713,low
My Heart,Asake,61,ambient,0.424,0.537,0.455,0.736,-9.199,100.51,low
Therapy Session,"Boj, Gyakie",29,ambient,0.339,0.485,0.667,0.777,-10.679,123.425,low
Lagos,Seyi Vibez,58,ambient,0.649,0.495,0.53,0.573,-6.789,94.482,low
ready,"Fireboy DML, Jon Batiste",51,ambient,0.227,0.561,0.149,0.947,-9.946,119.796,low
Worldwide,Asake,66,ambient,0.425,0.533,0.464,0.692,-8.427,81.084,low
BROTHER,"Ashidapo, Asake",46,ambient,0.596,0.596,0.114,0.338,-7.727,112.962,low
Why,"Show Dem Camp, The Cavemen., Nsikak David",30,ambient,0.547,0.83,0.495,0.69,-9.642,89.97,low
Gbemidebe,"Boj, Ajebutter22",37,ambient,0.476,0.637,0.572,0.504,-8.968,193.883,low
Johni,"Show Dem Camp, The Cavemen., Nsikak David",23,ambient,0.494,0.739,0.476,0.0979,-10.656,103.091,low
Hello Habibi,Olamide,55,ambient,0.699,0.621,0.49,0.437,-5.164,66.953,low
Abu Dhabi,Seyi Vibez,51,ambient,0.767,0.758,0.743,0.706,-8.568,104.998,low
My Dealer,"KAESTYLE, Omah Lay",62,ambient,0.661,0.769,0.843,0.585,-5.505,127.484,low
Doha,Seyi Vibez,66,ambient,0.691,0.534,0.343,0.421,-8.121,203.894,low
"Synchro System (feat. Pheelz, Young Jonn & Lil Kesh)","Olamide, Pheelz, Young Jonn, Lil Kesh",52,ambient,0.737,0.623,0.409,0.464,-5.721,160.817,low
Skating,Asake,59,ambient,0.59,0.621,0.421,0.0546,-6.852,113.2,low
Buga,"Show Dem Camp, The Cavemen., Tim Lyre, Nsikak David",34,ambient,0.611,0.631,0.543,0.563,-8.925,97.903,low
back n forth,"Fireboy DML, Lagbaja",59,ambient,0.778,0.82,0.878,0.253,-4.57,112.946,low
Ligali,Asake,59,ambient,0.841,0.826,0.744,0.0402,-5.724,124.0,low
Stubborn (with Asake),"Victony, Asake",56,ambient,0.663,0.8,0.863,0.453,-9.608,109.979,low
Soh-Soh,Odeal,66,ambient,0.549,0.776,0.679,0.0578,-14.509,95.021,low
"Ba$tard, Don't Be Silly",Victony,50,ambient,0.757,0.786,0.879,0.416,-8.05,109.986,low
Whine,"Asake, LUDMILLA",56,ambient,0.847,0.765,0.794,0.128,-1.832,92.97,low
Devil Wears White,"Larry Gaaga, Patoranking, ODUMODUBLVCK",54,ambient,0.745,0.489,0.665,0.414,-5.454,67.818,low
"APALA DISCO (feat. Wizkid, Seyi Vibez & Terry Apala) - Remix","DJ Tunez, Wizkid, Seyi Vibez, Terry Apala",60,ambient,0.656,0.77,0.874,0.299,-8.798,97.951,low
Open Bareta,"Skiibii, Don Jazzy",34,ambient,0.61,0.827,0.92,0.397,-6.672,127.086,low
Salt,Dai Verse,49,ambient,0.715,0.629,0.541,0.0913,-7.226,106.082,low
Hallelujah (feat. Lojay),"Giggs, Lojay",33,ambient,0.721,0.482,0.683,0.181,-7.642,60.742,low
Hold On,Tems,50,ambient,0.564,0.72,0.765,0.27,-11.816,95.005,low
Normally (feat. NSG),"JAE5, NSG",40,ambient,0.52,0.951,0.668,0.225,-6.919,111.036,low
Lagos Love Story,Ayra Starr,46,ambient,0.633,0.502,0.466,0.253,-6.215,99.127,low
American Love,Qing Madi,63,ambient,0.786,0.415,0.458,0.379,-5.604,192.408,low
Pana,Tekno,52,ambient,0.553,0.553,0.664,0.305,-6.818,72.949,low
Goodbye (Warm Up)(feat. Asake),"Ayra Starr, Asake",57,ambient,0.79,0.654,0.758,0.00626,-5.507,135.915,low
Showa,Kizz Daniel,63,ambient,0.562,0.772,0.885,0.776,-7.431,96.234,low
Hallelujah,"LADIPOE, Rozzz, Morrelo",38,ambient,0.745,0.581,0.624,0.196,-5.121,56.957,low
TECHNICIAN (feat. Blaqbonez & Lekaa Beats),"ODUMODUBLVCK, Blaqbonez, Lekaa Beats",54,ambient,0.587,0.796,0.585,0.208,-8.539,112.029,low
Merrily,Lamii,25,ambient,0.671,0.74,0.863,0.197,-5.286,103.126,low
Steeze,Skiibii,33,ambient,0.71,0.843,0.448,0.0739,-4.809,109.922,low
Dey,Shallipopi,41,ambient,0.586,0.52,0.476,0.556,-7.895,66.009,low
Sensational (feat. Davido & Lojay),"Chris Brown, Davido, Lojay",60,ambient,0.611,0.774,0.808,0.108,-7.077,100.011,low
Free Fall (feat. J. Cole),"Tems, J. Cole",65,ambient,0.529,0.744,0.795,0.469,-6.559,92.044,low
Control,Ayra Starr,47,ambient,0.793,0.8,0.635,0.242,-5.066,102.053,low
Ilashe,"Ruger, Bnxn",61,ambient,0.754,0.811,0.451,0.0372,-6.868,115.02,low
POE,"Ruger, Bnxn",55,ambient,0.652,0.78,0.577,0.64,-6.548,113.988,low
High Tension,Shallipopi,58,ambient,0.811,0.785,0.501,0.159,-5.477,113.09,low
ASAP,Shallipopi,57,ambient,0.827,0.617,0.682,0.155,-5.896,89.163,low
NYEM EGO (feat. Jeriq),"Blaqbonez, Jeriq",49,ambient,0.876,0.746,0.93,0.568,-5.972,112.47,low
Oil in my Head,Black Sherif,58,ambient,0.562,0.807,0.259,0.264,-7.782,121.958,low
Dreams II,"Ajebo Hustlers, Zlatan, Blaqbonez",41,ambient,0.668,0.868,0.612,0.164,-6.096,102.06,low
Zuzulakate,"Mr Eazi, Joeboy",23,ambient,0.573,0.734,0.0673,0.0706,-8.413,91.875,low
January 9th,Black Sherif,46,ambient,0.778,0.578,0.318,0.147,-5.672,94.079,low
AREA BOYZ PRAYER (feat. Seyi Vibez),"NSG, Seyi Vibez",40,ambient,0.625,0.527,0.458,0.349,-4.528,66.494,low
WOTOWOTO SEASONING (feat. Black Sherif),"ODUMODUBLVCK, Black Sherif",65,ambient,0.528,0.584,0.283,0.658,-8.829,102.067,low
Normal,Burna Boy,46,ambient,0.721,0.631,0.801,0.468,-7.435,68.196,low
100,Shallipopi,50,ambient,0.744,0.826,0.544,0.0688,-6.382,96.033,low
Maximum Damage (feat. Headie One),"Bnxn, Headie One",47,ambient,0.681,0.619,0.507,0.569,-6.108,137.444,low
6 BUSINESS DAYS (feat. Projexx),"Blaqbonez, Projexx",37,ambient,0.484,0.653,0.23,0.112,-6.337,60.83,low
SIMMER DOWN,Black Sherif,50,ambient,0.6,0.708,0.549,0.749,-7.874,138.775,low
CORLEONE (feat. ODUMODUBLVCK & Steel Banglez),"NSG, Steel Banglez, ODUMODUBLVCK",45,ambient,0.658,0.599,0.56,0.34,-6.644,135.987,low
APALA DISCO,"DJ Tunez, Terry Apala",47,ambient,0.633,0.786,0.954,0.178,-11.602,97.995,low
Òròkórò,"Mr Eazi, Angelique Kidjo",22,ambient,0.753,0.636,0.763,0.13,-7.133,104.151,low
NA MONEY (feat. The Cavemen. & Angélique Kidjo),"Davido, The Cavemen., Angelique Kidjo",49,ambient,0.774,0.668,0.63,0.175,-6.099,180.04,low
Jamboree,"Mr Eazi, Tekno",23,ambient,0.6,0.661,0.701,0.301,-7.71,205.737,low
Dey Play,Burna Boy,47,ambient,0.547,0.674,0.752,0.102,-5.931,65.517,low
Fefe Ne Fefe,Mr Eazi,20,ambient,0.686,0.762,0.746,0.189,-6.05,105.028,low
Anything for Love,Blackmagic,20,ambient,0.706,0.877,0.609,0.632,-7.802,99.964,low
KILO,Blaqbonez,35,ambient,0.881,0.751,0.6,0.218,-3.802,116.78,low
COMMEND,ODUMODUBLVCK,56,ambient,0.586,0.574,0.646,0.125,-9.202,133.693,low
If I'm Lying,Burna Boy,43,ambient,0.384,0.355,0.775,0.565,-8.438,75.961,low
TESLA BOY (feat. Blaqbonez),"ODUMODUBLVCK, Blaqbonez",43,ambient,0.535,0.924,0.684,0.05,-8.105,110.004,low
My G,Kizz Daniel,56,ambient,0.662,0.808,0.769,0.397,-3.906,103.039,low
"Chop Time, No Friend",Mr Eazi,40,ambient,0.654,0.878,0.629,0.0933,-6.934,100.001,low
Jinja,Olamide,61,ambient,0.735,0.898,0.403,0.113,-7.374,95.992,low
KUBOLOR (feat. Amaarae),"ODUMODUBLVCK, Amaarae",53,ambient,0.721,0.571,0.751,0.329,-7.399,105.935,low
Exit,"Mr Eazi, Soweto Gospel Choir",22,ambient,0.83,0.531,0.662,0.00424,-5.397,97.766,low
On Form,Burna Boy,48,ambient,0.792,0.846,0.643,0.0219,-5.725,103.016,low
Mandela,Mr Eazi,19,ambient,0.503,0.909,0.146,0.175,-7.243,97.046,low
Final Answer (feat. Popcaan),"Bnxn, Popcaan",42,ambient,0.57,0.547,0.325,0.44,-7.687,159.909,low
"Tested, Approved & Trusted",Burna Boy,51,ambient,0.482,0.814,0.646,0.16,-9.977,92.954,low
MASQUERADE (feat. M24),"Blaqbonez, M24",34,ambient,0.71,0.85,0.667,0.175,-5.555,109.307,low
City Boys,Burna Boy,60,ambient,0.616,0.825,0.596,0.0652,-7.585,100.008,low
SHUT IT DOWN,"LADIPOE, Chocobantis",26,ambient,0.798,0.553,0.429,0.0993,-5.856,155.313,low
Advice,Mr Eazi,23,ambient,0.609,0.714,0.631,0.393,-5.886,106.311,low
Omo Eko,Adekunle Gold,30,ambient,0.742,0.834,0.501,0.428,-6.237,107.038,low
BLOOD ON THE DANCE FLOOR (feat. Bloody Civilian and Wale),"ODUMODUBLVCK, Bloody Civilian, Wale",62,ambient,0.838,0.687,0.79,0.261,-6.417,111.984,low
Start Am,Shallipopi,36,ambient,0.692,0.828,0.417,0.55,-9.785,113.013,low
DOLLERZ (feat. ODUMODUBLVCK),"Blaqbonez, ODUMODUBLVCK",47,ambient,0.821,0.654,0.2,0.163,-4.232,167.044,low
Regret (feat. 2Baba),"Bnxn, 2Baba",54,ambient,0.69,0.58,0.672,0.187,-6.897,114.633,low
LIKE ICE SPICE,Blaqbonez,43,ambient,0.582,0.72,0.804,0.126,-7.854,178.943,low
TONIGHT (feat. Libianca & Jae5),"NSG, Libianca, JAE5",46,ambient,0.626,0.829,0.716,0.508,-6.412,96.036,low
AZONTO,NSG,26,ambient,0.525,0.62,0.958,0.207,-7.344,118.491,low
Cheat On Me (feat. Dave),"Burna Boy, Dave",44,ambient,0.649,0.738,0.677,0.119,-5.511,98.003,low
Big 7,Burna Boy,32,ambient,0.879,0.648,0.624,0.117,-6.67,94.77,low
FYN,"Rema, AJ Tracey",34,ambient,0.646,0.596,0.591,0.255,-8.083,95.464,low
Blood Is Thicker,Kizz Daniel,33,ambient,0.536,0.837,0.812,0.481,-5.05,103.999,low
Best Of Me,Bnxn,50,ambient,0.612,0.741,0.496,0.204,-7.327,100.245,low
Celebrate,Olamide,41,ambient,0.647,0.719,0.471,0.174,-7.332,90.012,low
Hardcore,Olamide,32,ambient,0.746,0.819,0.23,0.0692,-6.087,132.852,low
Talibans II,"Burna Boy, Byron Messia",35,ambient,0.511,0.925,0.554,0.241,-6.805,102.935,low
PICANTO,"ODUMODUBLVCK, Zlatan, ECko Miles",44,ambient,0.563,0.703,0.66,0.179,-7.251,62.624,low
Sittin' On Top Of The World,Burna Boy,40,ambient,0.849,0.783,0.693,0.0264,-4.284,98.044,low
BEZOS,Blaqbonez,24,ambient,0.632,0.799,0.57,0.132,-7.234,95.907,low
Shibebe,"Olamide, Fireboy DML",39,ambient,0.612,0.786,0.415,0.161,-5.556,113.133,low
Say My Name,Bnxn,42,ambient,0.533,0.505,0.391,0.187,-9.234,123.176,low
Ngozi,"Crayon, Ayra Starr",65,ambient,0.594,0.58,0.52,0.162,-7.229,114.748,low
Normally,"Joeboy, Bnxn, ODUMODUBLVCK",50,ambient,0.358,0.727,0.31,0.337,-9.078,94.85,low
Olorun,Asake,51,ambient,0.365,0.461,0.294,0.8,-10.537,113.009,low
No Worries,Olamide,36,ambient,0.808,0.747,0.488,0.155,-6.115,111.993,low
HIGHER,Patoranking,29,ambient,0.872,0.424,0.713,0.0947,-4.953,76.228,low
Sunshine,Asake,53,ambient,0.82,0.776,0.576,0.258,-8.071,115.046,low
GWAGWALADA,"Bnxn, Kizz Daniel, Seyi Vibez",64,ambient,0.731,0.854,0.598,0.136,-5.568,113.018,low
Who Told You (feat. Drake),"J Hus, Drake",62,ambient,0.736,0.732,0.87,0.156,-4.607,76.656,low
Money & Love,Wizkid,42,ambient,0.813,0.791,0.845,0.213,-5.018,97.016,low
Kere,Adekunle Gold,24,ambient,0.608,0.803,0.667,0.101,-4.936,97.03,low
Thanks (feat. J. Cole),"Burna Boy, J. Cole",44,ambient,0.649,0.744,0.829,0.652,-6.669,93.04,low
Woodwork,Boj,21,ambient,0.592,0.727,0.769,0.345,-8.625,94.036,low
Streets (feat. T-Pain),"Wande Coal, T-Pain",24,ambient,0.715,0.85,0.637,0.409,-5.148,98.022,low
Yoga,Asake,42,ambient,0.707,0.476,0.606,0.394,-8.688,153.925,low
Plan B,M.I. Abaga,15,ambient,0.462,0.387,0.392,0.593,-10.109,77.421,low
Dues,Wande Coal,29,ambient,0.744,0.761,0.224,0.204,-5.198,140.057,low
Good Life {Freestyle},Zlatan,39,ambient,0.476,0.799,0.294,0.519,-8.935,100.008,low
Soak Garri,"Boj, Knucks, Tay Iwar",18,ambient,0.505,0.482,0.426,0.61,-8.063,80.332,low
Don't Feel Love,Wande Coal,23,ambient,0.542,0.693,0.482,0.0575,-5.665,185.812,low
Toxic,Bnxn,41,ambient,0.291,0.765,0.42,0.135,-13.997,183.909,low
Nobody Holy,Wande Coal,24,ambient,0.919,0.816,0.965,0.386,-3.352,149.935,low
No Option,"Boj, ODUMODUBLVCK",41,ambient,0.555,0.541,0.366,0.124,-7.738,61.256,low
HOV,Rema,46,ambient,0.647,0.663,0.691,0.338,-7.492,128.491,low
IN THE GARDEN (feat. Morravey),"Davido, Morravey",46,ambient,0.701,0.859,0.564,0.0816,-7.65,111.998,low
Let Them Know,Wande Coal,18,ambient,0.682,0.784,0.839,0.0725,-4.364,93.949,low
Nanny Riddim,Juls,20,ambient,0.854,0.679,0.629,0.0276,-4.896,160.044,low
Lock Up,"Nonso Amadi, Zinoleesky",33,ambient,0.594,0.835,0.645,0.248,-6.426,104.855,low
Charm,Rema,56,ambient,0.667,0.76,0.541,0.574,-6.957,96.058,low
Magician (feat. J Milla & Yung L),"Ice Prince, J-Milla, Yung L",22,ambient,0.557,0.931,0.501,0.0254,-7.029,108.018,low
22,JayO,63,ambient,0.821,0.534,0.509,0.693,-7.463,111.032,low
PICASSO (feat. Logos Olori),"Davido, Logos olori",42,ambient,0.611,0.704,0.749,0.58,-7.894,94.999,low
You Go Know,Ajebo Hustlers,32,ambient,0.743,0.727,0.431,0.366,-7.223,102.716,low
U (JUJU) (feat. Skepta),"Davido, Skepta",44,ambient,0.671,0.418,0.71,0.0473,-4.002,196.505,low
DECLAN RICE,ODUMODUBLVCK,44,ambient,0.779,0.69,0.633,0.0297,-6.113,93.564,low
FOR THE ROAD,Davido,53,ambient,0.574,0.831,0.579,0.0644,-5.329,133.112,low
Ballin,Pheelz,22,ambient,0.536,0.748,0.624,0.425,-4.702,96.803,low
Doldrums,Joseff Shields,53,ambient,0.000947,0.158,0.0325,0.986,-42.911,71.912,low
Cosmos,So Lis,51,ambient,0.00253,0.157,0.0369,0.956,-38.091,133.059,low
A Place For The Mind,n.i.g.h.t,53,ambient,0.000778,0.133,0.0464,0.953,-36.902,69.847,low
Simien,Petros Idris,52,ambient,0.00961,0.0602,0.0942,0.923,-34.583,64.154,low
Ceres,Ageena,53,ambient,0.0016,0.133,0.0315,0.851,-40.103,142.818,low
Times,Medi Mindler,54,ambient,0.00776,0.149,0.0409,0.991,-40.195,138.427,low
Renascence,Dreamlifter,50,ambient,0.0164,0.204,0.037,0.911,-45.193,138.053,low
Echoes,Leya Watson,57,ambient,0.0137,0.148,0.0382,0.972,-37.611,137.908,low
Incipits,Elviras,52,ambient,0.00478,0.0783,0.112,0.961,-37.274,80.186,low
Somnova,Reso Nata,45,ambient,0.0168,0.0914,0.0296,0.913,-37.17,68.643,low
Inner Self,Magnolia Dreams,54,ambient,0.0152,0.188,0.0435,0.973,-32.487,73.503,low
Nightlight,DEX 1200,49,ambient,0.0455,0.137,0.0388,0.863,-30.204,142.405,low
Breaking Silence,Sounding Cosmos,52,ambient,0.00438,0.14,0.0388,0.974,-44.145,70.706,low
Appearance,Nessa Wright,50,ambient,0.00949,0.142,0.049,0.993,-39.818,140.739,low
Circuting 417 Hz,Alembra,49,ambient,0.0117,0.159,0.035,0.841,-36.805,131.199,low
Subdue,Solen Taylor,49,ambient,0.0146,0.143,0.0548,0.862,-40.946,139.436,low
Kamala Whispers,Gerda Holmes,50,ambient,0.000487,0.0823,0.0349,0.976,-34.601,172.224,low
Cove,Mareina,48,ambient,0.00295,0.226,0.0347,0.967,-36.149,68.922,low
Eon,Luna Novina,48,ambient,0.000835,0.0668,0.0357,0.972,-38.7,74.578,low
Meander,Anders Schill Paulsen,45,ambient,0.00644,0.0631,0.0639,0.971,-34.111,69.321,low
Sapphire,Onedin,60,ambient,0.00158,0.152,0.04,0.969,-43.541,134.497,low
luminesce,Flyndon,47,ambient,0.0217,0.137,0.0974,0.951,-36.422,142.924,low
Exhale,Placidous,43,ambient,0.000816,0.148,0.267,0.952,-39.215,136.037,low
Sublimity,Aerial Lakes,54,ambient,0.0105,0.154,0.0514,0.958,-38.116,135.418,low
Creation,Astred,28,ambient,0.0111,0.167,0.0561,0.971,-35.209,70.526,low
Far Frontier,Mauri Zeen,46,ambient,0.0113,0.143,0.0398,0.962,-40.334,139.355,low
Sealand,Heno,32,ambient,0.00736,0.145,0.0369,0.99,-36.296,140.011,low
Everlasting,Alma Meris,47,ambient,0.00587,0.145,0.0371,0.95,-38.136,139.301,low
Chasing Infinity,The Endity,27,ambient,0.00747,0.195,0.0405,0.988,-38.997,73.896,low
Ancient Ruins,Slumber Boy,30,ambient,0.0324,0.0716,0.0368,0.94,-33.086,78.513,low
Expectations,different spaces,48,ambient,0.000952,0.185,0.0723,0.987,-43.296,69.919,low
Rossø,Ganlas,64,ambient,0.00725,0.121,0.0334,0.871,-38.789,71.939,low
Bondade,Adrian Eden,46,ambient,0.000539,0.152,0.0371,0.913,-35.475,134.125,low
Subdued,Calil,27,ambient,0.00375,0.117,0.0581,0.992,-40.669,65.669,low
Reconcile,Jan Garlow,61,ambient,0.000237,0.172,0.0383,0.973,-44.525,73.664,low
Noctis,Spatia Sonica,52,ambient,0.0294,0.159,0.0311,0.855,-33.472,136.585,low
Golden Light,J. Cartwright,46,ambient,0.00403,0.136,0.0835,0.951,-37.261,142.112,low
Echoes Divided,Bright Lens,63,ambient,0.00817,0.171,0.0355,0.99,-35.99,67.449,low
Aurora,So Lis,60,ambient,0.00081,0.151,0.0389,0.94,-36.747,134.584,low
Just Breath,Silence Concertos,45,ambient,0.0233,0.151,0.0321,0.942,-34.52,137.355,low
Chimenarius,Rosa Rogers,45,ambient,0.0808,0.22,0.0345,0.896,-24.81,61.999,low
Somniantes,Enma,66,ambient,0.0014,0.14,0.112,0.98,-41.294,140.078,low
"Nightscape, Pt. 1",Oceanic Voices,62,ambient,0.00898,0.148,0.0632,0.86,-39.959,137.553,low
Moments,Nova Ambia,45,ambient,0.00322,0.173,0.0345,0.938,-44.129,69.321,low
Everbloom,Aerial Lakes,44,ambient,0.00379,0.14,0.192,0.958,-38.183,140.649,low
Yoga,Cosmic Nuit,44,ambient,0.0557,0.127,0.0644,0.984,-30.658,71.766,low
Torpor Voices,Ayla Nenura,44,ambient,0.0173,0.0913,0.039,0.811,-41.648,77.551,low
Foundation,Matheo Lyon,61,ambient,0.000202,0.124,0.0346,0.97,-43.713,71.599,low
Timeless,Elm Lake,45,ambient,0.000546,0.135,0.0487,0.972,-43.098,141.408,low
Rosy,Misha Burton,44,ambient,0.000642,0.0589,0.424,0.961,-38.447,71.7,low
Moonlight Cicadas,Castorum,46,ambient,0.00145,0.146,0.0393,0.974,-41.989,137.261,low
Mahabharata,Mellow Line,52,ambient,0.00207,0.15,0.149,0.993,-45.66,71.505,low
Rapids,Evolutionists,44,ambient,0.01,0.161,0.038,0.948,-38.885,73.055,low
Animálico,Huma,66,ambient,0.00641,0.143,0.0539,0.969,-39.151,68.298,low
Radiance,Quiet Tones,44,ambient,0.021,0.195,0.145,0.978,-33.002,71.371,low
Connection,Latehours,49,ambient,0.00167,0.175,0.0367,0.99,-40.472,67.628,low
Ascension,Echoes of Embers,43,ambient,0.0037,0.14,0.141,0.838,-37.4,140.566,low
Aftermoon Nap,Whispered Dreams,43,ambient,0.00645,0.189,0.0487,0.967,-32.299,74.189,low
Gentle Insight,Parting Clouds,44,ambient,0.003,0.19,0.0588,0.987,-42.687,66.701,low
In Vain,Kouyou,62,ambient,0.0024,0.144,0.221,0.829,-36.669,137.633,low
Hyperbola,Map Of My Mind,48,ambient,0.00389,0.145,0.0407,0.977,-40.458,138.54,low
Sogniare,Darmian Coté,47,ambient,0.00311,0.0727,0.0374,0.944,-43.06,76.933,low
Evolving,Cthulhu Ramón,43,ambient,0.00223,0.0959,0.0389,0.964,-37.874,62.672,low
Favaloro,Zoniacs,43,ambient,0.00991,0.153,0.0387,0.977,-37.631,141.278,low
Nebbia,Luca Magliano,43,ambient,0.00911,0.0703,0.0742,0.961,-36.483,76.362,low
Millenia,Dominum Nominum,55,wellness,0.00204,0.148,0.117,0.986,-34.403,136.698,low
Tauri Verme,Aitne,55,wellness,0.00257,0.146,0.0358,0.975,-42.115,138.171,low
Quiescent State,Yoo Woon,54,wellness,0.00722,0.17,0.0372,0.952,-39.846,125.772,low
Heima,Ronja Mair,57,wellness,0.00398,0.0932,0.124,0.987,-37.295,85.993,low
Cometus,Noah Moon,61,wellness,0.00736,0.147,0.0399,0.961,-35.267,139.362,low
Restfulness,Zion Llama,60,wellness,0.0121,0.234,0.185,0.991,-34.604,71.632,low
Beyond Sleep,Heal Divisions,49,wellness,0.0198,0.178,0.0395,0.921,-37.017,66.825,low
Huzurlu,Aidin,55,wellness,0.0285,0.151,0.0871,0.96,-30.539,73.187,low
Desear,Julia Alvarez,58,wellness,0.00214,0.154,0.037,0.931,-41.74,131.992,low
One Drope On World,SWAMP&STAR,54,wellness,0.00131,0.151,0.0501,0.97,-46.911,136.573,low
Imaginations,Elijah Edwards,49,wellness,0.00913,0.179,0.0618,0.964,-38.302,71.341,low
Pembebasan,Waneesa,53,wellness,0.000323,0.181,0.0335,0.881,-38.693,73.109,low
Cosmic Enlightenment,Stepan Korolev,50,wellness,0.00555,0.166,0.0747,0.994,-38.28,68.571,low
Shaded Cosmos,Bright Lens,58,wellness,0.00489,0.135,0.089,0.976,-37.921,143.452,low
Pelagos,Counting Tides,52,wellness,0.00151,0.0764,0.0891,0.975,-36.955,173.15,low
Omegagigia,Galactica Pivot,58,wellness,0.00251,0.151,0.0546,0.977,-40.069,136.472,low
Come Wander,Wicker Whales,66,wellness,0.00838,0.182,0.0327,0.993,-34.11,67.955,low
Nom Mind,Aurora Dreamer,51,wellness,0.00116,0.166,0.0332,0.953,-42.865,69.044,low
Nightbreak,Ookean,51,wellness,0.00308,0.142,0.072,0.939,-37.775,139.117,low
Equinox,Laurent Emmmerling,49,wellness,0.00122,0.143,0.163,0.968,-36.993,139.652,low
Endlessly,Calmative,51,wellness,0.00143,0.145,0.0336,0.914,-35.782,137.138,low
Luminescent,Luna Novina,50,wellness,0.00218,0.137,0.0377,0.991,-40.358,68.426,low
Solituda,Deep Vibrations,51,wellness,0.00235,0.144,0.146,0.912,-34.679,138.192,low
The Source,SKEN,49,wellness,0.00203,0.143,0.0397,0.882,-33.389,138.376,low
Ephemara,Admira Mara,52,wellness,0.0033,0.0676,0.0368,0.968,-40.803,72.295,low
Hora Somni,Lavinium,66,wellness,0.00897,0.217,0.0379,0.973,-37.465,72.358,low
Earthly,Dhanura,48,wellness,0.00124,0.204,0.0738,0.987,-38.567,71.562,low
Villa Onieva,Two Nighthawks,47,wellness,0.00177,0.149,0.0316,0.97,-38.076,137.129,low
Luminescence,Author S,33,wellness,0.00404,0.154,0.0389,0.972,-41.411,135.785,low
Nejma,A.Z. Louna,33,wellness,0.00724,0.182,0.102,0.98,-34.524,72.04,low
Whispering Tides,Quiet Point,41,wellness,0.00418,0.169,0.0673,0.973,-38.049,72.675,low
Beginning,Georgia Vesper,48,wellness,0.0131,0.144,0.0369,0.948,-34.0,140.781,low
Quiet Lake,ZenithEcho,47,wellness,0.00185,0.149,0.0683,0.802,-37.398,136.52,low
Dust,Tristan Axvall,49,wellness,0.00175,0.138,0.0388,0.946,-41.831,140.224,low
Orbital,Tranquomo,47,wellness,0.0146,0.142,0.131,0.809,-33.083,141.779,low
Cycle of Emotions,Benjin Blund,47,wellness,0.000824,0.166,0.0323,0.991,-42.18,69.856,low
Equilibrium,Burgundy Skies,46,wellness,0.00948,0.188,0.0738,0.971,-37.23,67.237,low
Isolate My Soul,Stormfields,46,wellness,0.000438,0.143,0.0418,0.985,-39.3,137.949,low
Split Vision,Tim Eshin,46,wellness,0.001,0.162,0.0604,0.974,-43.033,128.553,low
Amaryllian,Lush Lotus,46,wellness,0.0066,0.15,0.0352,0.969,-39.007,137.276,low
Benevolent,Miriam van Steeg,65,wellness,0.00134,0.143,0.0382,0.948,-39.304,138.002,low
Aspiration,Silent Motions,46,wellness,0.000251,0.144,0.0552,0.813,-37.623,72.786,low
Pelagus,Solitary Sun,45,wellness,0.00106,0.183,0.0798,0.991,-39.798,137.063,low
Tempest,Chasing Storms,45,wellness,0.00165,0.144,0.0336,0.949,-38.522,138.002,low
Tranquillo,Escix V,47,wellness,0.00545,0.152,0.0513,0.984,-37.562,136.382,low
Abloom,Drishti,46,wellness,0.00591,0.153,0.0583,0.991,-38.108,67.999,low
Bountiful,Space Case Travel Inc.,50,wellness,0.00843,0.145,0.0501,0.982,-37.593,139.756,low
Let go,Nessa Wright,64,wellness,0.00511,0.138,0.0353,0.923,-42.851,142.247,low
Nattord,Eleonora Feldt,45,wellness,0.00177,0.162,0.0374,0.987,-38.093,68.359,low
Cavern,Lux Alba,45,wellness,0.0398,0.166,0.0365,0.768,-31.035,126.947,low
Tidal Energy,Månvarv,45,wellness,0.0117,0.198,0.0409,0.976,-36.387,68.367,low
Driftwood,Puddle of Head,48,wellness,0.00223,0.155,0.0362,0.957,-44.747,134.372,low
Placidus,Elvio Martín,50,wellness,0.00382,0.149,0.0423,0.915,-37.088,136.915,low
Aligne,Casiamty,47,wellness,0.000522,0.148,0.0578,0.968,-43.592,60.37,low
Quiet Dreams,Astred,49,wellness,0.0243,0.131,0.197,0.986,-34.716,69.172,low
Spirals,Hrothgar Tarek,55,wellness,0.0238,0.133,0.0973,0.984,-34.081,75.7,low
Droplet of Grace,South Noon,46,wellness,0.00183,0.156,0.126,0.98,-46.861,133.97,low
Shelter,Armando Mago,49,wellness,0.00186,0.131,0.0907,0.994,-33.002,79.471,low
Faithful,Ozo Nakuru,47,wellness,0.0039,0.0632,0.0777,0.987,-38.529,63.037,low
Eleni,Carwyn,50,wellness,0.0039,0.214,0.144,0.995,-35.794,134.247,low
Innervate,Jasmine Viola,52,wellness,0.00389,0.148,0.0395,0.993,-37.419,138.012,low
Undulating,Joseff Shields,45,wellness,0.000931,0.132,0.183,0.978,-35.376,69.504,low
"Floating, Flying",Michel LeBond,44,wellness,0.017,0.147,0.155,0.995,-30.996,69.119,low
Oscalated,Setareha,47,wellness,0.000998,0.139,0.108,0.958,-48.069,140.753,low
Listen,Maximilian Sievert,44,wellness,0.00187,0.133,0.038,0.993,-44.115,67.35,low
Dancing Thoughts,Lotus Vega,47,wellness,0.0155,0.152,0.0891,0.841,-37.541,135.482,low
Intergalactico,Universo,43,wellness,0.00024,0.193,0.0779,0.77,-37.46,68.518,low
Paisible,Pierrette Tremblay,49,wellness,0.131,0.193,0.0379,0.979,-25.534,76.125,low
Soundbed,Spring Euphemia,48,wellness,0.00159,0.137,0.0355,0.981,-38.056,142.127,low
Spectral Vibrations,Paulo May,48,wellness,0.00178,0.158,0.0378,0.995,-39.647,136.305,low
Natural Beauty,Luka Vida,44,wellness,0.00718,0.27,0.197,0.97,-19.105,74.412,low
Meteor 5,Modular 53,47,wellness,0.00109,0.0654,0.125,0.991,-46.556,70.223,low
Calming Eternity,Celestial Aura,43,wellness,0.00759,0.182,0.0338,0.932,-37.935,73.841,low
Melancholy,Jonas Sandberg,62,wellness,0.00184,0.175,0.147,0.994,-41.3,73.583,low
Metamorphic,Celestial Echoes,44,wellness,0.00229,0.15,0.113,0.985,-40.456,68.712,low
We Belong Here,Aaera Mio,47,wellness,0.00514,0.195,0.0944,0.965,-38.693,67.551,low
Soundscape lord,Anis Flashbacks,45,wellness,0.00125,0.208,0.112,0.991,-47.067,72.004,low
Sanyog,Aasmi Jayavant,45,wellness,0.00203,0.137,0.0968,0.904,-40.371,141.008,low
Serenede,myndstream,48,wellness,0.0058,0.158,0.0329,0.952,-36.471,109.481,low
Aurora's Embrace,Eternalistic,47,wellness,0.0123,0.1,0.0379,0.848,-31.38,89.764,low
Freedom Fighters,"Thomas Bergersen, Two Steps from Hell",52,classical,0.428,0.32,0.0382,0.00559,-12.204,119.985,low
Welcome To My Battlegrounds (Original),Tom Salta,39,classical,0.623,0.508,0.179,0.0773,-10.908,124.006,low
Road to Glory,Audiomachine,37,classical,0.718,0.409,0.419,0.574,-8.525,140.001,low
Live as Lions,"Glory Oath + Blood, Robert Leslie Bennett",34,classical,0.375,0.153,0.0785,0.0229,-12.276,104.682,low
Unstoppable,E.S. Posthumus,41,classical,0.542,0.341,0.0635,0.0794,-8.361,110.097,low
The Machination (ROGUE MIX),NINJA TRACKS,31,classical,0.742,0.0762,0.0625,0.0079,-7.642,62.192,low
Transformers Prime,"Brian Tyler, Transformers",46,classical,0.54,0.262,0.0506,0.877,-10.787,80.204,low
Dauntless,Audiomachine,39,classical,0.488,0.161,0.127,0.0589,-11.351,131.92,low
Liberators,Epic Score,49,classical,0.861,0.216,0.429,0.0082,-5.872,117.961,low
Earth’s Ambassadors,Michael Curran,31,classical,0.475,0.317,0.079,0.729,-10.762,140.035,low
A Way to Freedom,"Epic North, Peter Roe",31,classical,0.572,0.215,0.0862,0.0036,-7.539,89.956,low
Champion of the Radiant,Revolt Production Music,31,classical,0.682,0.364,0.188,0.094,-10.618,170.053,low
Spirit of Valour,"Gregory Tan, Atom Music Audio",28,classical,0.738,0.432,0.271,0.000275,-9.921,130.118,low
Blue Drift,Dwayne Ford,30,classical,0.625,0.303,0.12,0.171,-10.164,130.007,low
Icarus (feat. Julie Elven),"Iván Torrent, Julie Elven",42,classical,0.522,0.3,0.222,0.0473,-13.177,140.011,low
Wrath of the Righteous Main Theme,Dmitry V. Silantyev,31,classical,0.539,0.36,0.199,0.812,-13.352,109.769,low
Strength of a Thousand Men,"Thomas Bergersen, Two Steps from Hell",56,classical,0.906,0.478,0.59,0.0962,-6.781,140.021,low
See What I've Become,Zack Hemsey,51,classical,0.769,0.396,0.039,0.197,-9.445,128.325,low
Born a Legend,"Secession Studios, Greg Dombrowski",35,classical,0.519,0.379,0.197,0.0463,-12.058,94.922,low
Unforgiven,"Two Steps from Hell, Thomas Bergersen",38,classical,0.698,0.456,0.577,0.236,-8.403,109.95,low
Son of War,Audio Armoury,27,classical,0.562,0.43,0.325,0.0959,-11.001,147.025,low
A Legacy Uncovered,Icon,32,classical,0.417,0.223,0.0873,0.329,-10.799,85.823,low
Aeternum,"Ramin Djawadi, Brandon Campbell",26,classical,0.598,0.363,0.203,0.342,-11.384,139.843,low
The Dynasty,"Andreas Waldetoft, Paradox Interactive",30,classical,0.266,0.176,0.0577,0.951,-14.622,109.961,low
The Last of Us,Gustavo Santaolalla,60,gaming,0.467,0.587,0.353,0.867,-12.392,154.636,low
Ezio's Family,"Jesper Kyd, Assassin's Creed",60,gaming,0.344,0.375,0.106,0.81,-12.561,126.06,low
Dragonborn,Jeremy Soule,57,gaming,0.482,0.193,0.121,0.895,-13.311,66.771,low
Shared Vision,"Halo, Sean Callery, Colin Stetson",28,gaming,0.223,0.128,0.0372,0.667,-16.005,145.522,low
God of War II - Main Titles,Gerard Marino,41,gaming,0.54,0.322,0.311,0.765,-6.223,99.936,low
Sweden,C418,67,gaming,0.01,0.642,0.197,0.992,-25.164,87.971,low
You Are The Resistance,Boris Salchow,20,gaming,0.345,0.236,0.253,0.79,-18.893,103.206,low
The Rebel Path,P.T. Adamczyk,58,gaming,0.571,0.413,0.338,0.00236,-7.329,89.982,low
Defying the Odds,Justin Burnett,32,gaming,0.516,0.562,0.18,0.312,-11.84,80.046,low
Burning Skies,"Kevin Riepl, Jason Graves",20,gaming,0.254,0.155,0.0397,0.835,-11.739,80.645,low
Race To Destruction,Brain,31,gaming,0.937,0.561,0.607,2.04e-05,-5.051,114.996,low
"Secunda (Transcr. Trifonov for Piano) - From ""The Elder Scrolls: Skyrim""","Jeremy Soule, Daniil Trifonov",52,gaming,0.00229,0.25,0.105,0.995,-40.887,66.833,low
Divine Overture (Main Theme),Stephen Barton,31,gaming,0.601,0.419,0.187,0.0472,-12.041,121.86,low
Mirage Theme - From Assassin's Creed Mirage,"Brendan Angelides, Assassin's Creed, Layth Sidiq",34,gaming,0.348,0.181,0.0561,0.11,-12.796,69.386,low
Enthroned on Mount Olympus,Winifred Phillips,32,gaming,0.132,0.171,0.0356,0.873,-22.437,115.897,low
Into the Starfield (Main Theme),Inon Zur,36,gaming,0.334,0.209,0.0383,0.729,-15.702,79.91,low
The Lost Crown (Prince of Persia),"2WEI, Joznez, Kataem",42,gaming,0.738,0.551,0.39,0.117,-7.695,143.861,low
Emmett's Theme,Christopher Lennertz,29,gaming,0.544,0.216,0.429,0.501,-10.725,75.198,low
Elden Ring,Tsukasa Saitoh,21,gaming,0.541,0.251,0.078,0.00825,-14.774,76.519,low
Greater Together (Album Version),"John Paesano, Ben Billions",42,gaming,0.539,0.473,0.214,0.229,-12.547,119.963,low
The Fallen Brother,Gerard Marino,30,gaming,0.262,0.134,0.0702,0.97,-19.802,86.159,low
Fields of Dusk - Orchestral Version,TATRAN,35,gaming,0.267,0.262,0.0648,0.623,-18.461,103.837,low
Astro,Kenneth C M Young,39,gaming,0.834,0.613,0.791,0.000599,-8.122,102.021,low
Assassin's Creed IV Black Flag Main Theme,"Brian Tyler, Assassin's Creed",53,gaming,0.621,0.32,0.319,0.0429,-12.207,128.025,low
"Overture to the Unwritten (from ""Hogwarts Legacy"")","chuck e. myers 'sea', J Scott Rakozy, Peter Murray, Hogwarts Legacy",37,gaming,0.337,0.215,0.0369,0.868,-12.91,74.02,low
Fontaine,HOYO-MiX,49,gaming,0.249,0.175,0.118,0.917,-14.043,180.186,low
Force Projection,P.T. Adamczyk,46,gaming,0.947,0.485,0.511,6.63e-05,-9.425,150.059,low
The Last of Us Part II,Gustavo Santaolalla,48,gaming,0.0457,0.451,0.128,0.904,-18.026,128.594,low
Arkham City Main Theme,Nick Arundel,46,gaming,0.535,0.219,0.0788,0.449,-13.862,94.965,low
New York's Only Spider-Man,John Paesano,40,gaming,0.608,0.463,0.284,0.243,-11.931,158.641,low
The First Hunter,SIE Sound Team,47,gaming,0.353,0.1,0.0399,0.2,-11.679,79.416,low
The Streets of Whiterun,Jeremy Soule,59,gaming,0.186,0.0664,0.0363,0.943,-17.679,72.162,low
The Way of the Ghost,Ilan Eshkeri,43,gaming,0.162,0.171,0.0368,0.709,-15.387,114.473,low
In the Woods Somewhere,Hozier,53,ambient,0.426,0.354,0.185,0.782,-8.704,98.062,low
When the Night is Over,Lord Huron,58,ambient,0.413,0.686,0.595,0.103,-6.332,95.989,low
Persephone,The Tragic Thrills,33,ambient,0.125,0.466,0.108,0.708,-11.579,106.107,low
Good Place,Kathleen Regan,33,ambient,0.256,0.542,0.334,0.903,-15.161,79.81,low
Please Don't Go,Abbey Glover,38,ambient,0.318,0.478,0.192,0.197,-16.528,137.983,low
Writer In The Dark,Lorde,61,ambient,0.271,0.325,0.279,0.73,-8.069,71.855,low
toler,kaido,29,ambient,0.433,0.284,0.193,0.742,-10.01,179.789,low
NFWMB,Hozier,44,ambient,0.373,0.391,0.347,0.894,-12.171,175.854,low
Novels,Rusty Clanton,36,ambient,0.281,0.516,0.152,0.172,-10.991,131.039,low
Scared of You,"Bobby, I Miss You",39,ambient,0.36,0.454,0.26,0.969,-14.11,95.204,low
Every Breath You Take,Chase Holfelder,40,ambient,0.429,0.338,0.167,0.103,-8.517,146.054,low
Whitacre: The Seal Lullaby,"Eric Whitacre, Eric Whitacre Singers",44,classical,0.0218,0.104,0.0664,0.988,-29.785,72.808,low
The Road Home,"Stephen Paulus, Conspirare, Craig Hella Johnson",39,classical,0.0539,0.196,0.0482,0.993,-28.217,132.747,low
Nimrod (Lux Aeterna),"Edward Elgar, VOCES8",42,classical,0.0949,0.178,0.0366,0.993,-21.002,77.314,low
"Requiem in D Minor, K .626: III. Sequentia: 6. Lacrimosa - Amen, appendix","Wolfgang Amadeus Mozart, Franz Xaver Süssmayr, Ensemble Pygmalion, Raphael Pichon",37,classical,0.0846,0.0902,0.0345,0.946,-20.056,78.633,low
Media Vita,"Kerensa Briggs, Anna Lapwood, The Chapel Choir of Pembroke College, Cambridge",35,classical,0.0759,0.137,0.0363,0.975,-25.74,142.767,low
Versa est in luctum,"Alonso Lobo, Tenebrae, Nigel Short",35,classical,0.118,0.155,0.0386,0.995,-22.038,135.276,low
La Kanteletar: I. Herkä neito,"Veljo Tormis, Mikrokosmos, Loïc Pierre",32,classical,0.0151,0.2,0.0656,0.991,-35.53,68.649,low
Upon Your Heart,"Eleanor Daley, The Chapel Choir of Pembroke College, Cambridge, The Pembroke College Girls’ Choir, Anna Lapwood",33,classical,0.115,0.123,0.0389,0.987,-22.439,70.782,low
The Day Is Done (2006),"Stephen Paulus, Stephen Layton, The Choir Of Trinity College, Cambridge",28,classical,0.0422,0.156,0.0392,0.985,-28.174,134.837,low
Fljótavík (Arr. Lawson for Ensemble),"Jónsi, Georg Holm, Kjartan Sveinsson, Orri Pall Dyrason, VOCES8, Thomas Gould, Emma Denton, Sam Becker",32,classical,0.0476,0.162,0.0538,0.941,-24.307,131.97,low
Avinu Malkeinu (Arr. Clements for Cello & Vocal Ensemble),"Max Janowski, Sheku Kanneh-Mason, VOCES8",30,classical,0.104,0.164,0.0461,0.977,-21.526,132.766,low
Stopping by Woods on a Snowy Evening,"Rebecca Dale, Robert Frost, Tenebrae, Nigel Short",28,classical,0.0611,0.0873,0.0344,0.994,-24.177,79.45,low
"Veris gratia, Op. 6: VII. Hymn to Cypris","Kenneth Leighton, David Cuthbert, The Choir of The Queen's College Oxford, Owen Rees, Britten Sinfonia",19,classical,0.105,0.128,0.0406,0.973,-21.612,74.721,low
Psalm 22.21,"jung jaeil, VOCES8",30,classical,0.00683,0.191,0.0359,0.99,-33.714,73.135,low
Seek Him That Maketh The Seven Stars,"Jonathan Dove, The Choir of Magdalen College, Oxford, Edward Byrne, Mark Williams",18,classical,0.17,0.208,0.038,0.948,-21.811,128.137,low
Now Sleeps The Crimson Petal (Four Madrigals On Rose Texts): Now Sleeps The Crimson Petal,"Paul Mealor, Tenebrae, Nigel Short",34,classical,0.0144,0.161,0.0336,0.986,-30.883,82.646,low
Dreamweaver: 1. Prologue,"Ola Gjeilo, The Choir of Royal Holloway, Royal Philharmonic Orchestra, Rupert Gough",28,classical,0.105,0.196,0.0731,0.986,-23.818,122.977,low
Whilst Great Is Our Poverty,"Cyrillus Kreek, Traditional, Anna-Liisa Eller, Angela Ambrosini, Marco Ambrosini, Vox Clamantis, Jaan-Eik Tulve",27,classical,0.0746,0.0816,0.036,0.989,-25.357,75.575,low
Shenandoah,"Traditional, Westminster Choir, James Jordan, Gregory Stout",32,classical,0.0286,0.111,0.0334,0.991,-30.35,87.516,low
Only in Sleep,"Ēriks Ešenvalds, Stephen Layton, The Choir Of Trinity College, Cambridge",31,classical,0.0997,0.14,0.0465,0.989,-24.394,71.775,low
"Heyr, himna smiður","Härlanda Chamber Choir, David Molin",27,classical,0.105,0.134,0.0388,0.994,-25.24,81.11,low
There Will Come Soft Rains,"Ēriks Ešenvalds, The Pacific Lutheran Choir Of The West, Richard Nance",29,classical,0.0768,0.187,0.0387,0.98,-23.199,123.193,low
The Promised Light of Life,"Cheryl Frances-Hoad, Owain Park, The Gesualdo Six",25,classical,0.0301,0.149,0.0342,0.968,-25.001,104.157,low
Stardust,"Taylor Scott Davis, VOCES8",35,classical,0.0293,0.064,0.0322,0.986,-24.309,57.809,low
L'Amour,"WUULA, Dr Feel",36,electronic,0.933,0.816,0.763,0.0181,-6.973,122.003,low
Nomathemba - Enoo Napa Remix,"FiNE, Lizwi, Enoo Napa",24,electronic,0.766,0.718,0.286,0.00302,-7.737,118.997,low
Kolwa,"Euggy, Suraj, Mumba Yachi",22,electronic,0.7,0.691,0.0569,0.135,-9.648,120.019,low
Hajikwai,"Naarly, Thabza De Soul, Idd Aziz",37,electronic,0.751,0.872,0.0762,0.19,-8.339,122.062,low
Sina,"Lakwister, Aweko Brian, Moses rallo",15,electronic,0.822,0.704,0.714,0.000425,-9.628,121.996,low
Moors,Drumetic Boyz,19,electronic,0.739,0.635,0.536,0.000224,-8.897,123.024,low
Letha,"Thandi Draai, Dj Beekay",19,electronic,0.706,0.533,0.245,0.0229,-8.968,119.98,low
Space Fair,"Hanna Haïs, KingDonna",23,electronic,0.895,0.613,0.0438,0.0106,-7.223,119.997,low
Nomvula (feat. Nia Pearl & Bontle Smith),"Citizen Deep, Nia Pearl, Bontle Smith",29,electronic,0.689,0.791,0.578,0.111,-9.959,118.009,low
Don't Give Up,Afro Swanky,17,electronic,0.784,0.425,0.549,0.185,-11.272,149.61,low
Tsoang Tsoang - Remix,"DJ Leo Cris, Dr. Victor",14,electronic,0.799,0.772,0.157,0.00128,-7.74,121.011,low
Udokotela,Muzari,20,electronic,0.817,0.762,0.653,0.00271,-11.339,116.007,low
FIND A WAY,"NAAK, Atmos Blaq",25,electronic,0.643,0.409,0.323,0.323,-8.591,147.247,low
let it breathe (feat. Roddy Ricch),"Gunna, Roddy Ricch",66,hip-hop,0.728,0.788,0.287,0.17,-3.765,153.07,low
Goddard Song,Lil Uzi Vert,66,hip-hop,0.729,0.602,0.302,0.084,-5.306,124.013,low
Topanga,Trippie Redd,65,hip-hop,0.616,0.753,0.0388,0.00583,-8.245,105.952,low
WRONG (feat. Lil Mosey),"The Kid LAROI, Lil Mosey",58,hip-hop,0.768,0.389,0.334,0.038,-4.765,90.146,low
Hard Work Pays Off,"Future, Juice WRLD",60,hip-hop,0.482,0.736,0.608,0.327,-8.242,140.064,low
ALWAYS,YOON MIRAE,60,korean,0.604,0.41,0.28,0.777,-3.453,128.845,low
Beautiful,Crush,65,korean,0.41,0.416,0.219,0.843,-6.146,110.252,low
Say Yes,"Loco, Punch",67,korean,0.778,0.696,0.41,0.352,-4.653,94.996,low
Everytime,"CHEN, Punch",64,korean,0.736,0.514,0.495,0.483,-4.364,90.002,low
With you,"Jimin, HA SUNG WOON",64,korean,0.426,0.532,0.137,0.639,-6.117,149.898,low
Love Me Like That,Sam Kim,63,korean,0.294,0.59,0.461,0.854,-8.125,87.895,low
You Are My Everything,Gummy,61,korean,0.499,0.343,0.104,0.665,-5.121,131.076,low
I Will Go To You Like the First Snow,AILEE,63,korean,0.431,0.497,0.167,0.66,-4.755,133.675,low
This Love,DAVICHI,62,korean,0.446,0.406,0.214,0.739,-4.306,138.66,low
Like A Dream,MINNIE,61,korean,0.517,0.539,0.217,0.321,-5.244,132.319,low
Run Run,ECLIPSE,60,korean,0.817,0.604,0.625,0.016,-3.24,131.985,low
Your Existence,Wonstein,60,korean,0.603,0.418,0.657,0.536,-9.379,100.171,low
For You,"CHEN, BAEKHYUN, XIUMIN",59,korean,0.838,0.533,0.449,0.102,-3.723,75.021,low
I Miss You,SOYOU,59,korean,0.344,0.482,0.211,0.901,-6.002,133.499,low
Descendants Of The Sun (Original Television Soundtrack) Pt.6 - Talk Love,K.Will,58,korean,0.834,0.603,0.555,0.353,-2.339,102.038,low
Good Person (2022),HAECHAN,58,korean,0.366,0.565,0.385,0.657,-8.611,81.943,low
If It Is You,Jung Seung Hwan,58,korean,0.515,0.387,0.199,0.686,-5.529,135.221,low
Round And Round,"HEIZE, Han Suji",56,korean,0.687,0.604,0.504,0.757,-5.13,119.992,low
Stand By Me,SHINee,56,korean,0.839,0.756,0.702,0.193,-3.994,110.989,low
MY LOVE,LeeHi,56,korean,0.343,0.375,0.158,0.859,-7.224,121.879,low
Can You Hear My Heart (feat. LEE HI),"Epik High, LeeHi",56,korean,0.592,0.694,0.305,0.742,-6.406,95.047,low
"Very, Slowly",BIBI,55,korean,0.423,0.528,0.249,0.678,-7.381,135.917,low
Breath,Sam Kim,55,korean,0.501,0.642,0.298,0.837,-6.643,122.973,low
Here Always,Seungmin,55,korean,0.39,0.573,0.118,0.345,-8.017,82.035,low
Starlight,TAEIL,55,korean,0.735,0.643,0.502,0.0786,-3.703,111.961,low
Tus Ojos,Los Cafres,66,world,0.48,0.853,0.815,0.0234,-9.052,92.157,low
Confianza,Micro TDH,66,world,0.515,0.669,0.289,0.746,-6.064,169.874,low
Hablar de Ti,Gepe,64,world,0.487,0.592,0.638,0.485,-9.052,170.285,low
Lo Que Hoy Quieras,Koino Yokan,64,world,0.434,0.851,0.926,0.52,-9.551,80.015,low
Mi Balcon,"Vicente Garcia, Cultura Profética",58,world,0.559,0.835,0.751,0.202,-8.09,126.046,low
Runaway,"Los Pericos, The Original Wailers",58,world,0.731,0.676,0.812,0.0438,-5.253,150.151,low
Decide Tú,Dread Mar I,58,world,0.448,0.789,0.727,0.126,-7.514,145.997,low
Sin Ti,King Chango,58,world,0.529,0.725,0.6,0.0908,-5.565,144.707,low
Casi q' me pierdo,Los Cafres,63,world,0.638,0.697,0.598,0.0216,-5.246,165.929,low
Caney,"Rawayana, Jambene",56,world,0.731,0.543,0.636,0.257,-6.736,85.183,low
BSOS,Mora Navarro,27,world,0.647,0.732,0.82,0.654,-7.031,149.877,low
Por el Bien de los Dos,Abril Olivera,31,world,0.324,0.881,0.78,0.353,-10.11,95.961,low
Verte,"Nicki Nicole, Dread Mar I, Bizarrap",56,world,0.668,0.773,0.741,0.374,-4.254,150.043,low
Anónimos (feat. Carla Morrison),"Los Pericos, Carla Morrison",54,world,0.603,0.717,0.808,0.277,-7.108,144.018,low
San Bá,Vicente Garcia,54,world,0.687,0.883,0.716,0.647,-7.862,126.956,low
Fugaz,Connie Isla,18,world,0.614,0.72,0.53,0.142,-7.877,105.071,low
Porque Yo,"Pahua, Eva de Marce",34,world,0.815,0.751,0.52,0.345,-6.996,93.984,low
Isla del Ritmo,Ritmo Machine,24,world,0.702,0.77,0.536,0.434,-7.898,97.514,low
Una Cumbia Triste,Rels B,53,world,0.785,0.781,0.644,0.264,-6.773,91.986,low
9 to 5,The Mayries,34,folk,0.21,0.514,0.38,0.903,-15.23,147.92,low
Cult to A Saint,"Rhys, AKA lisa",43,folk,0.342,0.478,0.206,0.871,-13.648,87.479,low
"I Miss You, I Do",Arny Margret,34,folk,0.254,0.504,0.388,0.886,-12.507,143.916,low
i don’t know what i saw in you,Malen,30,folk,0.23,0.754,0.418,0.693,-13.228,87.492,low
The Speed of Life,Malin Pettersen,29,folk,0.0697,0.528,0.25,0.921,-11.051,75.447,low
Flowers at a Funeral,NOEL,34,folk,0.55,0.534,0.434,0.188,-8.047,143.885,low
codepending,AKA lisa,31,folk,0.426,0.618,0.173,0.723,-12.846,137.989,low
Turning Onto You,First Aid Kit,30,folk,0.634,0.558,0.796,0.114,-5.629,159.896,low
Beautiful Woman,Sarah Klang,42,folk,0.226,0.507,0.246,0.804,-11.126,131.052,low
I Let the Good Ones Go,Smith & Thell,36,folk,0.782,0.418,0.173,0.59,-5.281,173.582,low
Bloom,Alexander Grandjean,14,folk,0.337,0.565,0.35,0.919,-10.716,90.007,low
Love Songs,Emmelie de Forest,26,folk,0.443,0.472,0.148,0.767,-8.325,114.735,low
Animal,Oklahoma,29,folk,0.484,0.525,0.247,0.587,-10.562,87.993,low
anywhere,Malen,44,folk,0.355,0.64,0.306,0.808,-12.288,157.959,low
Fear/Hope,Malin Pettersen,28,folk,0.101,0.568,0.309,0.899,-10.487,75.478,low
Atmosphere,Crying Day Care Choir,28,folk,0.439,0.698,0.33,0.343,-9.737,116.143,low
For What We Love,"Gunnhild Sundli, Ski-VM Trondheim 2025",27,folk,0.707,0.414,0.273,0.0264,-4.651,119.946,low
JUBA,Anendlessocean,50,gospel,0.717,0.704,0.394,0.333,-5.831,130.004,low
E Dey Flow,"Moses Bliss, Neeja, Ajay Asika, Festizie, S.O.N Music, Chizie",56,gospel,0.765,0.782,0.771,0.714,-5.309,112.972,low
Big God,"Tim Godfrey, Fearless Community, Anderson",52,gospel,0.941,0.701,0.72,0.0249,-5.114,117.978,low
Holy Spirit,Sunmisola Agbebi,47,gospel,0.543,0.33,0.241,0.0983,-8.617,143.869,low
You Are Great,"Moses Bliss, Festizie, Chizie, Neeja, S.O.N Music, Ajay Asika",59,gospel,0.85,0.64,0.698,0.1,-5.519,118.174,low
Defe Defe,Team Eternity Ghana,55,gospel,0.81,0.517,0.301,0.0806,-6.569,139.892,low
Calling My Name (I'm A Soldier) - Live,Ebuka Songs,54,gospel,0.79,0.392,0.305,0.00662,-5.402,126.993,low
Kumama Papa,"Grace Lokwa, Moses Bliss, Prinx Emmanuel",55,gospel,0.624,0.464,0.481,0.83,-4.771,143.853,low
E Ti Tobi to (Live),"EmmaOMG, The OhEmGee Choir, Pelumi Deborah, BBO",51,gospel,0.781,0.465,0.659,0.386,-7.564,72.397,low
Darling Jesus,"S.O.N Music, Neeja",57,gospel,0.688,0.772,0.785,0.201,-9.39,112.891,low
B'Ola - Honour,Sunmisola Agbebi,53,gospel,0.555,0.303,0.284,0.736,-4.734,148.166,low
Worthy of My Praise,"Dunsin Oyekan, Lawrence Oyor",56,gospel,0.82,0.422,0.331,0.00432,-5.148,144.058,low
Gratitude,Anendlessocean,52,gospel,0.524,0.579,0.787,0.296,-7.764,81.999,low
Look what you've done,Greatman Takit,42,gospel,0.61,0.313,0.273,0.295,-9.305,139.456,low
Yeshua - Live,Jesus Image,58,gospel,0.534,0.168,0.115,0.115,-7.976,137.092,low
Worship Medley I,Okunade Adedeji,36,gospel,0.713,0.419,0.396,0.465,-8.021,153.999,low
Another One (feat. Chris Brown),"Elevation Worship, Chris Brown",54,gospel,0.754,0.43,0.12,0.00463,-7.088,137.762,low
PRAYER (ADURA),Biola Yakubu,33,gospel,0.642,0.53,0.387,0.171,-7.103,149.791,low
Bigger - odogwu,Prinx Emmanuel,48,gospel,0.525,0.858,0.469,0.616,-13.455,112.944,low
Worship Medley II,Okunade Adedeji,32,gospel,0.742,0.333,0.389,0.109,-9.271,159.983,low
In The Room (feat. Tasha Cobbs Leonard),"Maverick City Music, Naomi Raine, Chandler Moore, Tasha Cobbs Leonard",44,gospel,0.829,0.472,0.342,0.0991,-4.615,103.792,low
Turn It Up / No Longer a Slave / Made a Way / Ekwueme (Medley) [Live],Big Bolaji,31,gospel,0.836,0.656,0.612,0.0186,-4.44,130.627,low
Praise Combo,Olamilekan Akamo,30,gospel,0.898,0.779,0.675,0.022,-4.589,132.027,low
Altar (Hosanna),"Oba Reengy, Limoblaze, Gaise Baba",41,gospel,0.785,0.718,0.471,0.118,-8.343,113.012,low
Praise Fest 1.0,Blessing Lopez,37,gospel,0.897,0.725,0.707,0.487,-3.521,124.92,low
Today,Ibquake,33,gospel,0.477,0.651,0.263,0.682,-12.015,69.982,low
Kelechi,Mazi Floss,28,gospel,0.81,0.682,0.867,0.235,-5.25,93.068,low
Oil on My Head,Eben,50,gospel,0.929,0.813,0.855,0.156,-4.813,127.003,low
"My Daddy, My Daddy - Live at AiiiH - As It Is In Heaven","Sunmisola Agbebi, Lawrence Oyor",46,gospel,0.604,0.264,0.155,0.0221,-6.828,125.085,low
OLÙGBÈJÀ,"Veekee James, Shallom Matthew, OBA",37,gospel,0.802,0.26,0.377,0.013,-5.649,80.872,low
I Get Backing,Victoria Orenze,50,gospel,0.86,0.4,0.434,0.139,-4.899,143.586,low
Ifunanya,"Prinx Emmanuel, Limoblaze",43,gospel,0.496,0.591,0.295,0.501,-8.431,89.853,low
Obinasom,Mercy Chinwo,48,gospel,0.641,0.509,0.44,0.455,-4.837,80.052,low
"Breathe (feat. Jonathan McReynolds, DOE & Mav City Gospel Choir) - Studio Version","Maverick City Music, Chandler Moore, Jonathan McReynolds, DOE, Mav City Gospel Choir",47,gospel,0.612,0.311,0.117,0.00377,-5.944,148.008,low
Daaku,"Young Stunners, Bohemia",17,hip-hop,0.868,0.777,0.486,0.381,-6.726,127.939,low
Joota Japani,"KR$NA, Mukesh, Shankar Jaikishan",41,hip-hop,0.864,0.787,0.877,0.232,-4.665,129.933,low
3:59 AM,DIVINE,62,hip-hop,0.588,0.669,0.237,0.177,-6.902,97.026,low
Payal,"Yo Yo Honey Singh, Paradox",66,hip-hop,0.663,0.819,0.736,0.643,-6.976,98.022,low
Khatta Flow,"Seedhe Maut, KR$NA",61,hip-hop,0.737,0.858,0.717,0.284,-7.077,140.055,low
Illegal,Dhanda Nyoliwala,60,hip-hop,0.703,0.816,0.591,0.121,-7.642,90.012,low
I Guess,KR$NA,59,hip-hop,0.905,0.83,0.926,0.172,-5.018,137.953,low
Murder,"Real Boss, BIG KAY SMG",65,hip-hop,0.568,0.928,0.513,0.182,-4.022,95.251,low
100 Million,"DIVINE, Karan Aujla",58,hip-hop,0.837,0.598,0.893,0.185,-4.83,85.075,low
12 Bande,Varinder Brar,67,hip-hop,0.693,0.706,0.838,0.0123,-5.502,141.794,low
love lost,"Umair, Talha Anjum",64,hip-hop,0.46,0.636,0.474,0.745,-8.036,149.909,low
Afsanay,"Young Stunners, Talha Anjum, Talhah Yunus",62,hip-hop,0.456,0.816,0.534,0.529,-8.281,95.992,low
Laado,"MC SQUARE, Hiten",62,hip-hop,0.548,0.871,0.652,0.669,-8.912,129.972,low
Downers At Dusk,"Talha Anjum, Umair",59,hip-hop,0.447,0.856,0.391,0.744,-7.86,120.069,low
Ektarfa,King,60,hip-hop,0.472,0.748,0.364,0.596,-9.266,149.97,low
Drippy,"Sidhu Moose Wala, Mxrci, AR Paisley",64,hip-hop,0.644,0.749,0.446,0.0435,-6.558,150.015,low
Takeover,"AP Dhillon, Gurinder Gill, Money Musik, AR Paisley",58,hip-hop,0.752,0.788,0.236,0.0711,-3.823,140.032,low
Haryana Hood,Irshad Khan,65,hip-hop,0.622,0.715,0.644,0.237,-6.318,144.005,low
Rubicon Drill,"Laddi Chahal, Parmish Verma, Gurlez Akhtar",67,hip-hop,0.745,0.868,0.762,0.187,-5.82,139.9,low
Kaun Talha,"Talha Anjum, Umair",58,hip-hop,0.558,0.683,0.362,0.0561,-7.947,112.617,low
An Irish Pub Song,The Rumjacks,50,punk,0.848,0.63,0.738,0.075,-3.463,147.009,low
What's Left of the Flag,Flogging Molly,49,punk,0.957,0.209,0.578,0.00306,-4.336,155.06,low
My Son John,Smokey Bastard,49,punk,0.506,0.828,0.897,0.87,-10.297,113.77,low
The Cruel Wars,The Dreadnoughts,47,punk,0.482,0.83,0.741,0.767,-9.063,104.717,low
Rose Tattoo,Dropkick Murphys,59,punk,0.912,0.323,0.609,0.0219,-2.059,108.084,low
Arrive On St. Patrick's Day,Sir Reg,45,punk,0.957,0.581,0.961,0.119,-2.324,144.889,low
Salty Dog,Flogging Molly,48,punk,0.934,0.373,0.776,0.00742,-6.581,79.949,low
A Fistful O' Roses,The Rumjacks,44,punk,0.973,0.405,0.81,0.00292,-2.835,151.18,low
Drunken Sailor,Blaggards,43,punk,0.752,0.461,0.897,0.0211,-8.738,141.085,low
The State Of Massachusetts,Dropkick Murphys,55,punk,0.967,0.398,0.611,0.000945,-3.232,111.676,low
Fight Song,The Stanfields,43,punk,0.903,0.461,0.828,0.00538,-6.124,149.881,low
The Worst Day Since Yesterday,Flogging Molly,44,punk,0.489,0.347,0.361,0.287,-7.662,136.16,low
"Cheer Up Love (Worse Things Happen at Sea), Pt. 3",Smokey Bastard,42,punk,0.906,0.576,0.801,0.0507,-5.483,89.963,low
How To Fly,Sticky Fingers,67,reggae,0.644,0.677,0.536,0.161,-9.337,151.065,low
Smokin' Love (with Collie Buddz),"Stick Figure, Collie Buddz",65,reggae,0.624,0.763,0.851,0.408,-7.454,82.524,low
Doin' Time,Sublime,66,reggae,0.757,0.708,0.552,0.0362,-5.121,80.976,low
Love Me Easy,"ANORA, Stick Figure, Walshy Fire",49,reggae,0.651,0.677,0.434,0.0706,-7.245,85.091,low
That's Not True,"Skip Marley, Damian Marley",50,reggae,0.728,0.71,0.859,0.153,-4.736,133.999,low
Falling Down (with Nick Hexum of 311),"Tropidelic, 311",48,reggae,0.771,0.655,0.703,0.0924,-4.606,139.989,low
This Joint,Slightly Stoopid,50,reggae,0.726,0.781,0.961,0.241,-5.733,74.995,low
Warning (feat. Stick Figure),"Pepper, Stick Figure",50,reggae,0.527,0.801,0.52,0.0192,-7.191,76.022,low
Feeling Good,Dirty Heads,45,reggae,0.803,0.624,0.846,0.0154,-4.704,96.014,low
Gold Snafu,Sticky Fingers,60,reggae,0.849,0.66,0.839,0.00458,-5.97,102.003,low
World on Fire (feat. Slightly Stoopid),"Stick Figure, Slightly Stoopid",62,reggae,0.538,0.869,0.742,0.333,-6.239,141.017,low
Sounds Of Summer (with Slightly Stoopid),"The Movement, Slightly Stoopid",50,reggae,0.65,0.674,0.793,0.0323,-6.021,77.6,low
Guajira Linda,"Putumayo, Cuba Quartet",37,jazz,0.392,0.774,0.963,0.406,-12.751,117.644,low
Congo Mulence,"Machito & His Orchestra, Candido Camero, Paul Cohen, Curtis Fuller, Joe Newman, Herbie Mann, Cannonball Adderley, Doc Cheatham",31,jazz,0.477,0.802,0.785,0.823,-12.882,117.403,low
Jive Samba,Los Poboycitos,29,jazz,0.531,0.707,0.947,0.0172,-9.62,123.195,low
El Sabroson,Poncho Sanchez,34,jazz,0.449,0.634,0.791,0.565,-13.302,120.753,low
Adios Guajira,Jesús Alejandro El Niño,29,jazz,0.485,0.847,0.696,0.472,-10.652,120.001,low
Cha Cha Cha,Tito Puente,32,jazz,0.379,0.7,0.545,0.8,-12.316,122.509,low
La Melodía,"Putumayo, Guaschara",31,jazz,0.589,0.857,0.925,0.612,-6.889,120.005,low
Bessoka - Version Courte,Manu Dibango,28,jazz,0.47,0.779,0.678,0.581,-12.726,103.728,low
Hægt en bítandi,Tómas R. Einarsson,32,jazz,0.423,0.799,0.852,0.275,-10.155,127.942,low
Requiem de l'Amour,Mel Malonga,27,jazz,0.412,0.73,0.75,0.757,-13.887,140.046,low
Chan Chan,Armando Garzon,30,jazz,0.605,0.662,0.576,0.0323,-10.289,154.781,low
Píntame un Son,"Putumayo, Dany Martinez & His Charanga",28,jazz,0.67,0.716,0.97,0.512,-9.614,163.227,low
Condena,"Francisco Canaro, Roberto Maida",19,latin,0.209,0.662,0.807,0.864,-12.024,128.222,low
La Maleva,"Francisco Canaro, Orquesta Francisco Canaro",14,latin,0.356,0.524,0.696,0.889,-6.831,134.7,low
Mi Dolor,Alfredo De Angelis,14,latin,0.399,0.645,0.849,0.811,-9.095,121.014,low
Bahia Blanca,Carlos Di Sarli,21,latin,0.266,0.463,0.54,0.849,-11.204,116.479,low
El escondite de Hernando,Florindo Sassone Y Su Orquesta,26,latin,0.332,0.567,0.427,0.601,-9.627,115.803,low
A la Gran Muñeca,Alberto Di Paulo,15,latin,0.281,0.511,0.528,0.911,-8.761,112.087,low
Yunta de Oro,Color Tango,23,latin,0.257,0.527,0.488,0.742,-9.949,117.325,low
Buscándote,Romántica Milonguera,26,latin,0.359,0.53,0.724,0.783,-8.459,121.875,low
Oigo Tu Voz,Romántica Milonguera,26,latin,0.339,0.593,0.602,0.837,-6.827,123.064,low
To Vals Tou Gamou - Remastered,Orchestra Eleni Karaindrou,40,latin,0.244,0.36,0.538,0.297,-14.016,157.413,low
Iko Iko,The Dixie Cups,51,world,0.664,0.914,0.946,0.431,-10.437,101.9,low
La danse de Mardi Gras,The Balfa Brothers,33,world,0.264,0.56,0.916,0.531,-16.773,90.895,low
Sunrise,Tab Benoit,39,world,0.377,0.7,0.319,0.201,-7.258,96.105,low
I'm Coming Home (To See My Mother),Clifton Chenier,26,world,0.428,0.307,0.403,0.0578,-8.418,67.559,low
Vibrator,Travis Matte And The Zydeco Kingpins,26,world,0.841,0.462,0.747,0.0343,-4.92,175.808,low
Put n' Work,Chris Ardoin,30,world,0.778,0.693,0.976,0.11,-7.807,149.956,low
My Toot Toot,Rockin' Sidney,26,world,0.649,0.789,0.973,0.29,-10.496,167.366,low
Overcome,"Keith Frank, The Soileau Zydeco Band",26,world,0.89,0.76,0.931,0.115,-5.152,77.278,low
Beast Of Burden,Buckwheat Zydeco,23,world,0.393,0.414,0.517,0.215,-12.353,172.226,low
I Got Loaded,Lil' Bob & the Lollipops,31,world,0.33,0.536,0.961,0.822,-13.939,177.976,low
Valse a Bamboula,Latché Swing,40,world,0.337,0.776,0.734,0.96,-7.236,96.059,low
Amor del Bajo Corrales,Cafe Accordion Orchestra,44,world,0.384,0.436,0.704,0.505,-13.446,145.408,low
Lucciola,Patrick Saussois,40,world,0.34,0.85,0.781,0.807,-12.183,121.01,low
Quel temps fait-il à Paris ?,Gus Viseur,29,world,0.0987,0.497,0.412,0.989,-18.567,78.926,low
Il battagliero - Valzer,Riccardo Tesi,30,world,0.675,0.804,0.821,0.792,-8.997,105.138,low
Fiesta de negritos - Remastered,Lucho Bermúdez,48,world,0.619,0.6,0.889,0.0982,-10.252,99.444,low
To Nie Vetier,Stars Of St. Petersburg,29,world,0.338,0.368,0.202,0.872,-11.419,105.677,low
Poso Lipame - Remix,"Sofia Vebo, Imam Baildi",29,world,0.394,0.696,0.543,0.0554,-7.454,82.643,low
A Vaibele A Tsnien,Dave Tarras,11,world,0.394,0.436,0.829,0.961,-7.924,197.358,low
Paris au mois de Septembre,Tatiana Eva-Marie,23,world,0.309,0.62,0.595,0.91,-14.296,131.552,low
La Zingara,Cafe Accordion Orchestra,26,world,0.478,0.472,0.724,0.617,-5.847,142.934,low
Say What,"Rampa, Adam Port, &ME, chuala, Keinemusik",60,electronic,0.721,0.756,0.571,0.0965,-9.453,119.995,low
Gabriel,"Hydawai, CMC$, Benji (UK)",63,electronic,0.851,0.669,0.0825,0.0913,-5.008,122.971,low
CORAÇAO - 20th Anniversary Mix,"Jerry Ropero, HUGEL, Mijangos, Jesús Fernández",63,electronic,0.865,0.764,0.177,0.0118,-6.907,125.997,low
Another Life - Marten Lou Remix,"Naomi Sharon, Marten Lou",61,electronic,0.826,0.642,0.501,0.00406,-5.247,121.009,low
La Verdolaga (feat. Totó La Momposina),"HUGEL, Totó La Momposina",62,electronic,0.954,0.772,0.396,0.00444,-6.176,123.943,low
Gorah,"Nitefreak, Emmanuel Jal",67,electronic,0.755,0.597,0.114,0.000135,-7.341,120.036,low
Pasilda - Knee Deep Mix,"Afro Medusa, Knee Deep",64,electronic,0.783,0.714,0.539,0.000178,-5.979,127.01,low
Papi (Bhabi),Eden Shalev,59,electronic,0.656,0.672,0.338,0.000577,-8.313,119.003,low
Nothing On Me,"Maz, APACHE (FR), MAXI MERAKI, Tabia",59,electronic,0.745,0.692,0.302,0.00184,-7.785,122.015,low
Makeda,Alice DiMar,57,electronic,0.739,0.578,0.123,0.000969,-9.019,122.986,low
Andalucia,"HUGEL, GROSSOMODDO",62,electronic,0.812,0.662,0.0977,0.00396,-7.719,119.994,low
Baiana - Radio Edit,Space Motion,56,electronic,0.873,0.735,0.348,0.00273,-3.971,121.999,low
Hey Hey - Jack Back Remix,"Dennis Ferrer, Jack Back, David Guetta",55,electronic,0.777,0.672,0.446,0.00535,-7.994,122.021,low
Ode Ireti - Nitefreak Remix,"&friends, Nitefreak, eL-Jay, Oluwadamvic",59,electronic,0.708,0.675,0.586,0.0132,-7.42,119.988,low
Sawa,"Ahmed Spins, Idd Aziz",51,electronic,0.714,0.696,0.067,0.0991,-9.122,123.946,low
Yumi - edit,Notre Dame,50,electronic,0.811,0.645,0.196,0.00822,-6.177,122.013,low
Milkshake 20 - Alex Wann Remix,"Kelis, Alex Wann",63,electronic,0.901,0.625,0.12,0.486,-9.194,118.006,low
Banho de Folhas - Maz Remix,"Luedji Luna, Maz",59,electronic,0.914,0.754,0.346,0.0275,-8.151,126.001,low
Halele - Alex Wann Remix,"&friends, Samuel Cosmic, Oluwadamvic, Alex Wann",57,electronic,0.911,0.617,0.454,0.161,-7.846,119.998,low
Somebody’s Watching Me,"ItsArius, Lynnic, Dinia",54,electronic,0.653,0.652,0.0745,0.428,-9.869,120.051,low
It's Not Right - Radio Edit,"Gianni Romano, Emanuele Esposito, Helen Tesfazghi",50,electronic,0.726,0.7,0.122,0.132,-9.583,122.978,low
Your Voice - Adam Port Remix,"Caiiro, AWEN, Adam Port",63,electronic,0.816,0.701,0.207,0.0112,-10.55,121.983,low
Anchor Point,"Ahmed Spins, Stevo Atambire",66,electronic,0.794,0.679,0.389,0.389,-9.803,123.025,low
Dancing Nihilist,Pathetic,48,electronic,0.878,0.521,0.563,0.158,-4.424,129.996,low
Xtal,Aphex Twin,62,electronic,0.505,0.51,0.318,0.342,-13.053,114.532,low
̸ ̡ ҉ ҉.·๑ඕั ҉ ̸ ̡ ҉ ҉.·๑ඕั ҉ ̸ ̡ ҉ ҉.·๑ඕั ҉ ̸ ̡ ҉ ҉.·๑ඕั ҉ ̸ ̡ ҉ ҉.·๑ඕั ҉ ̸ ̡ ҉ ҉.·๑ඕั ҉ ̸ ̡ ҉ ҉.·๑ඕั ҉,⣎⡇ꉺლ༽இ•̛)ྀ◞ ༎ຶ ༽ৣৢ؞ৢ؞ؖ ꉺლ,35,electronic,0.8,0.655,0.108,0.0337,-11.549,121.873,low
Adrift,Yamaneko,37,electronic,0.128,0.571,0.263,0.949,-18.872,129.995,low
awakenin,RAMZi,36,electronic,0.444,0.465,0.957,0.907,-23.11,177.954,low
Night Arp Blues,Indian Wells,36,electronic,0.306,0.643,0.211,0.958,-18.385,120.024,low
Sink,7038634357,32,electronic,0.237,0.365,0.796,0.985,-28.82,76.739,low
Red Curbs Loop (Stuff I Dream About),Teebs,32,electronic,0.665,0.265,0.188,0.107,-9.731,179.42,low
Vizion - Centered,Machinedrum,35,electronic,0.404,0.254,0.112,0.889,-14.197,149.846,low
Memory Arc,Rival Consoles,48,electronic,0.204,0.126,0.0393,0.811,-21.014,79.158,low
Sol,Dinamarca,27,electronic,0.923,0.633,0.199,0.474,-3.974,94.989,low
2008,Pathetic,46,electronic,0.914,0.525,0.96,0.00679,-4.964,134.994,low
Pulsewidth,Aphex Twin,55,electronic,0.486,0.765,0.303,0.42,-14.671,119.319,low
()vȯ)) ̷̨ʅ(۝ʅ(Ɵʅ():::()̵̳̗̊(Ɵʅ()vȯ)) ̷̨ʅ,⣎⡇ꉺლ༽இ•̛)ྀ◞ ༎ຶ ༽ৣৢ؞ৢ؞ؖ ꉺლ,37,electronic,0.93,0.852,0.236,0.0127,-7.02,129.028,low
Heroine,Dimitri Vegas & Like Mike,59,electronic,0.988,0.508,0.273,0.0933,-4.262,79.147,low
Falling In Love,"Hardwell, Outsiders",62,electronic,0.851,0.219,0.152,0.1,-3.706,159.957,low
WELCOME 2 DA RECORDSHOP,Rooler,56,electronic,0.992,0.574,0.41,0.0129,-2.363,159.991,low
DON'T SLEEP,"Slaughterhouse, N-Vitral, Deadly Guns",61,electronic,0.898,0.531,0.297,0.0761,-0.892,169.913,low
The Age Of Love - Brennan Heart & ANDY SVGE Remix,"Age Of Love, Brennan Heart, ANDY SVGE",52,electronic,0.974,0.495,0.316,0.000396,-2.801,150.008,low
New Perspective,"Frontliner, The Prophet",46,electronic,0.911,0.427,0.227,0.0289,-1.028,154.986,low
Ride Or Die,"Ran-D, Rebelion",55,electronic,0.951,0.422,0.263,0.00552,-1.785,155.01,low
Redemption & Rage,"Radical Redemption, Act of Rage, GLDY LX",53,electronic,0.935,0.529,0.699,0.0279,-0.993,157.992,low
Off My Face,"Toneshifterz, Colin Hennerz, Audiofreq, Code Black, 3Blokes",41,electronic,0.895,0.695,0.776,0.00125,-4.263,154.999,low
Do What I Wanna Do - Rave Mix,"LNY TNZ, Lil Jon",46,electronic,0.96,0.598,0.0903,0.0273,-1.194,156.952,low
Defiance,"Wildstylez, Sound Rush",52,electronic,0.726,0.342,0.155,0.00756,-6.274,154.984,low
Wanna Play?,The Prophet,60,electronic,0.996,0.569,0.461,0.198,-0.45,100.02,low
Drop That,Lil Texas,50,electronic,0.977,0.633,0.404,0.00131,1.075,92.5,low
Live Forever,Headhunterz,57,electronic,0.877,0.337,0.125,0.00575,-5.74,155.063,low
Save Me,"Sub Zero Project, Rebelion",57,electronic,0.902,0.432,0.211,0.00253,-5.566,153.064,low
Turn The Tide,"Felix Harrer, Jerome",60,electronic,0.917,0.584,0.411,0.0156,-4.989,150.086,low
Woops - Dimitri Vegas & Junkie Kid Remix,"Dj Bountyhunter, Dimitri Vegas, Junkie Kid",52,electronic,0.987,0.688,0.276,0.104,-6.85,157.275,low
Keep on Moving,Jordiz,59,electronic,0.95,0.497,0.557,0.0699,-2.087,150.024,low
Crossover,"Da Tweekaz, Used, LePrince",53,electronic,0.966,0.402,0.781,0.00482,-2.273,154.973,low
Now We Are Free,"Brennan Heart, Timmy Trumpet, Blademasterz",55,electronic,0.682,0.237,0.0856,0.00351,-5.343,149.996,low
Open Sesame (Abracadabra) - D-Block & S-te-Fan Remix,"Maddix, Leila K, D-Block & S-te-Fan",52,electronic,0.995,0.544,0.0782,0.0323,-2.918,155.046,low
TAKE ME AWAY,"Rooler, Sickmode, Paul Elstak",59,electronic,0.91,0.432,0.249,0.000751,-3.902,180.059,low
Moonlight Shadow,"W&W, Groove Coverage",59,electronic,0.92,0.457,0.39,0.0137,-4.309,145.176,low
Ratata - Outsiders Remix,"La Fuente, Outsiders",58,electronic,0.991,0.624,0.301,0.00869,-1.28,160.029,low
Dangerous,"Basswell, So Juice",58,electronic,0.959,0.771,0.361,0.129,-0.75,159.97,low
Hard Beat,"TNT, Darren Styles, Technoboy, Tuneboy",57,electronic,0.998,0.522,0.124,0.000894,-3.728,160.02,low
Behind Enemy Lines,"Ran-D, D-Block & S-te-Fan",57,electronic,0.963,0.452,0.154,0.0164,-2.786,154.974,low
Weekend!,Jordiz,57,electronic,0.944,0.5,0.404,0.0378,-1.975,150.065,low
Burning Down,Dual Damage,56,electronic,0.97,0.533,0.386,0.06,-0.317,159.944,low
DOWN DOWN,"Sickmode, Rooler",56,electronic,0.909,0.577,0.929,0.141,-3.746,159.898,low
Hit The Floor,"Bloodlust, Holy Priest",56,electronic,0.993,0.599,0.182,0.0894,-1.494,159.915,low
Gimme Bass,Outsiders,56,electronic,0.914,0.394,0.0864,0.00732,-3.048,154.955,low
FCK DAT!,"Rooler, Kronos",56,electronic,0.98,0.445,0.209,0.00321,-2.042,159.991,low
Anadrol,Yosuf,56,electronic,0.966,0.3,0.17,0.00106,-3.671,89.72,low
DLMD,"Darren Styles, TNT, Technoboy, Tuneboy",55,electronic,0.99,0.487,0.161,0.000595,-2.282,160.046,low
I Like To Move It,"AXMO, le Shuuk, LePrince",55,electronic,0.905,0.509,0.217,0.00573,-3.696,149.965,low
Rave Mozart,"W&W, Vini Vici",55,electronic,0.936,0.636,0.141,0.0198,-6.463,160.04,low
Trip to Valhalla,Dr. Peacock,54,electronic,0.988,0.567,0.0634,0.0232,-2.879,100.025,low
Melody Of The World,"Dimitri Vegas & Like Mike, Loic D, Ronald-V",54,electronic,0.896,0.332,0.173,0.0218,-4.649,165.054,low
GO STUPID,Sickmode,54,electronic,0.864,0.557,0.464,0.0151,-4.574,160.04,low
I Want It All,Da Tweekaz,54,electronic,0.925,0.498,0.585,0.0284,-4.161,154.915,low
I Like To Party,"AXMO, DJ Junior (TW)",54,electronic,0.803,0.553,0.368,0.00232,-5.066,154.952,low
Come With Me,"W&W, Harris & Ford, Special D.",54,electronic,0.989,0.676,0.553,0.0442,-2.731,145.019,low
See You Tomorrow,Evgeny Grinko,67,classical,0.028,0.639,0.4,0.971,-29.729,130.02,low
Camping,Jóhann Jóhannsson,64,classical,0.107,0.367,0.146,0.862,-20.273,129.368,low
Ultraviolet,James Heather,62,classical,0.0621,0.248,0.0398,0.988,-31.174,68.537,low
Dreamy,Hania Rani,57,classical,0.0696,0.495,0.276,0.96,-31.384,95.193,low
Reflections,Borrtex,60,classical,0.134,0.567,0.0642,0.99,-25.988,134.986,low
Beving: Ala,Joep Beving,64,classical,0.116,0.324,0.299,0.986,-22.841,79.487,low
Cornfield Chase - Piano-Cello Version,"Michael Forster, Anna Stevens",55,classical,0.216,0.325,0.109,0.977,-17.214,99.635,low
Le début du bonheur - Instrumental,Daprinski,60,classical,0.232,0.287,0.47,0.904,-15.804,171.226,low
Le Onde,Ludovico Einaudi,55,classical,0.154,0.242,0.0489,0.975,-26.525,123.077,low
Upper Egypt & Lower Egypt - Medley,Pharoah Sanders,15,jazz,0.341,0.374,0.288,0.576,-17.532,107.098,low
Mantra,Alice Coltrane,22,jazz,0.563,0.333,0.158,0.645,-11.324,108.622,low
Been So Long,"Neon Vectors, Macross 82-99",40,funk,0.838,0.672,0.812,0.148,-10.685,125.006,low
FUTURE//PAST,Remlarr,36,funk,0.846,0.742,0.481,0.0296,-7.296,122.433,low
Love,BarbWalters,33,funk,0.901,0.598,0.656,0.00447,-5.332,120.002,low
I'm Attached To You,ED.,32,funk,0.771,0.726,0.251,0.000145,-7.76,125.021,low
Whatever Man,CHANCE デラソウル,33,funk,0.947,0.513,0.36,0.000598,-6.678,123.825,low
Excuses - 2023 Remaster,"Tupperwave, Meltnet",29,funk,0.553,0.846,0.463,0.392,-7.653,101.018,low
HELLO TODAY!!,yuugen,20,funk,0.789,0.734,0.652,0.0345,-8.474,139.918,low
They Should've Let Me Host Family Feud,Engelwood,28,funk,0.921,0.78,0.823,0.00954,-7.219,121.008,low
Fly with Me,サクラSAKURA-LEE,37,funk,0.835,0.88,0.622,0.000374,-9.271,119.002,low
So Sunny,SUPERCAT64 ビンクス猫,31,funk,0.581,0.936,0.828,0.000779,-10.544,123.952,low
Million Miles Away - Edit,"Vantage, Milk Talk",31,funk,0.846,0.685,0.765,0.0154,-6.108,108.01,low
Night Cross,"Zai Kowen, Brayan Rojitas",27,funk,0.732,0.732,0.374,0.0011,-9.566,128.05,low
There's Something,"Neon Vectors, Macross 82-99, Vantage",31,funk,0.893,0.649,0.813,0.00368,-9.227,123.798,low
New Romantic (feat. Maki Nomiya),"Night Tempo, Maki Nomiya",29,funk,0.93,0.707,0.964,0.114,-8.479,123.982,low
Stasis,BarbWalters,27,funk,0.935,0.666,0.822,0.0334,-4.99,118.022,low
Lvst,Flammy,25,funk,0.841,0.854,0.139,0.00753,-7.504,108.082,low
Downtown,Kouek,31,funk,0.581,0.651,0.681,0.00118,-8.5,123.844,low
Nu Diskette,DUCAT,25,funk,0.628,0.679,0.744,0.000978,-9.078,120.013,low
Yuu-Huu,"Night Tempo, JEF",28,funk,0.864,0.773,0.759,0.0677,-8.639,110.104,low
Green Path,Rhodes Rodosu,29,funk,0.719,0.71,0.857,0.00155,-4.868,115.0,low
Fun Tonight,Macross 82-99,51,funk,0.938,0.612,0.595,2.51e-05,-7.253,129.994,low
50//50 - Edit,Vantage,46,funk,0.676,0.809,0.548,0.0561,-7.803,124.013,low
Radiant Memories,TANUKI,37,funk,0.866,0.633,0.825,0.00587,-6.025,110.038,low
It's Good to See You Again!!,Adrianwave,37,funk,0.757,0.707,0.905,0.00345,-9.052,124.986,low
City Nightlife - Original Mix,"architecture in tokyo, Macross 82-99",35,funk,0.937,0.53,0.301,0.0025,-5.143,119.961,low
Starlight,Andora,34,funk,0.907,0.617,0.607,0.000245,-4.58,128.012,low
Sunset On The Shore,Android Apartment,34,funk,0.689,0.696,0.968,0.000325,-8.777,125.941,low
Dolce Disco,Superflat,25,funk,0.923,0.738,0.435,0.173,-4.88,115.984,low
Resonance - Slowed & Reverb,noturgf,62,electronic,0.457,0.652,0.0733,0.841,-13.775,113.974,low
SimpsonWave1995,FrankJavCee,65,electronic,0.375,0.661,0.645,0.0566,-10.134,169.951,low
Equinox,admo,52,electronic,0.515,0.671,0.0984,0.815,-16.738,105.001,low
School Rooftop - Slowed Down Version,"Hisohkah, WMD",62,electronic,0.255,0.74,0.231,0.275,-7.293,142.568,low
5:32pm,The Deli,59,electronic,0.181,0.686,0.647,0.652,-14.133,86.393,low
Goth (Slowed + Reverb),Sidewalks and Skeletons,67,electronic,0.599,0.377,0.0545,0.00303,-10.281,94.322,low
Thelema,Øfdream,59,electronic,0.855,0.606,0.422,0.447,-8.923,142.026,low
aquatic ambience,Scizzie,57,electronic,0.118,0.251,0.049,0.898,-22.077,139.688,low
Memory Reboot,"VØJ, Narvent",61,electronic,0.894,0.469,0.456,0.00024,-6.341,81.377,low
distorted memories,"Øneheart, reidenshi",67,electronic,0.222,0.382,0.212,0.929,-24.021,75.048,low
Suffocation,Crystal Castles,68,electronic,0.705,0.543,0.163,0.00251,-5.779,119.942,low
Mbappe - Remix,"Eladio Carrion, Future",47,latin,0.68,0.729,0.504,0.219,-5.502,130.019,low
Full of Diamonds,YOVNGCHIMI,37,latin,0.721,0.596,0.841,0.829,-6.611,138.591,low
Demasia’o de Grande,Tempo,23,latin,0.651,0.741,0.36,0.154,-7.241,139.927,low
6PM EN MALLORCA,Eladio Carrion,50,latin,0.541,0.662,0.167,0.449,-7.236,140.021,low
"Danger (with DJ Drama, G Herbo & Sugarhill Ddot)","YOVNGCHIMI, DJ Drama, G Herbo, Sugarhill Ddot",31,latin,0.648,0.593,0.665,0.233,-6.84,140.819,low
Fulete,"Cazzu, Brray, Luar La L, Ankhal",35,latin,0.684,0.795,0.571,0.425,-4.413,139.654,low
La 2blea,Anuel AA,51,latin,0.712,0.495,0.386,0.414,-6.509,143.989,low
Los Palos,"De La Ghetto, Luar La L, YOVNGCHIMI",39,latin,0.801,0.829,0.692,0.415,-3.4,121.804,low
Bape (Remix),"Jovaan, KEVVO, Ñengo Flow, Brray, YOVNGCHIMI, Jon Z",28,latin,0.73,0.83,0.734,0.187,-5.616,140.041,low
REDBULL,"Eladio Carrion, Beny Jr",49,latin,0.559,0.801,0.755,0.502,-9.192,140.083,low
AL CAPONE,Eladio Carrion,41,latin,0.636,0.802,0.482,0.462,-7.35,141.903,low
Holy Shit - Remix,"Ankhal, JHAYCO",41,latin,0.659,0.689,0.441,0.221,-7.974,142.044,low
IVIMA,"Shake Da Block, 0contactos",18,latin,0.49,0.87,0.528,0.0558,-10.947,111.976,low
Verde Y Azul (feat. Piero47),"Pablo Chill-E, Piero47",41,latin,0.78,0.733,0.558,0.459,-5.986,139.849,low
Dame Luz,Brytiago,26,latin,0.641,0.732,0.747,0.271,-7.627,150.058,low
Wag1,Akapellah,39,latin,0.84,0.728,0.598,0.164,-4.575,141.958,low
PA' LA VUELTA,"Eladio Carrion, Morad",46,latin,0.624,0.467,0.107,0.101,-6.804,154.992,low
TATA - Remix,"Eladio Carrion, J Balvin, Daddy Yankee, Bobby Shmurda",43,latin,0.786,0.737,0.643,0.683,-5.268,140.042,low
Patrón,"Big Soto, Neutro Shorty, De La Ghetto, Noriel",32,latin,0.755,0.786,0.469,0.28,-2.827,139.923,low
"Skeem Set, Pt. 2","Milli Major, Jme, Scorcher, SeriousXSyikes, Crazy Titch",36,hip-hop,0.864,0.621,0.897,0.099,-5.91,142.689,low
Sticky,"Bashy, GRM Daily",38,hip-hop,0.741,0.542,0.189,0.0643,-7.875,108.088,low
Must Be Bored,"Big Zuu, D7, Crafty 893, Drifter",28,hip-hop,0.735,0.566,0.71,0.342,-9.475,93.374,low
#skeptacore pt.2,"Ryder, Skepta",48,hip-hop,0.622,0.794,0.658,0.315,-10.931,138.054,low
Eyes on Me,Skepta,40,hip-hop,0.785,0.86,0.856,0.0348,-4.633,137.056,low
Trenches,"Duke & Jones, Flowdan",38,hip-hop,0.882,0.865,0.719,0.116,-6.341,140.029,low
Young Money,LZee,37,hip-hop,0.74,0.767,0.946,0.0724,-11.585,135.026,low
Iniesta Flow,"namesbliss, scruz",37,hip-hop,0.613,0.563,0.42,0.813,-10.245,140.434,low
Knock Your Block Off,"Jme, Giggs",34,hip-hop,0.922,0.708,0.669,0.0439,-2.978,140.009,low
Energy Gang,"D Double E, Sir Spyro",28,hip-hop,0.798,0.713,0.655,0.00452,-5.072,140.198,low
Stuttering,"P Money, Silencer, Chip, Dizzee Rascal, D Double E",34,hip-hop,0.754,0.751,0.508,0.125,-3.677,140.04,low
MYWAY!,"ROMderful, KayFaraway",19,hip-hop,0.708,0.652,0.859,0.055,-6.616,90.999,low
VEX,slowthai,34,hip-hop,0.805,0.625,0.647,0.00649,-7.213,140.023,low
Hurdy Gurdy,"Big Narstie, Sir Spyro",33,hip-hop,0.595,0.789,0.406,0.052,-7.188,90.328,low
Who's Dat,"Silencer, Lil ambush, Lil Shakz, YaroAlways, Kai Nero, Shakes",25,hip-hop,0.811,0.435,0.487,0.0659,-2.969,171.723,low
Tekky,"Chip, Frisco, K-Trap, Krept",33,hip-hop,0.722,0.891,0.395,0.0145,-8.2,141.999,low
Quest For Coin II,"Ezra Collective, Jme, Swindle",32,hip-hop,0.604,0.898,0.492,0.0413,-4.184,135.144,low
LEON EDWARDS,"Snowy, LVNDLXRD",17,hip-hop,0.891,0.395,0.612,0.0126,-9.04,138.878,low
On Top,Jaykae,32,hip-hop,0.733,0.839,0.633,0.063,-5.36,139.969,low
Circles24,Preditah,16,hip-hop,0.607,0.678,0.756,0.0751,-5.331,140.043,low
This Year,"P Money, Silencer, Tobi",33,hip-hop,0.634,0.824,0.229,0.0193,-8.894,139.975,low
Shake It,Trillary Banks,17,hip-hop,0.832,0.673,0.73,0.137,-7.273,135.835,low
IC3 (feat. Skepta) - Single Version,"Ghetts, Skepta",31,hip-hop,0.645,0.663,0.394,0.443,-7.977,128.023,low
Keisha & Becky - Remix,"Russ Millions, Tion Wayne, Aitch, Swarmz, Sav'o, JAY1",59,hip-hop,0.471,0.863,0.644,0.251,-9.545,140.969,low
Obsessed With You,Central Cee,42,hip-hop,0.825,0.746,0.904,0.192,-4.457,143.062,low
Je M'appelle,Benzz,44,hip-hop,0.75,0.807,0.961,0.17,-4.396,141.176,low
Clash (feat. Stormzy),"Dave, Stormzy",57,hip-hop,0.519,0.871,0.532,0.313,-6.549,140.013,low
Commitment Issues,Central Cee,52,hip-hop,0.71,0.8,0.795,0.463,-6.403,147.171,low
Oliver Twist,ArrDee,55,hip-hop,0.807,0.725,0.848,0.352,-4.332,140.045,low
6 For 6,Central Cee,61,hip-hop,0.792,0.855,0.623,0.552,-4.949,142.965,low
I Dunno (feat. Dutchavelli & Stormzy),"Tion Wayne, dutchavelli, Stormzy",58,hip-hop,0.666,0.821,0.739,0.0954,-7.237,145.066,low
Only If You Knew,dutchavelli,40,hip-hop,0.766,0.816,0.349,0.192,-4.759,144.105,low
Flowers (Say My Name),ArrDee,54,hip-hop,0.713,0.723,0.803,0.495,-6.879,143.052,low
Ain't It Different (feat. AJ Tracey & Stormzy),"Headie One, AJ Tracey, Stormzy",55,hip-hop,0.569,0.767,0.524,0.00988,-6.805,77.052,low
Coming for You (feat. A1 x J1),"SwitchOTR, A1 x J1",59,hip-hop,0.481,0.813,0.842,0.217,-6.71,140.122,low
TPL x Fumez The Engineer - Plugged In Freestyle,"Fumez The Engineer, OTP, BM, BM X MINI",56,hip-hop,0.419,0.877,0.255,0.0837,-14.419,140.012,low
Wow,Tion Wayne,48,hip-hop,0.62,0.811,0.638,0.1,-4.82,139.927,low
Only You Freestyle,"Headie One, Drake",56,hip-hop,0.826,0.68,0.804,0.562,-2.561,146.95,low
Darling,D-Block Europe,63,hip-hop,0.596,0.848,0.793,0.5,-8.043,150.035,low
Big Shark,Russ Millions,56,hip-hop,0.93,0.81,0.936,0.398,-5.857,139.995,low
Streatham,Dave,63,hip-hop,0.621,0.892,0.638,0.496,-7.67,124.015,low
AirForce,DigDat,51,hip-hop,0.673,0.855,0.66,0.45,-7.58,142.031,low
Reggae & Calypso (Russ Millions x Buni x YV),"Russ Millions, Buni, YV",59,hip-hop,0.803,0.759,0.895,0.413,-6.77,140.994,low
Khabib,Central Cee,38,hip-hop,0.672,0.773,0.624,0.522,-5.885,145.014,low
Ungrateful,Central Cee,54,hip-hop,0.616,0.826,0.782,0.313,-7.3,143.176,low
06:30,Russ Millions,54,hip-hop,0.738,0.875,0.659,0.492,-6.205,141.067,low
Thula Moya Wami,Mr Thela,40,afrobeats,0.651,0.66,0.161,0.000244,-6.306,127.054,low
Izinto Zam,"Jabs CPT, Sangzin",11,afrobeats,0.66,0.795,0.489,0.173,-11.93,127.008,low
Buya Nini,"Mr Thela, Peace",38,afrobeats,0.852,0.751,0.413,0.0469,-8.238,122.035,low
Street Fighter,Assertive Fam,11,afrobeats,0.722,0.685,0.516,0.0017,-7.223,125.018,low
Oh My Sax,"Cairo CPT, Don Vino",33,afrobeats,0.783,0.718,0.344,0.000912,-7.71,120.02,low
FOMO,"Goldmax, Dlala Thukzin, Funky Qla, Zee Nxumalo, Beast Rsa",49,afrobeats,0.5,0.843,0.189,0.0258,-10.155,121.999,low
Ngenyimini,"Rhass, Mapressa, Dj Ndista, Luzzar",21,afrobeats,0.799,0.805,0.269,0.0253,-11.008,126.027,low
Sicel'Imithandazo,Cairo CPT,32,afrobeats,0.928,0.787,0.612,0.0391,-9.052,127.023,low
Sinomhlobo,"Cairo CPT, Xola Sofuthe",28,afrobeats,0.987,0.782,0.756,0.0358,-8.221,127.009,low
Kwandonga Ziyaduma,"Mr Thela, Njelic",41,afrobeats,0.891,0.701,0.26,0.00621,-7.501,123.992,low
No Contest (Broken kick),"UJeje, UBizza Wethu",21,afrobeats,0.903,0.675,0.123,0.00103,-7.629,127.002,low
S'yophanda,"Rhass, Mshayi, Mr Thela",30,afrobeats,0.739,0.716,0.394,0.00209,-8.904,126.024,low
Wami (feat. Nia Pearl),"Mas Musiq, Nia Pearl",25,afrobeats,0.498,0.822,0.826,0.0489,-12.544,113.001,low
Ivili Liyajikeleza 2.0,Cairo CPT,34,afrobeats,0.897,0.59,0.679,0.0106,-5.046,127.018,low
Izigqibo Zakho 2.0,"Cairo CPT, Minollar",33,afrobeats,0.685,0.863,0.502,0.00124,-9.264,127.017,low
Abathakathi,"Mshayi & Mr Thela, Rhass",29,afrobeats,0.769,0.814,0.778,0.0379,-8.858,125.968,low
Bhabhalaza,"Rhass, Mr Thela",21,afrobeats,0.794,0.773,0.522,0.0164,-6.74,125.996,low
Ngeke Badaniswe,"Mshayi, Mr Thela, Betusile",30,afrobeats,0.716,0.78,0.53,0.0162,-12.97,126.99,low
Sun EL Style,Mr Thela,19,afrobeats,0.866,0.648,0.232,0.0768,-8.235,126.038,low
Ndincede,"Bee DeeJay, Rhass, Mshayi, Mr Thela",26,afrobeats,0.631,0.708,0.42,0.0016,-8.96,115.004,low
Famalay,"Skinny Fabulous, Machel Montano, Bunji Garlin",47,soca,0.914,0.745,0.837,0.0393,-4.108,149.971,low
Like Ah Boss,Machel Montano,41,soca,0.944,0.804,0.746,0.105,-1.139,133.97,low
Workout,"Kes, Nailah Blackman",40,soca,0.848,0.808,0.606,0.0783,-5.518,130.021,low
Overdue,Erphaan Alves,45,soca,0.797,0.792,0.351,0.0123,-5.748,110.034,low
Practice,GBM Nutron,43,soca,0.824,0.836,0.573,0.164,-4.591,106.012,low
Runaway,Mical Teja,39,soca,0.919,0.736,0.861,0.331,-3.608,107.991,low
Hard Fete,Bunji Garlin,41,soca,0.943,0.666,0.897,0.387,-4.474,159.996,low
Born Wit It (Bumpa Riddim),Alison Hinds,37,soca,0.902,0.94,0.938,0.123,-3.135,116.066,low
Long Live Soca,Voice,35,soca,0.951,0.682,0.821,0.143,-3.957,130.207,low
Pump Me Up,Krosfyah,38,soca,0.821,0.74,0.958,0.153,-11.972,108.878,low
Holiday,"Problem Child, Jus Jay King, Nelieux",36,soca,0.689,0.911,0.389,0.23,-6.662,117.067,low
Whine & Kotch,"J Capri, Charly Black",61,soca,0.675,0.699,0.442,0.0654,-5.383,105.151,low
Mr. Fete,Machel Montano,43,soca,0.935,0.927,0.912,0.135,-3.951,131.055,low
Wotless,Kes,40,soca,0.792,0.843,0.9,0.0671,-3.672,119.992,low
Feels Good - Carrots & Beets,Electra,22,disco,0.331,0.853,0.804,0.000494,-17.22,119.627,low
Stop,B.W.H.,26,disco,0.736,0.681,0.987,0.0588,-14.483,107.393,low
Cybernetic Love - Vocal,Casco,22,disco,0.525,0.702,0.573,0.00237,-14.028,120.643,low
Stranger in a Strange Land - Club Mix 1983,N.O.I.A.,19,disco,0.761,0.775,0.431,0.0413,-10.463,112.979,low
Robot Is Systematic (Vocal Version),Lectric Workers,14,disco,0.823,0.569,0.811,3.81e-05,-8.555,125.237,low
Sexy Films - Vocal,Kroma,13,disco,0.475,0.897,0.967,0.136,-13.23,132.148,low
Ma quale idea,Pino D'Angiò,52,disco,0.788,0.868,0.961,0.0334,-4.321,114.674,low
Take A Chance - Original Mix,Mr. Flagio,35,disco,0.728,0.671,0.488,0.000372,-9.78,118.031,low
On and On (Fears Keep On) - Italoconnection Mix,"Decadance, Italoconnection",13,disco,0.956,0.698,0.321,0.000316,-5.782,104.595,low
Amores Lejanos,Los Enanitos Verdes,59,rock,0.837,0.726,0.559,0.257,-5.325,120.04,low
Mala Gente,Juanes,56,rock,0.851,0.663,0.921,0.0992,-3.007,95.019,low
Bésame,Camila,66,rock,0.385,0.258,0.174,0.0527,-8.143,174.167,low
La Paga,Juanes,58,rock,0.779,0.787,0.978,0.0215,-3.559,99.999,low
Mariposa Traicionera,Maná,55,rock,0.794,0.773,0.907,0.527,-4.954,101.143,low
Labios Compartidos,Maná,48,rock,0.898,0.527,0.462,0.027,-3.624,162.058,low
Bendita Tu Luz,"Maná, Juan Luis Guerra 4.40",28,rock,0.773,0.786,0.573,0.152,-5.042,115.995,low
Amor Clandestino,Maná,27,rock,0.726,0.647,0.514,0.159,-6.761,147.883,low
A Little Distance,Tristeza,16,rock,0.52,0.426,0.306,0.17,-7.981,124.082,low
Blaise Bailey Finnegan III,Godspeed You! Black Emperor,31,rock,0.313,0.273,0.0399,0.11,-11.784,132.899,low
Vizardit,"Hildá Länsman, Tuomas Norvio",14,world,0.694,0.727,0.236,0.0639,-10.218,139.019,low
Raven Strut (feat. K.Clevenger) - DASH Remix,"DKD Dancers, DASH, K.Clevenger",17,world,0.486,0.701,0.0391,0.00319,-9.322,94.993,low
Tapwe,"Boogey the Beat, Young Spirit, Drezus, Pj Vegas",28,world,0.871,0.867,0.467,0.00213,-3.851,108.028,low
Nuivunga - GFD Collective,"Jens Kleist, JASMIN, Da Bartali Crew",12,world,0.802,0.729,0.705,0.0924,-6.346,96.015,low
Meditjin,"Baker Boy, JessB",35,world,0.878,0.825,0.53,0.0657,-3.356,119.963,low
Break It Down,Tjaka,16,world,0.917,0.85,0.798,0.138,-4.932,120.006,low
uduli 跳一波,ABAO阿爆,13,world,0.821,0.58,0.648,0.00315,-6.599,100.061,low
Half Breed - Remix,DJ Shub,11,world,0.831,0.844,0.698,0.00688,-5.561,125.012,low
Sisters,"The Halluci Nation, Northern Voice",39,world,0.629,0.725,0.194,0.00139,-4.729,130.023,low
Emta Njawzak Yamma,DAM,35,world,0.731,0.819,0.0484,0.026,-6.502,122.012,low
Behold a Pale Horse,"STOiK, Jah'kota, Plex, Drezus",18,world,0.474,0.707,0.534,0.201,-8.705,79.933,low
AVINU CHAI (AM YISRAEL CHAI),Yoni Z,33,world,0.927,0.6,0.442,0.025,-4.776,141.961,low
Lech Lecha (K3LZ Remix),"K3LZ, Eli Levin",27,world,0.907,0.684,0.336,0.346,-3.949,115.087,low
The Rain,TAI,42,world,0.59,0.377,0.563,0.514,-4.164,78.459,low
תלוי בנו,נהוראי אריאלי,32,world,0.465,0.794,0.652,0.751,-8.144,110.014,low
ארץ ישראל,Ishay Ribo,46,world,0.513,0.788,0.82,0.774,-9.877,99.022,low
Az Yashir 2.0,"K3LZ, Eli Levin, MOiSHE'LE",25,world,0.568,0.806,0.628,0.0462,-11.061,118.027,low
Eimosai (K3LZ Remix),"Danny Palgon, K3LZ",24,world,0.695,0.666,0.422,0.148,-8.157,120.043,low
LOVE ME,"Nissim Black, Oryahh",28,world,0.833,0.55,0.577,0.0523,-5.513,169.964,low
BaTachti,Dovid Lowy,24,world,0.737,0.66,0.802,0.536,-4.931,92.006,low
Brighter,Zusha,41,world,0.766,0.741,0.321,0.129,-7.358,126.079,low
Ani Maamin,TAI,42,world,0.514,0.598,0.49,0.461,-4.537,120.142,low
נקודות,שמואל,41,world,0.69,0.747,0.603,0.108,-7.22,104.995,low
Chaneinu,"Moshe Lang, Waterbury Mesivta, Sruli, Moyo",21,world,0.699,0.536,0.266,0.59,-6.614,133.069,low
Before I Go,"DJ Kraz, Isaac Ben",27,world,0.57,0.555,0.28,0.261,-10.277,127.956,low
Mili Deshtuta - Crazy Stuff,"Thank You Hashem, DJ Farbreng, Moshe Storch, Mikey Mause",26,world,0.765,0.497,0.669,0.113,-3.308,170.115,low
Ki Hu Levado,"Yossi Newman, Aryeh Barnett",25,world,0.603,0.752,0.841,0.19,-5.973,104.98,low
SCREAM,Nissim Black,22,world,0.795,0.62,0.628,0.273,-4.835,75.03,low
Eliyahu Hanavi,"K3LZ, Avi Abikhzer",20,world,0.41,0.753,0.337,0.464,-9.847,94.993,low
Bou,Danny Palgon,22,world,0.851,0.641,0.724,0.333,-4.552,100.028,low
Not Today (Dear Yetzer Hara),TAI,35,world,0.471,0.404,0.497,0.287,-5.848,76.934,low
End of the Tunnel,A.Y. Bouzaglou,19,world,0.705,0.595,0.562,0.221,-9.872,159.97,low
Ein Od Milvado,Mordechai Shapiro,34,world,0.749,0.798,0.81,0.258,-3.585,100.017,low
Ad Matai (Blue),iZZy D JaY,34,world,0.952,0.654,0.664,0.00635,-3.017,127.996,low
Ahalela,Avi Zelinger,20,world,0.752,0.604,0.444,0.0331,-5.09,128.046,low
Yom Yom,Dovid Lowy,22,world,0.887,0.738,0.798,0.604,-4.241,125.052,low
Ana,"Matt Dubb, Itzik Dadya",31,world,0.746,0.607,0.476,0.0334,-5.512,99.97,low
Tzur,Matt Dubb,19,world,0.873,0.596,0.64,0.0417,-2.956,120.005,low
Set Me Free,DeScribe,30,world,0.725,0.689,0.847,0.0334,-7.246,160.037,low
Yesh Kan,Mendy Piamenta,29,world,0.752,0.768,0.29,0.0808,-4.353,99.984,low
This Is My Home,Duvie Shapiro,31,world,0.855,0.589,0.764,0.0649,-5.196,75.03,low
Closer,"DJ Kraz, Aryeh Kunstler",23,world,0.782,0.489,0.706,0.28,-6.278,179.878,low
Zeh Keili,Ari Goldwag,21,world,0.844,0.593,0.651,0.598,-3.197,159.915,low
Schar Mitzvah,Mordechai Shapiro,32,world,0.73,0.677,0.691,0.378,-5.798,92.06,low
So Alive,DeScribe,27,world,0.874,0.648,0.535,0.00054,-6.135,128.045,low
Friends,Mordechai Shapiro,28,world,0.785,0.629,0.567,0.317,-5.188,128.945,low
Es Shem,Yechiel Lazarus,13,world,0.741,0.616,0.267,0.132,-3.394,109.928,low
Shema,Nachas,20,world,0.897,0.806,0.912,0.124,-2.796,113.01,low
Dreamer,DeScribe,27,world,0.813,0.644,0.391,0.0426,-7.604,120.014,low
V'hu Haya,"Yossi Newman, Aryeh Barnett",18,world,0.672,0.547,0.345,0.0496,-8.226,133.992,low
Long for the Day,Tani Polansky,16,world,0.817,0.599,0.644,0.00799,-5.752,105.017,low
מצווה גדולה,Mikey Mocton,15,world,0.701,0.738,0.414,0.261,-6.089,126.062,low
Welcome Back - Akiva Hammond Remix,"Waterbury Mesivta, Eli Dachs, Akiva Hammond",17,world,0.633,0.434,0.464,0.0228,-7.843,104.415,low
Flames,"DJ Kraz, Sholom",19,world,0.818,0.511,0.519,0.0405,-7.707,180.004,low
V'ohavta,"Yechiel Lazarus, DJ YLK",12,world,0.939,0.52,0.558,0.000343,-3.887,134.973,low
Hodu,Danny Palgon,15,world,0.825,0.7,0.546,0.0183,-5.446,113.04,low
Everything Is from You,Moshe Siegel,16,world,0.527,0.601,0.292,0.00168,-9.26,132.017,low
Modeh Ani,Moshe Tischler,29,world,0.853,0.728,0.77,0.318,-3.927,94.958,low
Ki Le'olam Chasdo,Joey Newcomb,17,world,0.726,0.709,0.879,0.479,-6.023,110.988,low
Sameach,Moshe Lichtenstein,15,world,0.721,0.665,0.333,0.161,-7.696,119.967,low
Lo Nafsik Lirkod,Ari Goldwag,27,world,0.88,0.692,0.894,0.0654,-4.125,125.004,low
Adama V'shamayim - Remix,DJ Kraz,16,world,0.707,0.592,0.291,0.0915,-8.98,105.015,low
Ani Maamin,DJ Kraz,13,world,0.633,0.573,0.357,0.0618,-11.519,149.99,low
Ashira,"Danny Palgon, Yoni Z",16,world,0.769,0.683,0.492,0.0891,-4.719,120.057,low
Baruch Hashem,"Zusha, Pumpidisa, Matt Dubb",33,world,0.675,0.378,0.27,0.00531,-9.647,141.905,low
It's You,Ruvi New,12,world,0.685,0.669,0.638,0.533,-6.197,111.974,low
Geshmak to Be a Yid,"Moshe Storch, DRS Senior Choir",23,world,0.853,0.686,0.897,0.325,-6.138,149.916,low
Olam Chesed Yibaneh - Remix,"RJ2, Moshe Lang",18,world,0.834,0.58,0.3,0.0669,-7.476,127.908,low
Rachem,RJ2,13,world,0.851,0.6,0.608,0.000291,-5.411,128.016,low
Kol Sasson,RJ2,14,world,0.943,0.557,0.572,0.0259,-4.549,142.0,low
Emes 2.0,"Baruch Naftel, Caudio",12,world,0.928,0.546,0.524,0.243,-3.692,128.028,low
Lehodos,Yehuda Freundlich,17,world,0.877,0.713,0.758,0.228,-3.726,122.041,low
Ashira Lashem,"Ari Goldwag, Dovid Pearlman",23,world,0.828,0.643,0.606,0.153,-3.842,103.964,low
Shifchi,Danny Palgon,12,world,0.847,0.608,0.468,0.261,-5.58,100.035,low
Pischi,Danny Palgon,11,world,0.816,0.697,0.497,0.1,-6.428,99.983,low
Simcha Strong - Camp Simcha 2019 Boys Song - Camp Simcha Remix,"Ami Eller, Camp Simcha",18,world,0.503,0.648,0.574,0.648,-9.513,121.966,low
Ponies (Turning Around) [feat. Aryeh Kunstler],"A.K.A. Pella, Aryeh Kunstler",15,world,0.885,0.59,0.427,0.00624,-2.536,122.035,low
Thank You Hashem,Baruch Levine,15,world,0.83,0.669,0.56,0.179,-5.196,128.172,low
Anim,Gad Feureisen,26,world,0.778,0.687,0.892,0.0897,-4.604,95.05,low
Bsimcha,Danny Palgon,16,world,0.633,0.578,0.386,0.429,-6.666,144.04,low
Ayeh! - DJ Roi Cohen Remix,"Reuven Garber ראובן גרבר, DJ Roi Cohen",23,world,0.852,0.708,0.533,0.0438,-5.729,104.982,low
Eimosai,Danny Palgon,13,world,0.715,0.649,0.448,0.335,-6.411,119.981,low
Ashira Lashem,"Dovid Pearlman, Ari Goldwag",12,world,0.828,0.643,0.606,0.153,-3.842,103.964,low
Adon Olam,"Dovid Pearlman, C. Neuhaus",21,world,0.886,0.625,0.314,0.00514,-5.794,139.968,low
לא נורא,Shuky,27,world,0.919,0.612,0.789,0.00372,-4.772,130.019,low
Power,Yoni Z,23,world,0.83,0.723,0.613,0.0682,-5.359,109.99,low
B'yeshiva Sheli,Zevi Kaufman,13,world,0.722,0.65,0.467,0.104,-7.52,127.962,low
Hey-Ha,Uzi Bodner,15,world,0.818,0.505,0.625,0.0868,-5.816,176.078,low
Ad Layla,Uzi Bodner,12,world,0.855,0.641,0.737,0.0255,-7.098,113.019,low
Nodeh Lecha,Nachas,24,world,0.736,0.553,0.725,0.287,-5.379,120.972,low
Hallelukah,Yoni Z,24,world,0.904,0.659,0.668,0.271,-2.83,109.991,low
Ein yeush,"Moshe Lang, A.Y. Bouzaglou",11,world,0.606,0.422,0.413,0.0805,-9.662,144.115,low
Who Am I,BINYAMIN,25,world,0.482,0.759,0.391,0.147,-7.158,79.995,low
Accept,Aryeh Kunstler,17,world,0.569,0.542,0.445,0.201,-9.611,80.027,low
Dry Tears,"Yossi Rodal, iZZy D JaY",32,world,0.402,0.722,0.337,0.678,-7.393,99.914,low
Proud Jew,"Yossi Rodal, iZZy D JaY, CTeen",36,world,0.624,0.853,0.718,0.132,-4.377,127.903,low
Unspoken,"Yossi Rodal, iZZy D JaY",27,world,0.895,0.641,0.496,0.556,-5.344,99.862,low
How to Fly,Jeryko,23,world,0.634,0.702,0.124,0.146,-4.773,97.043,low
Believe,"Eli Skies, Shmuel Zimmer",13,world,0.549,0.691,0.367,0.589,-7.176,125.043,low
Elokai,"Eli Skies, Dovid Gross",11,world,0.517,0.545,0.151,0.259,-6.382,74.997,low
Nyet Nyet,"The International Nigun Project, Leo Chelyapov, Yossi Rodel, Shmuel Marcus, iZZy D JaY",28,world,0.872,0.707,0.628,0.0526,-5.18,124.943,low
Modeh Ani,"Hershel, iZZy D JaY",20,world,0.804,0.612,0.453,0.137,-4.868,125.99,low
Odecha,Reuven Garber ראובן גרבר,16,world,0.647,0.455,0.171,0.0377,-7.67,111.979,low
Idan Chadash,Duvie Shapiro,22,world,0.72,0.714,0.696,0.0922,-6.751,113.015,low
Never Alone,Danny Palgon,13,world,0.556,0.732,0.22,0.572,-10.801,105.021,low
K'Echud,"Yossi Newman, Aryeh Barnett",14,world,0.737,0.668,0.465,0.00296,-7.467,111.97,low
Only One,Nissim Black,17,world,0.768,0.724,0.734,0.233,-5.895,159.962,low
Ah-Yay!,Nachas,32,world,0.644,0.666,0.45,0.133,-7.062,128.083,low
תרקדו,איציק וינגרטן,34,world,0.885,0.778,0.794,0.0827,-5.852,128.021,low
Sois Tosis,"Mordechai Shapiro, Freilach Band",15,world,0.807,0.605,0.748,0.0885,-6.473,124.723,low
Hashem Echad,Itzik Orlev,28,world,0.789,0.637,0.601,0.434,-4.538,105.048,low
ריקוד מנצח,Itzik Orlev,24,world,0.948,0.636,0.74,0.0625,-3.865,110.012,low
Sultan - Workout Remix,"Vishal-Shekhar, Sukhwinder Singh, Shadab Faridi, Irshad Kamil",42,indian,0.743,0.797,0.586,0.00929,-7.217,140.028,low
"Humraah (From ""Malang - Unleash The Madness"")","Sachet Tandon, Kunaal Vermaa, The Fusion Project",66,indian,0.854,0.468,0.277,0.176,-3.932,155.867,low
"Singham Again Title Track (From ""Singham Again"")","Santhosh Venky, Ravi Basrur, Swanand Kirkire",50,indian,0.939,0.622,0.231,0.367,-5.881,100.081,low
Dangal,"Pritam, Daler Mehndi",58,indian,0.867,0.617,0.665,0.237,-5.1,178.004,low
Kar Har Maidaan Fateh,"Sukhwinder Singh, Shreya Ghoshal",48,indian,0.821,0.557,0.184,0.0189,-7.794,170.022,low
"Sarphira (From ""Chandu Champion"")","Pritam, Sreerama Chandra, Kausar Munir",45,indian,0.821,0.654,0.602,0.416,-5.698,125.877,low
"Illegal Weapon 2.0 (From ""Street Dancer 3D"")","Jasmine Sandlas, Garry Sandhu, Tanishk Bagchi, Intense",66,indian,0.919,0.805,0.494,0.101,-1.294,94.993,low
"Ghungroo (From ""War"")","Vishal-Shekhar, Arijit Singh, Shilpa Rao, Kumaar",65,indian,0.727,0.695,0.864,0.0744,-6.274,118.034,low
Sooraj Dooba Hain,"Arijit Singh, Aditi Singh Sharma",65,indian,0.75,0.616,0.434,0.172,-4.629,128.051,low
Gallan Goodiyaan,"Yashita Sharma, Manish Kumar Tipu, Farhan Akhtar, Shankar Mahadevan, Sukhwinder Singh",64,indian,0.858,0.83,0.949,0.134,-3.18,119.974,low
"Coca Cola (From ""Luka Chuppi"")","Tony Kakkar, Neha Kakkar, Young Desi, Tanishk Bagchi",64,indian,0.867,0.722,0.893,0.121,-3.652,102.009,low
Baby Doll,"Meet Bros Anjjan, Kanika Kapoor",63,indian,0.839,0.836,0.507,0.275,-2.974,103.992,low
Jhoome Jo Pathaan,"Vishal-Shekhar, Arijit Singh, Sukriti Kakar, Vishal Dadlani, Shekhar Ravjiani, Kumaar",64,indian,0.738,0.817,0.616,0.0964,-7.639,104.964,low
Ainvayi Ainvayi,"Salim–Sulaiman, Salim Merchant, Sunidhi Chauhan, Amitabh Bhattacharya",63,indian,0.742,0.689,0.876,0.0339,-7.571,155.986,low
Comment te dire adieu,Françoise Hardy,41,electronic,0.605,0.742,0.93,0.305,-9.045,124.205,low
Isla Privée,"Dele GT, LAVIERY",19,electronic,0.547,0.694,0.406,0.265,-8.107,93.942,low
La Bebé (Remix) [French Version],Dele GT,17,electronic,0.409,0.714,0.497,0.0821,-6.476,170.071,low
Balance ton quoi,Angèle,63,electronic,0.442,0.703,0.381,0.594,-10.383,115.932,low
Yeux disent,Lomepal,54,electronic,0.586,0.736,0.395,0.553,-8.152,113.655,low
Douce France,Charles Trenet,50,electronic,0.196,0.581,0.362,0.979,-17.281,114.399,low
Alucin - Versión Francés,"Eugenio Esquivel, Dele GT, Los Esquivel, Sebastian Esquivel",14,electronic,0.694,0.763,0.557,0.00438,-6.531,127.997,low
Tout oublier,"Angèle, Roméo Elvis",59,electronic,0.542,0.692,0.285,0.493,-7.9,105.005,low
Ella Baila Sola - Acustic French version,Dele GT,13,electronic,0.238,0.543,0.358,0.796,-8.738,98.957,low
Ta reine,Angèle,59,electronic,0.44,0.668,0.127,0.822,-10.607,107.091,low
Impala,"Adèle Castillon, Videoclub",41,electronic,0.552,0.636,0.737,0.624,-9.972,105.961,low
Flou,Angèle,56,electronic,0.52,0.682,0.468,0.697,-9.623,112.965,low
CIEL,HOUDI,42,electronic,0.411,0.923,0.322,0.0529,-11.2,111.926,low
Face à la mer,"Calogero, Passi",57,electronic,0.786,0.474,0.665,0.0076,-6.115,186.033,low
"Je t'aimais, je t'aime, je t'aimerai",Francis Cabrel,43,electronic,0.399,0.406,0.372,0.828,-9.863,177.547,low
Incapable,"Jewel Usain, Béesau, Hedges",37,electronic,0.513,0.458,0.448,0.199,-10.321,82.434,low
Pastille bleue,Jewel Usain,32,electronic,0.52,0.824,0.255,0.155,-8.162,79.043,low
En plein océan,Jewel Usain,21,electronic,0.48,0.727,0.239,0.0887,-8.751,99.844,low
1994,Hamza,52,electronic,0.679,0.804,0.577,0.387,-6.417,134.026,low
J'me tire,GIMS,65,electronic,0.676,0.752,0.425,0.00892,-5.233,95.017,low
Ramenez la coupe à la maison,Vegedream,65,electronic,0.661,0.808,0.804,0.0358,-6.237,107.992,low
Notes pour trop tard (feat. Ibeyi),"Orelsan, Ibeyi",56,electronic,0.622,0.531,0.593,0.602,-7.751,167.758,low
Trop beau,Lomepal,61,electronic,0.66,0.748,0.324,0.295,-6.034,123.902,low
Sur ma route,Black M,58,electronic,0.785,0.747,0.389,0.053,-6.735,125.025,low
Désolé,Sexion d'Assaut,62,electronic,0.482,0.631,0.677,0.428,-6.761,100.013,low
Wati by Night,Sexion d'Assaut,63,electronic,0.756,0.932,0.759,0.15,-2.607,114.986,low
Ma direction,Sexion d'Assaut,58,electronic,0.763,0.865,0.683,0.0783,-5.482,106.977,low
Pitbull,Booba,54,electronic,0.964,0.787,0.594,0.289,-4.816,177.972,low
Tchikita,Jul,54,electronic,0.654,0.955,0.749,0.727,-5.528,110.943,low
FADE UP,"ZEG P, Hamza, SCH",61,electronic,0.599,0.758,0.557,0.57,-5.99,129.96,low
Bande organisée,"Kofs, Soso Maness, Elams, Jul, SCH, Naps, Solda, Houari, 13 Organisé",64,electronic,0.939,0.901,0.805,0.117,-2.762,142.948,low
Fusil,SCH,57,electronic,0.464,0.87,0.0929,0.474,-7.44,100.011,low
6.45i,SCH,25,electronic,0.651,0.524,0.335,0.602,-7.897,151.926,low
92i veyron,Booba,65,electronic,0.673,0.801,0.453,0.27,-5.576,122.975,low
E.L.E.P.H.A.N.T - Bonus Track,Booba,44,electronic,0.685,0.84,0.267,0.193,-3.431,120.971,low
La Vie en rose,Édith Piaf,58,electronic,0.278,0.371,0.338,0.981,-8.596,82.331,low
Je ne veux pas travailler,Sole Gimenez,35,electronic,0.503,0.665,0.468,0.701,-6.985,129.76,low
Amour plastique,"Videoclub, Adèle Castillon, Mattyeux",58,electronic,0.354,0.7,0.245,0.765,-14.043,119.965,low
Je ne t'aime plus,Manu Chao,62,electronic,0.438,0.649,0.932,0.911,-12.859,149.897,low
Simple,"Moussa, Claire Laffut",16,electronic,0.373,0.63,0.346,0.856,-10.136,97.034,low
Paradis,Panache!,22,electronic,0.665,0.719,0.656,0.419,-7.248,127.977,low
Bleu ciel,Smeels,38,electronic,0.549,0.65,0.13,0.18,-7.231,140.011,low
La recette,Slimane,55,electronic,0.673,0.727,0.397,0.248,-6.269,95.925,low
Sors,Ycare,35,electronic,0.862,0.582,0.562,0.0263,-7.211,119.931,low
La pluie (feat. Stromae),"Orelsan, Stromae",57,electronic,0.759,0.694,0.777,0.0756,-5.231,86.037,low
La terre est ronde,Orelsan,61,electronic,0.675,0.634,0.633,0.099,-7.351,82.183,low
Parce que c'est toi,M. Pokora,30,electronic,0.617,0.696,0.626,0.269,-6.123,123.994,low
Don't Stop,Lenni Kim,34,electronic,0.791,0.75,0.593,0.189,-6.707,105.074,low
Mais je t'aime,"Grand Corps Malade, Camille Lellouche",57,electronic,0.412,0.476,0.209,0.796,-10.529,179.783,low
Derrière le brouillard,"Grand Corps Malade, Louane",56,electronic,0.616,0.68,0.229,0.167,-8.528,109.842,low
Pas l'temps pour les regrets,Lunatic,47,electronic,0.868,0.609,0.592,0.286,-4.535,92.742,low
On verra,Nekfeu,64,electronic,0.58,0.575,0.323,0.166,-6.801,75.195,low
Qui peut le nier ! - Remasterisé,Oxmo Puccino,30,electronic,0.501,0.772,0.379,0.0106,-5.887,90.967,low
AMNESIA,TIF,57,electronic,0.392,0.792,0.697,0.864,-8.039,119.983,low
Heureux qui comme Ulysse,Georges Brassens,31,electronic,0.145,0.677,0.698,0.929,-14.238,99.508,low
Le chant des sirènes,Fréro Delavega,62,electronic,0.474,0.73,0.625,0.669,-9.537,123.895,low
FLEURS (feat. Tiakola),"Gazo, Tiakola",62,electronic,0.636,0.673,0.438,0.268,-7.431,127.021,low
Apollo13,"Mister V, Juice",36,electronic,0.667,0.789,0.731,0.356,-7.301,132.009,low
T'as peur,"Aya Nakamura, Myke Towers",49,electronic,0.565,0.755,0.407,0.113,-5.595,177.941,low
CP_009_ Évidemment,"Orelsan, Angèle",51,electronic,0.67,0.713,0.457,0.113,-6.447,120.76,low
Magenta,Bekar,60,electronic,0.552,0.726,0.629,0.534,-7.666,138.032,low
Salé,Niska,60,electronic,0.595,0.772,0.37,0.406,-7.576,141.97,low
Mélodie,OBOY,62,electronic,0.536,0.781,0.524,0.36,-8.188,95.034,low
P A S C O M M E Ç A,"Tayc, Tiakola",64,electronic,0.691,0.765,0.711,0.226,-7.016,102.025,low
Céline,"Elh Kmer, So La Lune",47,electronic,0.578,0.622,0.58,0.602,-7.155,140.709,low
AMARU,Dinos,46,electronic,0.464,0.886,0.417,0.168,-8.947,108.015,low
Namek,Dinos,39,electronic,0.596,0.707,0.547,0.55,-8.284,120.954,low
"L’Amour, Les Baguettes, Paris",Stella Jang,50,electronic,0.132,0.369,0.367,0.954,-13.639,78.412,low
Δ. Dieu ne ment jamais,Damso,66,electronic,0.736,0.756,0.612,0.0597,-7.719,115.983,low
DJ,Diam's,54,electronic,0.623,0.916,0.816,0.15,-7.648,123.08,low
Billets,Gradur,18,electronic,0.72,0.615,0.3,0.706,-5.809,127.385,low
Des milliers de je t'aime,Slimane,63,electronic,0.552,0.532,0.296,0.725,-6.005,134.768,low
Hijo de la Luna - Fils de la Lune,The Top Club Band,21,electronic,0.412,0.425,0.38,0.84,-13.607,177.144,low
BANKSY,"Recycled J, Selecta",39,electronic,0.509,0.745,0.504,0.391,-7.486,127.143,low
La maladie d'amour,Michel Sardou,54,electronic,0.44,0.382,0.411,0.777,-10.124,137.321,low
Les mots bleus,Christophe,54,electronic,0.71,0.343,0.391,0.497,-4.412,138.241,low
Aimer à perdre la raison,Jean Ferrat,29,electronic,0.343,0.311,0.412,0.77,-10.186,100.551,low
Comme d'habitude,Claude François,52,electronic,0.487,0.325,0.489,0.143,-8.512,85.706,low
Coup de vieux,"Bigflo & Oli, Julien Doré",58,electronic,0.624,0.834,0.831,0.0729,-8.565,115.981,low
Dommage,Bigflo & Oli,58,electronic,0.595,0.757,0.811,0.375,-8.125,172.07,low
Hit Sale,"Therapie TAXI, Roméo Elvis",63,electronic,0.784,0.573,0.69,0.141,-5.224,82.009,low
Eté 90,Therapie TAXI,65,electronic,0.618,0.649,0.381,0.0215,-7.691,92.02,low
Papa,"Bigflo & Oli, Fabian Ordonez",43,electronic,0.684,0.781,0.563,0.256,-6.169,103.978,low
1000°C,"Lomepal, Roméo Elvis",53,electronic,0.553,0.706,0.392,0.263,-8.056,102.996,low
Soleil,Roméo Elvis,49,electronic,0.766,0.702,0.512,0.259,-6.578,124.011,low
40%,Aya Nakamura,57,electronic,0.693,0.841,0.678,0.396,-7.335,92.021,low
Lolita,Ashh,52,electronic,0.675,0.474,0.386,0.22,-5.901,83.204,low
J't'emmène au vent,Louise Attaque,65,electronic,0.772,0.567,0.597,0.252,-5.577,137.014,low
A minuit,Bekar,52,electronic,0.623,0.712,0.869,0.4,-8.473,75.996,low
Les feuilles mortes,Yves Montand,34,electronic,0.146,0.391,0.158,0.984,-15.246,88.934,low
Elle Danse sexy,"Sisi K, BB Model",33,electronic,0.838,0.63,0.707,0.00211,-4.662,140.04,low
Magic in the Air (feat. Ahmed Chawki),"Magic System, Chawki",67,electronic,0.907,0.621,0.884,0.091,-3.923,128.056,low
Ambiance à l'africaine,Magic System,53,electronic,0.773,0.851,0.734,0.192,-5.159,131.559,low
Bécane - A COLORS SHOW,Yamê,67,electronic,0.527,0.505,0.235,0.327,-7.765,120.462,low
Petit à petit,Arcadian,34,electronic,0.774,0.806,0.517,0.106,-7.06,109.999,low
I love you,"Dadju, Tayc",63,electronic,0.61,0.447,0.718,0.316,-6.161,138.266,low
Les yeux de la mama,Kendji Girac,52,electronic,0.556,0.475,0.414,0.43,-6.06,88.188,low
Le vent nous portera,Noir Désir,58,electronic,0.702,0.669,0.793,0.713,-10.616,105.232,low
Côte Ouest,47ter,42,electronic,0.594,0.771,0.581,0.501,-7.961,152.039,low
On avait dit,47ter,34,electronic,0.643,0.772,0.776,0.541,-6.58,120.014,low
Et même après je t'aimerai,Hoshi,58,electronic,0.621,0.589,0.253,0.287,-4.239,100.055,low
Tout va bien,roland decembre,14,electronic,0.624,0.742,0.866,0.252,-8.139,133.977,low
Dans ma tête,Nell Widmer,29,electronic,0.57,0.831,0.478,0.2,-8.572,115.02,low
Reste en Vie,Luidji,64,electronic,0.305,0.763,0.551,0.857,-8.174,118.677,low
Médicament,"Niska, Booba",52,electronic,0.653,0.665,0.381,0.693,-6.686,157.38,low
Réseaux,Niska,63,electronic,0.668,0.795,0.349,0.161,-6.463,150.093,low
P*Tain de m*Rde,Naza,47,electronic,0.802,0.776,0.804,0.27,-6.237,140.014,low
La mer,Charles Trenet,43,electronic,0.168,0.241,0.556,0.965,-16.267,84.749,low
Je t'aime moi non plus,"Serge Gainsbourg, Jane Birkin",51,electronic,0.362,0.47,0.376,0.39,-12.382,83.649,low
Pacifique,Zoufris Maracas,39,electronic,0.412,0.651,0.922,0.444,-9.686,179.852,low
Jardin d'hiver,Henri Salvador,53,electronic,0.144,0.684,0.573,0.534,-17.419,119.659,low
La mémoire et la mer,Léo Ferré,22,electronic,0.281,0.42,0.277,0.85,-11.644,129.346,low
La maison près de la fontaine,Nino Ferrer,38,electronic,0.302,0.467,0.18,0.788,-10.322,88.15,low
Le sud,Nino Ferrer,57,electronic,0.56,0.534,0.599,0.451,-7.565,89.885,low
Used to Be in Love,The Jungle Giants,65,indie,0.631,0.83,0.877,0.0022,-5.238,128.013,low
Booster Seat,Spacey Jane,62,indie,0.55,0.629,0.7,0.042,-5.403,111.962,low
Sofa King,Royel Otis,68,indie,0.898,0.565,0.864,0.00491,-5.055,97.021,low
Yellow Mellow,Ocean Alley,62,indie,0.852,0.493,0.499,0.0231,-3.349,86.309,low
Out Of Luck,Old Mervs,53,indie,0.883,0.506,0.5,0.29,-5.063,95.951,low
Sunbleached Girl,Shag Rock,55,indie,0.603,0.718,0.474,0.326,-6.278,108.074,low
Better in Blak,Thelma Plum,51,indie,0.849,0.673,0.375,0.0186,-5.242,148.002,low
Money,Lime Cordiale,55,indie,0.585,0.646,0.412,0.163,-9.148,110.058,low
Australia Street,Sticky Fingers,62,indie,0.69,0.456,0.512,0.0215,-8.092,77.66,low
Up In The Clouds,Skegss,51,indie,0.64,0.553,0.478,0.0109,-9.246,104.989,low
Feel the Way I Do,The Jungle Giants,55,indie,0.636,0.803,0.817,0.0231,-4.64,122.966,low
Rose Pink Cadillac,DOPE LEMON,64,indie,0.805,0.746,0.906,0.321,-6.827,100.003,low
Tombstone,Ocean Alley,55,indie,0.542,0.334,0.809,0.0117,-11.202,169.31,low
Glaciers,Lights & Motion,33,electronic,0.16,0.0789,0.0409,0.733,-18.144,56.449,low
The Ends,Luke Howard,24,electronic,0.0429,0.196,0.0575,0.977,-19.749,69.569,low
Ariana,Tony Anderson,41,electronic,0.185,0.513,0.0341,0.967,-24.03,92.992,low
Rush/Rest,Benjamin Drewitz,21,electronic,0.163,0.398,0.371,0.987,-24.801,166.037,low
Umbra,Jakob Ahlbom,18,electronic,0.233,0.257,0.037,0.936,-21.571,178.034,low
Solskur - Rework,"Patrik Berg Almkvisth, LUCHS, Hollie Kenniff",14,electronic,0.287,0.128,0.0392,0.96,-18.719,64.845,low
Enghave Lys,Henrik Lindstrand,21,electronic,0.106,0.612,0.251,0.99,-23.461,118.084,low
december - Music Within remix,"Dear Gravity, Music Within",34,electronic,0.167,0.417,0.0769,0.976,-20.834,79.948,low
We Still Share the Same Sky,Koshun Nakao,19,electronic,0.132,0.208,0.0916,0.95,-21.318,132.338,low
Monarch,From Somewhere Quiet,20,electronic,0.139,0.245,0.149,0.593,-17.824,103.549,low
Relent,Jakob Ahlbom,16,electronic,0.0917,0.24,0.0385,0.964,-20.167,70.294,low
New Beginning,AEMIA,12,electronic,0.206,0.124,0.0367,0.926,-16.626,84.122,low
love is like the wind,Ross Lara,25,electronic,0.00945,0.152,0.249,0.971,-30.46,76.745,low
Autonomy,"Jakob Ahlbom, Hanna Ekström, Anna Dager",34,electronic,0.0732,0.18,0.0703,0.954,-24.359,88.092,low
Restore - Instrumental,"Salt Of The Sound, Simon Wester",46,electronic,0.0798,0.254,0.0679,0.943,-19.993,86.126,low
Trampoline,"Stilhed, Jacob David",31,electronic,0.0624,0.227,0.0387,0.761,-28.311,69.11,low
Chapter Three,Sarah Watson,39,electronic,0.0445,0.267,0.241,0.987,-30.101,70.694,low
dvale,bløeme,12,electronic,0.0661,0.171,0.0393,0.961,-25.611,77.843,low
Cavendish Creek,Charlie Ryder,22,electronic,0.039,0.188,0.0806,0.971,-32.36,128.309,low
Tundra,Immanu El,15,electronic,0.313,0.207,0.0381,0.936,-19.806,112.876,low
Cambridge,From Somewhere Quiet,26,electronic,0.131,0.166,0.0703,0.808,-18.157,86.729,low
Heartbeat,Ross Lara,14,electronic,0.146,0.186,0.0369,0.916,-23.549,79.161,low
cure all - reimagined,Dear Gravity,30,electronic,0.137,0.173,0.0391,0.783,-22.641,116.13,low
The Distance Between Us III,Alfonso Peduto,14,electronic,0.0647,0.16,0.177,0.968,-26.427,69.935,low
The Fig Tree,Jakob Ahlbom,35,electronic,0.0637,0.382,0.0783,0.976,-18.423,109.903,low
Through the Trees,"Raphah, We Dream of Eden",30,electronic,0.151,0.202,0.0361,0.884,-21.19,67.141,low
Song For O,Ward Dhoore,11,electronic,0.0254,0.426,0.246,0.991,-28.77,53.829,low
Sense of Perception,Charlie Ryder,15,electronic,0.0331,0.173,0.248,0.907,-25.129,73.003,low
Eyries,"Jakob Ahlbom, Hanna Ekström, Anna Dager",31,electronic,0.122,0.188,0.0392,0.966,-16.924,97.609,low
Exist,Giuliano Poles,14,electronic,0.0277,0.489,0.0861,0.962,-33.191,124.035,low
Distant Memory,"Simon Wester, We Dream of Eden",38,electronic,0.204,0.102,0.0367,0.914,-19.741,90.792,low
Sun,"Sun Rain, Alaskan Tapes",13,electronic,0.105,0.129,0.0389,0.904,-23.323,57.353,low
Ecosystem,"Jakob Ahlbom, Anna Dager, Hanna Ekström",13,electronic,0.296,0.192,0.0342,0.621,-13.959,98.021,low
New Mercies,Anneline Hugo,14,electronic,0.0519,0.121,0.131,0.979,-23.796,70.798,low
Run,"Fryderyk HD, Lilibet",19,electronic,0.141,0.382,0.0385,0.802,-23.702,133.731,low
Hoarfrost,PuzzleWaves,21,electronic,0.335,0.265,0.0501,0.941,-20.259,82.398,low
Lakewood,Adalione,21,electronic,0.131,0.401,0.0656,0.977,-21.0,97.16,low
Northern,Sailsetter,35,electronic,0.0503,0.0642,0.0354,0.93,-24.963,52.248,low
Altitude,Beneath The Mountain,14,electronic,0.0745,0.219,0.0385,0.975,-23.757,115.856,low
Sand Castle,Taisen,11,electronic,0.072,0.419,0.0615,0.961,-19.041,160.113,low
Nostalgia,Libby Flores,17,electronic,0.154,0.345,0.0388,0.493,-19.336,120.408,low
Lost Love,Ben Laver,16,electronic,0.0135,0.17,0.0895,0.977,-24.59,80.163,low
Landscapes,Uutela,24,electronic,0.152,0.532,0.152,0.986,-24.397,113.419,low
Coasting,Euan Dalgarno,12,electronic,0.259,0.127,0.0364,0.951,-16.111,80.745,low
Carry Me Away,From Somewhere Quiet,30,electronic,0.139,0.2,0.104,0.881,-18.539,102.462,low
petals,springwell.,12,electronic,0.0293,0.117,0.0615,0.995,-27.884,94.383,low
Where Nothing Is Forgotten,Kyle Preston,19,electronic,0.159,0.0594,0.0302,0.895,-20.13,56.162,low
Hope and a Future,Raphah,25,electronic,0.201,0.138,0.0327,0.913,-18.646,77.711,low
First Heartbeat,Sarah Watson,48,electronic,0.145,0.377,0.26,0.989,-24.252,127.457,low
No3 | Madrugada,Andreas Hauschild,27,electronic,0.0325,0.359,0.326,0.991,-29.901,126.368,low
In Bloom,Antonio Ministeri,12,electronic,0.155,0.0597,0.0338,0.917,-17.235,65.143,low
Latitude,George Ian Hewitt,12,electronic,0.0348,0.531,0.089,0.995,-29.018,72.346,low
I Opened A Book,Have a Cigar,15,electronic,0.151,0.304,0.0455,0.961,-24.076,99.779,low
Resonance,Christopher Galovan,37,electronic,0.0525,0.0658,0.0389,0.925,-26.699,66.754,low
Seven Years,Josh Leake,16,electronic,0.168,0.217,0.0376,0.911,-20.041,139.912,low
Then There Was You,Beneath The Mountain,19,electronic,0.0941,0.192,0.0527,0.9,-21.537,67.817,low
"Tomorrow, I'll be fine",Onur Tarçın,42,electronic,0.202,0.24,0.0656,0.783,-19.022,92.081,low
Deep,Peter Sandberg,37,electronic,0.0748,0.207,0.0385,0.904,-22.754,48.232,low
And So It Continues,"Johannes Baumer, Distant Cowboy",28,electronic,0.24,0.0746,0.0307,0.692,-16.993,79.44,low
Aria,Across The Great Valley,22,electronic,0.161,0.405,0.0439,0.945,-14.691,64.971,low
Joha,Asake,61,latin,0.817,0.819,0.77,0.0593,-8.221,120.039,low
Finesse,"Pheelz, Bnxn",44,latin,0.537,0.861,0.769,0.504,-8.199,102.014,low
Monalisa,"Lojay, Sarz",58,latin,0.705,0.827,0.624,0.0813,-6.756,113.006,low
Terminator,Asake,46,latin,0.657,0.829,0.811,0.235,-6.802,116.984,low
Ijo (Laba Laba),Crayon,45,latin,0.513,0.818,0.583,0.106,-11.382,115.01,low
Sungba (feat. Burna Boy) - Remix,"Asake, Burna Boy",47,latin,0.588,0.861,0.705,0.00913,-8.861,111.995,low
High,"Adekunle Gold, Davido",47,latin,0.864,0.802,0.828,0.106,-5.442,115.997,low
PALAZZO,"SPINALL, Asake",46,latin,0.659,0.819,0.441,0.0534,-9.024,116.054,low
Buga (Lo Lo Lo),"Kizz Daniel, Tekno",55,latin,0.716,0.92,0.961,0.296,-7.104,115.991,low
No Wahala,1da Banton,54,latin,0.639,0.808,0.612,0.621,-7.244,105.016,low
Ototo,Asake,60,latin,0.58,0.805,0.886,0.382,-7.924,130.672,low
love nwantiti (ah ah ah) [feat. Joeboy & Kuami Eugene] [Remix],"CKay, Joeboy, Kuami Eugene",58,latin,0.708,0.655,0.525,0.568,-6.403,186.017,low
Loaded,"Tiwa Savage, Asake",50,latin,0.718,0.741,0.627,0.124,-6.767,114.125,low
Soundgasm,Rema,60,latin,0.525,0.805,0.693,0.119,-7.376,100.033,low
Champion Sound,"Davido, Focalistic",44,latin,0.475,0.861,0.248,0.0325,-11.952,113.016,low
"WATAWI (feat. Davido, Focalistic & Abidoza)","CKay, Focalistic, Davido, Abidoza",42,latin,0.653,0.871,0.51,0.623,-6.234,112.995,low
B. D’OR (feat. Wizkid),"Burna Boy, Wizkid",53,latin,0.658,0.873,0.483,0.00858,-8.031,104.033,low
Peru,Fireboy DML,51,latin,0.415,0.951,0.633,0.572,-6.847,108.014,low
Mood (feat. BNXN),"Wizkid, Bnxn",60,latin,0.7,0.897,0.755,0.0193,-2.776,101.944,low
Joro,Wizkid,63,latin,0.694,0.686,0.587,0.253,-3.693,189.998,low
Ginger (feat. Burna Boy),"Wizkid, Burna Boy",62,latin,0.749,0.545,0.681,0.103,-6.621,100.503,low
Let Dem Kno,"Smallgod, Tiwa Savage, Kwesi Arthur",34,latin,0.511,0.847,0.676,0.00723,-6.69,109.033,low
True Love (feat. Tay Iwar & Projexx),"Wizkid, Tay Iwar, Projexx",58,latin,0.542,0.85,0.622,0.229,-3.602,119.747,low
Tinkerbell (feat. Wizkid),"R2Bees, Wizkid",32,latin,0.715,0.736,0.706,0.626,-3.019,96.11,low
Free My Mind,Omah Lay,44,latin,0.37,0.771,0.941,0.426,-10.813,94.893,low
Feeling,"LADIPOE, Bnxn",59,latin,0.575,0.615,0.552,0.26,-6.515,134.791,low
Ameno Amapiano Remix (You Wanna Bamba),"Goya Menor, Nektunez",54,latin,0.898,0.807,0.743,0.188,-5.837,112.998,low
Trouble,"R-Wan, Minz",22,latin,0.651,0.79,0.544,0.284,-8.02,109.953,low
Colours,Kid AlpHa,51,latin,0.534,0.904,0.732,0.0345,-6.768,103.045,low
It's Plenty,Burna Boy,65,latin,0.565,0.776,0.53,0.36,-10.609,107.035,low
風林火山 ～月冴ゆ夜～,"Hiromitsu Agatsuma, Chen Min, Akira Senju",39,world,0.832,0.491,0.375,0.00287,-5.606,164.852,low
Toyohashi-matsuri (Toyohashi Festival) - Onibi (Demon Flame),Tomoe-Ryu Yutakadaiko,29,world,0.419,0.41,0.247,0.847,-17.154,83.799,low
A Ri Rang,Hideo Osaka Ensemble,28,world,0.0341,0.266,0.0738,0.985,-23.265,81.658,low
Haneko odori (Bouncing Dance),Tomoe-Ryu Yutakadaiko,30,world,0.301,0.506,0.497,0.569,-15.984,114.346,low
Samurai Song,Hideo Osaka Ensemble,30,world,0.155,0.267,0.386,0.954,-24.627,72.199,low
Kodaiko,Taisei Iwasaki,23,world,0.411,0.537,0.418,0.799,-17.968,138.331,low
Musashi Mai Uchi,Joji Hirota Taiko Drummers,26,world,0.401,0.588,0.158,0.801,-16.749,99.7,low
Haru no Umi,Masayo Ishigure,27,world,0.259,0.426,0.338,0.989,-12.203,90.047,low
じょんがら 健一,Yoshida Brothers,24,world,0.599,0.508,0.377,0.753,-13.285,145.895,low
Yamaguchi Sansa Odoriuta,Shogetsu Watanabe,21,world,0.216,0.617,0.651,0.958,-19.88,131.186,low
Kurama Yama,Ensemble Kineya,22,world,0.228,0.554,0.289,0.901,-15.804,93.573,low
Japanese Traditional Music,Traditional Japanese Music,27,world,0.304,0.573,0.626,0.979,-12.725,116.616,low
Harusame,Matsu Take Ensemble,19,world,0.132,0.352,0.386,0.988,-14.51,126.101,low
Otoko-koko-ni Ariki (This is the man),Wadaiko Matsuriza,26,world,0.279,0.438,0.372,0.837,-23.868,173.186,low
Deha,The Kyoto Nohgaku Kai,18,world,0.0734,0.604,0.293,0.852,-20.326,97.917,low
Japanese Tea Ceremony,Music Time,22,world,0.326,0.467,0.521,0.883,-8.425,169.856,low
暁 Akatsuki,Kodo,19,world,0.29,0.415,0.159,0.475,-22.68,110.38,low
Japanese Drums,Japanese Taiko Drums,20,world,0.787,0.538,0.783,0.629,-11.566,109.101,low
Japanese Peace Song,Asian Traditional Music,22,world,0.00293,0.294,0.658,0.994,-16.099,115.722,low
Timelapse,"Uno Helmersson, Mari Samuelsen, Jesper Söderqvist, Gunnar Flagstad, TrondheimSolistene",42,ambient,0.181,0.223,0.179,0.882,-15.087,105.181,low
Near Light,"Ólafur Arnalds, Mari Samuelsen, Hakon Samuelsen, TrondheimSolistene",34,ambient,0.124,0.162,0.0686,0.961,-12.6,132.077,low
The Mist: Pt. 1,"Frans Bak, Mari Samuelsen, Hakon Samuelsen, Keld Haaning Ibsen, TrondheimSolistene",20,ambient,0.0663,0.137,0.0596,0.983,-18.334,75.588,low
The Mist: Pt. 2,"Frans Bak, Mari Samuelsen, Hakon Samuelsen, Keld Haaning Ibsen, TrondheimSolistene",17,ambient,0.196,0.189,0.106,0.987,-14.51,135.98,low
The Mist: Pt. 3,"Frans Bak, Mari Samuelsen, Hakon Samuelsen, Keld Haaning Ibsen, TrondheimSolistene",17,ambient,0.0391,0.252,0.13,0.951,-21.635,67.4,low
Darf ich ...,"Arvo Pärt, Mari Samuelsen, TrondheimSolistene",14,ambient,0.0193,0.2,0.0382,0.961,-17.298,100.334,low
Love & Rage,"Johan Söderqvist, Mari Samuelsen, TrondheimSolistene",15,ambient,0.138,0.233,0.0346,0.904,-15.585,87.528,low
"Study In Rituals, Prelude","Mari Samuelsen, Hakon Samuelsen, Johan Söderqvist, Uno Helmersson, TrondheimSolistene",18,ambient,0.0172,0.159,0.0297,0.941,-31.017,74.931,low
Ana Delay,Kanari Music,12,arabic,0.336,0.454,0.4,0.943,-12.76,149.638,low
Kolaymi,"Brian Keane, Omar Faruk Tekbilek",35,arabic,0.251,0.522,0.414,0.802,-20.421,152.037,low
Last Moments of Love,Omar Faruk Tekbilek,26,arabic,0.295,0.251,0.597,0.916,-15.441,155.936,low
Hasret,Omar Faruk Tekbilek,34,arabic,0.235,0.647,0.35,0.875,-18.303,110.155,low
鸿影,变奏的梦想,44,world,0.106,0.643,0.262,0.962,-15.241,143.972,low
Dance of The Lotus,Yume.Play,41,world,0.4,0.686,0.293,0.514,-8.546,147.941,low
灵魂的和谐,赵燮,41,world,0.106,0.389,0.161,0.983,-19.97,135.693,low
晨风,赵燮,34,world,0.0281,0.51,0.239,0.759,-19.711,115.416,low
长安不良帅 - 变奏版,小vie,37,world,0.328,0.483,0.139,0.888,-11.602,82.981,low
壊れやすい心,hopeless_0taku,36,world,0.202,0.564,0.168,0.931,-14.361,113.956,low
Crimson Lanterns,Kuroki,32,world,0.147,0.796,0.568,0.501,-16.089,97.493,low
风和树叶,浩宇,32,world,0.23,0.474,0.343,0.101,-17.34,68.529,low
缥缃醉 - 纯音乐,"刘珂矣, 百慕三石",39,world,0.309,0.655,0.14,0.946,-6.787,135.783,low
情缘,小vie,31,world,0.321,0.18,0.04,0.716,-12.766,89.265,low
Lotus,Kuroki,31,world,0.272,0.625,0.284,0.00219,-15.776,143.741,low
Mystic Cascade,Yume.Play,37,world,0.192,0.62,0.225,0.424,-10.819,120.152,low
暖かい,hopeless_0taku,33,world,0.26,0.388,0.0441,0.974,-10.388,116.501,low
无条件的爱,赵燮,39,world,0.195,0.404,0.356,0.914,-16.008,116.915,low
The Night Whisperer,Kuroki,32,world,0.135,0.503,0.532,0.95,-18.121,118.0,low
风之歌,浩宇,33,world,0.125,0.315,0.295,0.846,-18.076,86.05,low
"跨越千山,仍未见你的模样","变奏的梦想, 喵步小雨中",35,world,0.223,0.579,0.0634,0.848,-14.545,96.001,low
跳舞的叶子,浩宇,33,world,0.0379,0.462,0.475,0.972,-25.122,67.539,low
Nature's Wishes,Yume.Play,36,world,0.327,0.721,0.211,0.716,-11.461,133.935,low
暖山 - 纯音乐,"刘珂矣, 百慕三石",41,world,0.23,0.465,0.143,0.894,-13.52,139.957,low
如絲古風（輕音樂）,原調音樂,35,world,0.13,0.688,0.302,0.943,-13.376,128.073,low
被遗忘者的故事,浩宇,30,world,0.0869,0.687,0.49,0.894,-16.182,144.325,low
The Night's Tranquility,Kuroki,35,world,0.155,0.606,0.642,0.71,-15.136,83.977,low
重生的生命,赵燮,36,world,0.277,0.721,0.187,0.856,-12.63,132.057,low
Promise of Prosperity,Yume.Play,34,world,0.386,0.519,0.313,0.68,-12.732,142.127,low
朝花夕拾,小vie,24,world,0.254,0.443,0.136,0.228,-15.122,153.975,low
闪亮的月亮,浩宇,33,world,0.0727,0.482,0.37,0.949,-21.779,129.911,low
Enchanted Journeys,Yume.Play,36,world,0.394,0.701,0.0554,0.356,-12.084,132.168,low
Summer in Fujian,Kuroki,37,world,0.301,0.696,0.488,0.581,-9.667,82.986,low
湖边小路,赵燮,37,world,0.201,0.326,0.218,0.692,-13.826,113.001,low
A Mild Tale Untold,HOYO-MiX,36,world,0.107,0.502,0.403,0.986,-16.535,139.803,low
风誓 - 纯音乐,"刘珂矣, 百慕三石",37,world,0.281,0.465,0.174,0.536,-15.446,75.019,low
生锈的叶子,浩宇,27,world,0.151,0.662,0.322,0.317,-16.44,85.976,low
穿过开阔的田野,赵燮,28,world,0.165,0.709,0.537,0.853,-18.894,145.91,low
Mist Veil Over Falls,Yume.Play,33,world,0.14,0.621,0.279,0.921,-12.355,135.982,low
黯然,小vie,31,world,0.341,0.385,0.133,0.901,-11.199,80.046,low
Painted Heart,"Kuroki, Yume.Play",34,world,0.324,0.695,0.207,0.719,-10.746,144.087,low
Quiet Reflections,Lemage,21,world,0.107,0.68,0.392,0.992,-19.484,100.045,low
Serenade of The wind,Yume.Play,37,world,0.258,0.57,0.174,0.665,-11.248,134.008,low
清狂《只画水墨》游戏插曲 - 洞箫版,小vie,31,world,0.313,0.446,0.076,0.878,-13.04,125.0,low
Serenity,Yume.Play,36,world,0.385,0.598,0.104,0.325,-11.237,68.999,low
Winding River,Lemage,34,world,0.195,0.419,0.189,0.925,-17.166,79.933,low
Mezame,Yume.Play,39,world,0.493,0.641,0.0555,0.0261,-9.542,120.101,low
月亮的传说,赵燮,33,world,0.314,0.243,0.207,0.658,-13.96,142.295,low
Fallen Kingdom,Yume.Play,36,world,0.252,0.422,0.0776,0.925,-14.018,129.869,low
巫女,浩宇,26,world,0.124,0.771,0.409,0.85,-22.334,95.992,low
Endless Love,"Kuroki, Yume.Play",35,world,0.295,0.762,0.345,0.758,-10.089,134.087,low
永恒的雨,赵燮,31,world,0.318,0.571,0.134,0.802,-15.924,77.178,low
Windy Hill,"Kuroki, Lemage",34,world,0.286,0.699,0.47,0.666,-14.09,148.042,low
江上清风游,变奏的梦想,36,world,0.153,0.622,0.137,0.941,-15.447,80.004,low
Lotus Rain,Kuroki,35,world,0.326,0.772,0.207,0.673,-10.038,139.943,low
心的旅程,浩宇,25,world,0.487,0.752,0.639,0.224,-13.482,102.996,low
恬靜古風（輕音樂）,原調音樂,27,world,0.201,0.768,0.379,0.974,-10.335,128.096,low
Walala Wasala,"Sam Deep, Zuma, LeeMcKrazy, The Bless",14,afrobeats,0.641,0.779,0.405,0.0147,-12.699,113.95,low
"Biri Marung (feat. Sje Konka, Focalistic, DJ Maphorisa, Scotts Maphuma & CowBoii)","Mr Pilato, Ego Slimflow, Tebogo G Mashego, SJE Konka, Focalistic, DJ Maphorisa, Scotts Maphuma, CowBoii",63,afrobeats,0.588,0.848,0.301,0.00115,-10.935,113.002,low
Wishi Wishi (feat. Scotts Maphuma & Young Stunna),"Kabza De Small, Vigro Deep, DJ Maphorisa, Scotts Maphuma, Young Stunna",64,afrobeats,0.622,0.861,0.413,0.0632,-12.417,112.009,low
Iza Mawala (feat. Dladla Mshunqisi & Goldmax),"Tycoon, Sly, Kabza De Small, Dladla Mshunqisi, Goldmax",58,afrobeats,0.675,0.837,0.472,0.0117,-15.098,113.008,low
Ucingo,"Zee Nxumalo, Sly, GL_Ceejay, Kabza De Small, Shakes & Les",44,afrobeats,0.18,0.698,0.513,0.933,-15.899,138.178,low
Shayi'Moto (feat. Seemah & Yanda Woods),"Mellow & Sleazy, Scotts Maphuma, Mr Pilato, Seemah, Yanda Woods",54,afrobeats,0.773,0.853,0.513,0.0275,-10.387,112.002,low
"Intsango (feat. Marsey, CowBoii, Khalil Harrison, Ceeka RSA & Tyrone Dee)","Tyler ICU, DJ Exit, Khalil Harrison, Marsey, CowBoii, Ceeka RSA, Tyrone Dee",45,afrobeats,0.54,0.831,0.232,0.0052,-9.928,113.005,low
Amakhehla,"Vigro Deep, Freddy K, Mr. JazziQ, Scotts Maphuma, CowBoii",48,afrobeats,0.878,0.839,0.562,0.134,-5.279,111.996,low
Yebo Lapho (Gogo) (feat. DJ Maphorisa & Djy Biza),"Felo Le Tee, Scotts Maphuma, Thabza Tee, DJ Maphorisa, Djy Biza",63,afrobeats,0.933,0.831,0.608,0.00132,-7.137,113.0,low
"Abo Nokthula (feat. The Exclusive SA, Scotts Maphuma, Kabelo Sings, Bontle Smith, 2woshort & Stompiiey)","TNK MusiQ, LeeMcKrazy, Seun1401, The Exclusive SA, Scotts Maphuma, Kabelo Sings, Bontle Smith, 2woshort, Stompiiey",53,afrobeats,0.539,0.943,0.45,0.0512,-8.398,112.008,low
Zase England,"Blacko SA, Mellow & Sleazy, Scotts Maphuma",62,afrobeats,0.582,0.872,0.31,0.0417,-11.882,112.014,low
Khuphuka,"Royal MusiQ, 2woBunnies, Djy Biza",52,afrobeats,0.402,0.908,0.421,0.0188,-11.343,112.023,low
"Khuluma (feat. LilyFaith, Lowsheen & Theo Kgosinkwe)","OSKIDO, Master KG, MaWhoo, LilyFaith, Lowsheen, Theo Kgosinkwe",38,afrobeats,0.773,0.873,0.836,0.0351,-7.802,113.018,low
Lalela,"Amu Classic, Kappie, Djy Vino, Eemoh, Mpho Spizzy, Chronic Killer",45,afrobeats,0.41,0.736,0.548,0.00577,-14.474,111.998,low
"Endofaya (feat. Eltee, Springle, ChocoDynasty & Mankay)","Pushkin RSA, Eltee, Springle, Choco Dynasty, ManKay",42,afrobeats,0.691,0.861,0.272,0.0182,-8.866,119.986,low
Diwa Kae,"De Mthuda, Kabza De Small, Young Stunna, Mkeyz, McKenzie, Mthunzi",48,afrobeats,0.573,0.867,0.728,0.00378,-14.403,112.995,low
Ng'limele (feat. Ceeka RSA),"Tyler ICU, Tumelo_za, Ceeka RSA",52,afrobeats,0.533,0.791,0.355,0.00745,-13.866,112.022,low
ma thousand,Musa Keys,40,afrobeats,0.58,0.834,0.885,0.048,-14.663,113.005,low
Pedi Ao Céu,Almir Guineto,23,brazilian,0.789,0.61,0.757,0.457,-7.859,91.086,low
Lama Nas Ruas,Almir Guineto,20,brazilian,0.651,0.535,0.476,0.575,-8.016,145.203,low
Saco Cheio,Almir Guineto,36,brazilian,0.784,0.739,0.807,0.552,-7.253,105.006,low
Pagode Da Dona Ivone,Mauro Diniz,18,brazilian,0.659,0.556,0.648,0.799,-10.307,115.676,low
A Batucada Dos Nossos Tantãs,Grupo Fundo De Quintal,48,brazilian,0.876,0.626,0.944,0.205,-6.873,100.767,low
Menina da Colina,Grupo Fundo De Quintal,26,brazilian,0.815,0.507,0.97,0.345,-7.54,102.461,low
No Nosso Fundo de Quintal,Grupo Fundo De Quintal,17,brazilian,0.919,0.442,0.939,0.753,-5.951,89.059,low
"Benza, Deus",Luiz Carlos Da Vila,12,brazilian,0.535,0.744,0.492,0.755,-8.235,93.972,low
"Vai Lá, Vai Lá",Grupo Fundo De Quintal,44,brazilian,0.853,0.543,0.922,0.119,-9.004,114.535,low
Frasco Pequeno,Grupo Fundo De Quintal,31,brazilian,0.494,0.639,0.897,0.397,-12.344,146.45,low
Pot-Pourri: Eu Não Sou o Que Ela Pensou/ Não Fique a Se Torturar/ Vai Pro Lado de Lá,Arlindo Cruz & Sombrinha,20,brazilian,0.696,0.694,0.768,0.216,-10.296,112.328,low
Pintou uma Lua Lá,Arlindo Cruz & Sombrinha,29,brazilian,0.627,0.569,0.766,0.112,-11.026,108.446,low
O Filho do Quitandeiro,Arlindo Cruz & Sombrinha,15,brazilian,0.724,0.697,0.91,0.123,-9.242,112.453,low
Da Música,Arlindo Cruz & Sombrinha,31,brazilian,0.618,0.458,0.805,0.0898,-10.615,83.056,low
Lucidez,Grupo Fundo De Quintal,31,brazilian,0.718,0.244,0.406,0.652,-7.665,93.026,low
A Amizade,Grupo Fundo De Quintal,22,brazilian,0.688,0.454,0.763,0.696,-8.636,99.438,low
Hoje tem samba,"Arlindo Cruz, Sombrinha",30,brazilian,0.812,0.464,0.87,0.668,-8.908,92.934,low
A Luz do Vencedor,Luiz Carlos Da Vila,20,brazilian,0.66,0.63,0.941,0.751,-8.47,93.994,low
Gamação,Luiz Carlos Da Vila,14,brazilian,0.698,0.644,0.966,0.688,-7.94,94.517,low
Summer Dreaming,"Bingo Players, Pure Shores",42,pop,0.891,0.656,0.928,0.000184,-5.287,123.975,low
Tears on the Dance Floor,Icona Pop,28,pop,0.88,0.7,0.341,0.115,-6.799,128.02,low
On My Love,"Zara Larsson, David Guetta",52,pop,0.688,0.492,0.316,0.0724,-4.989,123.069,low
Helpless,Andreas Moe,27,pop,0.675,0.629,0.623,0.0106,-6.158,126.986,low
Satama,KUUMAA,43,pop,0.633,0.783,0.886,0.0718,-6.052,125.011,low
Slutet av sommarn,Molly Sandén,57,pop,0.654,0.488,0.53,0.0252,-6.607,199.688,low
Hit The Ground,Lilly Ahlberg,11,pop,0.831,0.658,0.288,0.0609,-4.809,123.981,low
Svett,Peg Parnevik,39,pop,0.797,0.796,0.921,0.047,-5.002,130.021,low
Hot Fever Dream,Astrid S,40,pop,0.762,0.714,0.962,0.0465,-5.24,120.028,low
27,Albin Tingwall,17,pop,0.528,0.492,0.319,0.00617,-12.991,135.014,low
ICONIC,"Raaban, Julie Bergan",45,pop,0.866,0.672,0.646,0.145,-5.607,135.005,low
Wanted It To Be You,Sigrid,30,pop,0.847,0.536,0.321,0.0656,-3.52,129.934,low
You're Hired (feat. Ayra Starr),"NEIKED, Ayra Starr",48,pop,0.717,0.743,0.853,0.0562,-4.732,105.988,low
Hoida mut,Benjamin,41,pop,0.837,0.548,0.436,0.00325,-5.405,163.427,low
Tell Mama,ALMA,18,pop,0.701,0.682,0.679,0.0334,-5.575,117.997,low
Sweat,Isak Danielson,37,pop,0.543,0.545,0.513,0.249,-6.69,94.086,low
Winter Song,Zara Larsson,33,pop,0.386,0.445,0.197,0.823,-8.281,80.967,low
Bloodline,Astrid S,33,pop,0.866,0.594,0.855,0.0876,-5.416,130.037,low
Ingen e som solen,"Danny Saucedo, Mapei",36,pop,0.616,0.69,0.0823,0.0564,-5.198,99.927,low
Misemotional,sixten,32,pop,0.559,0.664,0.53,0.135,-8.809,125.021,low
Barn som deg,"Matoma, Gabrielle, Hver gang vi møtes",20,pop,0.689,0.677,0.158,0.0292,-6.087,119.054,low
24 Hours,Agnes,41,pop,0.799,0.595,0.666,0.000895,-5.714,119.931,low
Effortless,Jacqline,47,pop,0.889,0.585,0.645,0.00153,-4.693,104.979,low
För bra för att vara sant,Arwin,42,pop,0.641,0.599,0.65,0.1,-5.114,115.963,low
Kerran elämässä,Elias Kaskinen,23,pop,0.708,0.605,0.444,0.0137,-7.677,114.006,low
Ingen annan,"Niello, Lisa Ajax",15,pop,0.595,0.492,0.0921,0.205,-7.553,125.261,low
Mirror,Sigrid,44,pop,0.689,0.735,0.71,0.00381,-5.41,116.94,low
Lonely,LIAMOO,24,pop,0.825,0.644,0.593,0.0177,-3.591,103.051,low
Ta på mig,Oscar Zia,16,pop,0.701,0.739,0.722,0.00538,-8.151,110.054,low
Kysy mua ulos,Vesala,22,pop,0.84,0.662,0.369,0.0128,-7.124,124.018,low
Like U Used To,Eric Saade,15,pop,0.858,0.695,0.345,0.0505,-5.105,109.984,low
Sommarn är över (feat. Eah Jé),"estraden, Eah Jé",28,pop,0.574,0.675,0.571,0.519,-7.019,150.121,low
Frank Ocean,Julia Lov,17,pop,0.547,0.539,0.282,0.333,-6.675,101.96,low
Me ei kuuluta toisillemme,"Evelina, ANI",29,pop,0.82,0.556,0.492,0.19,-5.385,102.094,low
Faller tillbaks,"Albin Johnsén, Moa Michaeli",26,pop,0.382,0.593,0.731,0.822,-10.968,123.741,low
Sämsta jag kan få,lovad,20,pop,0.593,0.879,0.853,0.203,-6.347,120.057,low
Kärlekssjuk,HON,13,pop,0.623,0.711,0.78,0.166,-7.822,95.982,low
Hela dig,Felicia Takman,13,pop,0.35,0.641,0.332,0.819,-10.157,128.984,low
Någonstans i Stockholm,Alex Järvi,20,pop,0.736,0.622,0.395,0.014,-5.91,145.141,low
Fruen fra havet,Zupermaria,20,pop,0.584,0.726,0.116,0.0302,-8.015,120.019,low
Kyssa dig nu,estraden,24,pop,0.527,0.77,0.688,0.454,-5.77,89.983,low
Burning Bridges,Sigrid,37,pop,0.713,0.597,0.37,0.000949,-5.35,117.001,low
För mig själv,Alex Järvi,20,pop,0.707,0.658,0.792,0.0634,-5.474,111.017,low
Allt som inte blir som jag vill att de ska vara,Felicia Takman,16,pop,0.8,0.666,0.577,0.000363,-5.327,145.06,low
let go,Andreas Wijk,13,pop,0.538,0.808,0.579,0.0979,-5.889,121.992,low
If It Weren’t For You,Christopher,37,pop,0.709,0.677,0.459,0.00873,-3.867,160.982,low
Diskotek,"Jesper Jenset, vinni",26,pop,0.498,0.808,0.699,0.0532,-6.743,98.995,low
Ain't Leaving Now,Vargas & Lagola,29,pop,0.81,0.453,0.562,0.00759,-5.555,145.297,low
Sorry,Emma Steinbakken,22,pop,0.8,0.525,0.477,0.0565,-5.713,103.839,low
Flyg Fula Fluga Flyg,Hanna Ferm,37,pop,0.48,0.749,0.737,0.00607,-6.77,128.001,low
Jag Kan Inte Dansa,Rymdpojken,27,pop,0.689,0.648,0.718,0.0161,-6.376,76.954,low
Vi ska aldrig gå hem,Molly Sandén,35,pop,0.672,0.704,0.67,0.0165,-7.638,125.007,low
Dark,LIAMOO,15,pop,0.776,0.503,0.451,0.0718,-4.611,89.939,low
Rulla eftertexten,Felicia Takman,15,pop,0.657,0.564,0.54,0.0851,-6.959,90.012,low
Pixie's Parasol,Smith & Thell,31,pop,0.927,0.592,0.678,0.0138,-5.278,135.997,low
Lonely In A Crowd (feat. Joakim Berg),"Miriam Bryant, Joakim Berg",26,pop,0.448,0.631,0.43,0.253,-8.838,96.98,low
Sing it back,Rebecca & Fiona,17,pop,0.814,0.525,0.467,0.104,-7.516,117.796,low
Januari,L1NA,13,pop,0.456,0.658,0.465,0.454,-8.902,106.937,low
Love Me Blind,Molly Hammar,25,pop,0.609,0.341,0.404,0.108,-7.684,127.757,low
Start Walking,Tove Styrke,21,pop,0.778,0.569,0.464,0.039,-6.638,180.121,low
Høyt over havet,Chris Holsten,23,pop,0.556,0.621,0.304,0.068,-9.144,116.895,low
Bon Voyage,Dotter,18,pop,0.811,0.689,0.77,0.161,-2.954,159.998,low
Jag Lovar,Norlie & KKV,24,pop,0.802,0.461,0.488,0.00341,-4.779,155.144,low
Som du vill,Theo,38,pop,0.939,0.662,0.551,0.106,-3.98,115.053,low
Sista sommaren,Thomas Stenström,46,pop,0.743,0.572,0.772,0.0713,-4.813,96.979,low
Aldrig säga aldrig,Felicia Takman,16,pop,0.522,0.632,0.324,0.173,-8.968,140.07,low
För evigt,GULEED,25,pop,0.63,0.789,0.687,0.0852,-6.766,126.957,low
Musik Non Stop - Spotify Singles,Felicia Takman,25,pop,0.782,0.638,0.29,0.0118,-6.04,117.994,low
What You Were Made For,Måns Zelmerlöw,22,pop,0.717,0.587,0.778,0.00339,-4.534,169.945,low
Fint i mörker,Veronica Maggio,25,pop,0.861,0.72,0.488,0.352,-7.601,125.894,low
Bränner,Kim Cesarion,15,pop,0.732,0.761,0.52,0.25,-5.365,90.022,low
Everyone,Grandi,22,pop,0.69,0.799,0.404,0.511,-6.413,123.006,low
Only Good Die Young,Dotter,19,pop,0.709,0.694,0.332,0.0516,-5.957,121.948,low
Saknar inte dig - Moonshine Remix,"ALMEA, Moonshine",26,pop,0.705,0.73,0.344,0.446,-6.253,100.038,low
Du & jag,Poolkant,21,pop,0.813,0.545,0.343,0.0534,-8.315,93.0,low
Det Är Slut,Hanna Ferm,27,pop,0.633,0.731,0.412,0.12,-5.226,130.986,low
Jag vill inte ha dig tillbaks,"Lancelot, Clara Klingenström",35,pop,0.547,0.603,0.186,0.166,-6.462,102.976,low
Hångel på balkongen,Clara Klingenström,28,pop,0.494,0.35,0.0931,0.192,-6.472,146.553,low
Make It,Daniel Schulz,11,pop,0.744,0.652,0.684,0.434,-7.476,142.968,low
Går emot dig,Klockrent!,29,pop,0.586,0.554,0.368,0.0533,-6.178,89.01,low
For evig,Chris Holsten,28,pop,0.509,0.517,0.164,0.127,-8.226,94.874,low
Ihana kipu,"VIIVI, Robin Packalen",48,pop,0.649,0.68,0.44,0.0976,-9.009,140.063,low
Om inte du (feat. Rasmus Wahlgren),"Emilia Pantic, Rasmus Wahlgren",20,pop,0.537,0.609,0.364,0.0182,-6.635,89.988,low
Can’t Stay Away,Molly Hammar,32,pop,0.763,0.729,0.679,0.0694,-6.238,106.042,low
Sammumaton,BESS,33,pop,0.918,0.586,0.839,0.00343,-4.798,160.036,low
Dear Sandman,EMMY,30,pop,0.672,0.681,0.297,0.0463,-5.166,127.018,low
Över nu,HON,13,pop,0.865,0.68,0.572,0.356,-6.492,127.033,low
Håper du har det bra,Jesper Jenset,21,pop,0.688,0.668,0.788,0.105,-7.573,79.757,low
Dansa fult,Felicia Takman,21,pop,0.762,0.443,0.602,0.0189,-6.794,193.766,low
Så nära,Molly Hammar,47,pop,0.412,0.55,0.0986,0.366,-8.414,120.897,low
N-Y-T,Benjamin,25,pop,0.741,0.652,0.736,0.0319,-6.294,125.977,low
Välkommen Åter,"Hanna Ferm, Junie",47,pop,0.675,0.775,0.907,0.133,-5.43,139.968,low
Superstar,Darin,19,pop,0.941,0.672,0.578,0.00297,-3.345,116.007,low
GAY,Benjamin,36,pop,0.794,0.698,0.913,0.00857,-5.055,130.967,low
Another Stranger,Hedda Mae,14,pop,0.663,0.621,0.601,0.0147,-5.216,90.191,low
Lättdistraherad,Dotter,17,pop,0.812,0.745,0.82,0.067,-4.226,121.004,low
Distant,Hanne Mjøen,11,pop,0.732,0.644,0.696,0.12,-5.214,154.999,low
Mehän vaan tanssittiin,Tuure Boelius,17,pop,0.696,0.78,0.638,0.0076,-6.071,107.011,low
Till Solen Brinner Ut,Rymdpojken,23,pop,0.79,0.395,0.136,0.00312,-6.45,74.933,low
It Ain't You,Hedda Mae,11,pop,0.662,0.717,0.568,0.0148,-5.877,116.948,low
Arigato,Julie Bergan,38,pop,0.551,0.403,0.315,0.00399,-5.615,75.704,low
"Not Too Young, Pt. 2",Sabina Ddumba,23,pop,0.662,0.544,0.196,0.00418,-7.462,91.989,low
Smaller,Erik Hassle,25,pop,0.728,0.405,0.342,0.415,-4.76,188.701,low
Worth Something,Isac Elliot,12,pop,0.839,0.666,0.303,0.124,-5.267,123.069,low
High,Jesper Jenset,29,pop,0.8,0.486,0.441,0.263,-3.946,100.008,low
Beautiful Heartbeat (feat. Frida Sundemo) - Radio Edit,"MORTEN, Frida Sundemo",15,pop,0.575,0.321,0.119,0.158,-8.598,78.364,low
Euphoria,Loreen,65,pop,0.679,0.518,0.106,0.079,-5.406,132.146,low
Magical,"Tungevaag, Raaban",29,pop,0.912,0.504,0.248,0.199,-2.867,189.983,low
Spaceship,Comet Blue,29,pop,0.723,0.676,0.624,0.077,-7.213,117.977,low
Lucky You,Linda Sundblad,12,pop,0.837,0.674,0.943,0.16,-1.618,123.001,low
All About The Games - Official Swedish Song For Rio 2016,John Lundvik,11,pop,0.769,0.624,0.46,0.000535,-5.862,124.043,low
Hanging on to Nothing,Måns Zelmerlöw,15,pop,0.752,0.608,0.486,0.134,-5.652,113.804,low
Au Volant,Elsa & Emilie,41,pop,0.58,0.506,0.304,0.476,-7.629,127.973,low
Alive,Madden,34,pop,0.715,0.488,0.361,0.0202,-4.587,95.996,low
A Million Years,Mariette,28,pop,0.679,0.497,0.191,0.127,-3.996,111.594,low
The Sun,Frida Sundemo,27,pop,0.429,0.341,0.188,0.892,-13.173,125.868,low
Burn,LIAMOO,12,pop,0.716,0.587,0.487,0.00649,-6.19,102.038,low
Don't Tell Ma,Peg Parnevik,17,pop,0.804,0.647,0.55,0.0323,-5.815,97.018,low
Too Good To Be True,Rhys,14,pop,0.656,0.669,0.592,0.0991,-7.1,102.062,low
Same Moon,Juliander,20,pop,0.494,0.612,0.405,0.381,-9.617,79.315,low
Lovesick (feat. Liza Owen),"SJUR, Liza Owen",21,pop,0.695,0.705,0.678,0.0697,-4.616,106.031,low
Strongest,Ina Wroldsen,22,pop,0.595,0.538,0.334,0.0874,-7.398,183.736,low
Here With Me,Elina,44,pop,0.267,0.433,0.255,0.681,-10.419,93.072,low
Alltid god,Impuls,13,pop,0.648,0.457,0.503,0.163,-6.458,167.966,low
Den som e den,Molly Sandén,37,pop,0.797,0.671,0.524,0.0162,-6.78,118.071,low
Blue Flag / Fun Things,Jesper Jenset,11,pop,0.544,0.729,0.701,0.171,-8.003,80.989,low
Shadows,Alphabeat,28,pop,0.829,0.703,0.902,0.00092,-4.964,122.098,low
STFU,Julie Bergan,34,pop,0.721,0.681,0.532,0.0494,-6.07,101.974,low
Sight Of You,Sigrid,36,pop,0.85,0.69,0.47,0.0155,-5.99,129.918,low
Time Machine,Chris Holsten,24,pop,0.77,0.733,0.393,0.456,-6.706,106.016,low
Say Something,Matilda,13,pop,0.542,0.605,0.285,0.593,-6.767,171.867,low
Losing You,Oscar Stembridge,14,pop,0.793,0.696,0.83,0.259,-4.922,110.11,low
24,SKAAR,14,pop,0.663,0.593,0.418,0.0162,-6.045,154.865,low
Endaro Mahanubhavulu - Sri - Adi,"Tyagaraja, M. Balamuralikrishna",19,indian,0.533,0.484,0.667,0.903,-11.177,148.813,low
Jaya Jaya - Dhanyasi - Adi,"Tyagaraja, M. Balamuralikrishna",15,indian,0.857,0.686,0.863,0.888,-3.946,126.412,low
Kalaharana - Atana - Adi,"Tyagaraja, M. Balamuralikrishna",13,indian,0.656,0.43,0.761,0.677,-8.58,92.121,low
Maha Ganapatim - Nata,T. N. Krishnan,20,indian,0.342,0.486,0.302,0.655,-21.4,122.145,low
Bhaja Govindam,M. S. Subbulakshmi,33,indian,0.424,0.352,0.605,0.965,-8.009,75.466,low
Varnam,Jayanthi Kumaresh,22,indian,0.349,0.471,0.358,0.975,-16.633,147.193,low
"Sarasuda Varnam (Raga Saveri, Aadi Tala): Jaya Jaya (Raga Nattai, Khanda Chapu Tala)","Nirmala Rajasekar, Raghavendra Rao, Tanjore K. Murugaboopathi, V. Suresh",18,indian,0.595,0.436,0.87,0.816,-11.494,174.308,low
Raga Karnaranjani,Ganesh & Kumaresh,23,indian,0.591,0.489,0.689,0.948,-10.843,174.76,low
Nagumomu - Abheri - Adi - Live,Sudha Ragunathan,14,indian,0.816,0.27,0.591,0.853,-3.815,170.938,low
